Workbook

Sheet freq_diagrams
A1: 0,1Hz
A3: G' / gamma | X3: G" / gamma
A37: |Eta*| / gamma | X37: tan δ / gamma
A73: 0,5Hz
A75: G' / gamma | X75: G" / gamma
A109: |Eta*| / gamma | X109: tan δ / gamma
A145: 1Hz
A147: G' / gamma | X147: G" / gamma
A181: |Eta*| / gamma | X181: tan δ / gamma
A217: 5Hz
A219: G' / gamma | X219: G" / gamma
A253: |Eta*| / gamma | X253: tan δ / gamma
A289: 10Hz
A291: G' / gamma | X291: G" / gamma
A325: |Eta*| / gamma | X325: tan δ / gamma
A361: 20Hz
A363: G' / gamma | X363: G" / gamma
A397: |Eta*| / gamma | X397: tan δ / gamma

Sheet input_data
B1: D31_U=0v_30_points
B2: Частота 0,1 Гц | I2: Частота 0,5 Гц | P2: Частота 1 Гц | W2: Частота 5 Гц | AD2: Частота 10 Гц | AK2: Частота 20 Гц
B3: t_seg in s | C3: Tau in Pa | D3: G' in Pa | E3: G" in Pa | F3: |eta*| in Pas | G3: gamma | I3: t_seg in s | J3: Tau in Pa | K3: G' in Pa | L3: G" in Pa | M3: |eta*| in Pas | N3: gamma | P3: t_seg in s | Q3: Tau in Pa | R3: G' in Pa | S3: G" in Pa | T3: |eta*| in Pas | U3: gamma | W3: t_seg in s | X3: Tau in Pa | Y3: G' in Pa | Z3: G" in Pa | AA3: |eta*| in Pas | AB3: gamma | AD3: t_seg in s | AE3: Tau in Pa | AF3: G' in Pa | AG3: G" in Pa | AH3: |eta*| in Pas | AI3: gamma | AK3: t_seg in s | AL3: Tau in Pa | AM3: G' in Pa | AN3: G" in Pa | AO3: |eta*| in Pas | AP3: gamma
A4: 1|1 | H4: 1|1 | O4: 1|1 | V4: 1|1 | AC4: 1|1 | AJ4: 1|1
A5: 1|2 | H5: 1|2 | O5: 1|2 | V5: 1|2 | AC5: 1|2 | AJ5: 1|2
A6: 1|3 | H6: 1|3 | O6: 1|3 | V6: 1|3 | AC6: 1|3 | AJ6: 1|3
A7: 1|4 | H7: 1|4 | O7: 1|4 | V7: 1|4 | AC7: 1|4 | AJ7: 1|4
A8: 1|5 | H8: 1|5 | O8: 1|5 | V8: 1|5 | AC8: 1|5 | AJ8: 1|5
A9: 1|6 | H9: 1|6 | O9: 1|6 | V9: 1|6 | AC9: 1|6 | AJ9: 1|6
A10: 1|7 | H10: 1|7 | O10: 1|7 | V10: 1|7 | AC10: 1|7 | AJ10: 1|7
A11: 1|8 | H11: 1|8 | O11: 1|8 | V11: 1|8 | AC11: 1|8 | AJ11: 1|8
A12: 1|9 | H12: 1|9 | O12: 1|9 | V12: 1|9 | AC12: 1|9 | AJ12: 1|9
A13: 1|10 | H13: 1|10 | O13: 1|10 | V13: 1|10 | AC13: 1|10 | AJ13: 1|10
A14: 1|11 | H14: 1|11 | O14: 1|11 | V14: 1|11 | AC14: 1|11 | AJ14: 1|11
A15: 1|12 | H15: 1|12 | O15: 1|12 | V15: 1|12 | AC15: 1|12 | AJ15: 1|12
... A33: 1|30 | H33: 1|30 | O33: 1|30 | V33: 1|30 | AC33: 1|30 | AJ33: 1|30
B36: D31_U=500v_30_points
B37: Частота 0,1 Гц | I37: Частота 0,5 Гц | P37: Частота 1 Гц | W37: Частота 5 Гц | AD37: Частота 10 Гц | AK37: Частота 20 Гц
B38: t_seg in s | C38: Tau in Pa | D38: G' in Pa | E38: G" in Pa | F38: |eta*| in Pas | G38: gamma | I38: t_seg in s | J38: Tau in Pa | K38: G' in Pa | L38: G" in Pa | M38: |eta*| in Pas | N38: gamma | P38: t_seg in s | Q38: Tau in Pa | R38: G' in Pa | S38: G" in Pa | T38: |eta*| in Pas | U38: gamma | W38: t_seg in s | X38: Tau in Pa | Y38: G' in Pa | Z38: G" in Pa | AA38: |eta*| in Pas | AB38: gamma | AD38: t_seg in s | AE38: Tau in Pa | AF38: G' in Pa | AG38: G" in Pa | AH38: |eta*| in Pas | AI38: gamma | AK38: t_seg in s | AL38: Tau in Pa | AM38: G' in Pa | AN38: G" in Pa | AO38: |eta*| in Pas | AP38: gamma
A39: 1|1 | H39: 1|1 | O39: 1|1 | V39: 1|1 | AC39: 1|1 | AJ39: 1|1
A40: 1|2 | H40: 1|2 | O40: 1|2 | V40: 1|2 | AC40: 1|2 | AJ40: 1|2
A41: 1|3 | H41: 1|3 | O41: 1|3 | V41: 1|3 | AC41: 1|3 | AJ41: 1|3
A42: 1|4 | H42: 1|4 | O42: 1|4 | V42: 1|4 | AC42: 1|4 | AJ42: 1|4
A43: 1|5 | H43: 1|5 | O43: 1|5 | V43: 1|5 | AC43: 1|5 | AJ43: 1|5
A44: 1|6 | H44: 1|6 | O44: 1|6 | V44: 1|6 | AC44: 1|6 | AJ44: 1|6
A45: 1|7 | H45: 1|7 | O45: 1|7 | V45: 1|7 | AC45: 1|7 | AJ45: 1|7
A46: 1|8 | H46: 1|8 | O46: 1|8 | V46: 1|8 | AC46: 1|8 | AJ46: 1|8
A47: 1|9 | H47: 1|9 | O47: 1|9 | V47: 1|9 | AC47: 1|9 | AJ47: 1|9
A48: 1|10 | H48: 1|10 | O48: 1|10 | V48: 1|10 | AC48: 1|10 | AJ48: 1|10
A49: 1|11 | H49: 1|11 | O49: 1|11 | V49: 1|11 | AC49: 1|11 | AJ49: 1|11
A50: 1|12 | H50: 1|12 | O50: 1|12 | V50: 1|12 | AC50: 1|12 | AJ50: 1|12
... A68: 1|30 | H68: 1|30 | O68: 1|30 | V68: 1|30 | AC68: 1|30 | AJ68: 1|30
B70: D31_U=1000v_30_points
B71: Частота 0,1 Гц | I71: Частота 0,5 Гц | P71: Частота 1 Гц | W71: Частота 5 Гц | AD71: Частота 10 Гц | AK71: Частота 20 Гц
B72: t_seg in s | C72: Tau in Pa | D72: G' in Pa | E72: G" in Pa | F72: |eta*| in Pas | G72: gamma | I72: t_seg in s | J72: Tau in Pa | K72: G' in Pa | L72: G" in Pa | M72: |eta*| in Pas | N72: gamma | P72: t_seg in s | Q72: Tau in Pa | R72: G' in Pa | S72: G" in Pa | T72: |eta*| in Pas | U72: gamma | W72: t_seg in s | X72: Tau in Pa | Y72: G' in Pa | Z72: G" in Pa | AA72: |eta*| in Pas | AB72: gamma | AD72: t_seg in s | AE72: Tau in Pa | AF72: G' in Pa | AG72: G" in Pa | AH72: |eta*| in Pas | AI72: gamma | AK72: t_seg in s | AL72: Tau in Pa | AM72: G' in Pa | AN72: G" in Pa | AO72: |eta*| in Pas | AP72: gamma
A73: 1|1 | H73: 1|1 | O73: 1|1 | V73: 1|1 | AC73: 1|1 | AJ73: 1|1
A74: 1|2 | H74: 1|2 | O74: 1|2 | V74: 1|2 | AC74: 1|2 | AJ74: 1|2
A75: 1|3 | H75: 1|3 | O75: 1|3 | V75: 1|3 | AC75: 1|3 | AJ75: 1|3
A76: 1|4 | H76: 1|4 | O76: 1|4 | V76: 1|4 | AC76: 1|4 | AJ76: 1|4
A77: 1|5 | H77: 1|5 | O77: 1|5 | V77: 1|5 | AC77: 1|5 | AJ77: 1|5
A78: 1|6 | H78: 1|6 | O78: 1|6 | V78: 1|6 | AC78: 1|6 | AJ78: 1|6
A79: 1|7 | H79: 1|7 | O79: 1|7 | V79: 1|7 | AC79: 1|7 | AJ79: 1|7
A80: 1|8 | H80: 1|8 | O80: 1|8 | V80: 1|8 | AC80: 1|8 | AJ80: 1|8
A81: 1|9 | H81: 1|9 | O81: 1|9 | V81: 1|9 | AC81: 1|9 | AJ81: 1|9
A82: 1|10 | H82: 1|10 | O82: 1|10 | V82: 1|10 | AC82: 1|10 | AJ82: 1|10
A83: 1|11 | H83: 1|11 | O83: 1|11 | V83: 1|11 | AC83: 1|11 | AJ83: 1|11
A84: 1|12 | H84: 1|12 | O84: 1|12 | V84: 1|12 | AC84: 1|12 | AJ84: 1|12
... A102: 1|30 | H102: 1|30 | O102: 1|30 | V102: 1|30 | AC102: 1|30 | AJ102: 1|30
B104: D31_U=1500v_30_points
B105: Частота 0,1 Гц | I105: Частота 0,5 Гц | P105: Частота 1 Гц | W105: Частота 5 Гц | AD105: Частота 10 Гц | AK105: Частота 20 Гц
B106: t_seg in s | C106: Tau in Pa | D106: G' in Pa | E106: G" in Pa | F106: |eta*| in Pas | G106: gamma | I106: t_seg in s | J106: Tau in Pa | K106: G' in Pa | L106: G" in Pa | M106: |eta*| in Pas | N106: gamma | P106: t_seg in s | Q106: Tau in Pa | R106: G' in Pa | S106: G" in Pa | T106: |eta*| in Pas | U106: gamma | W106: t_seg in s | X106: Tau in Pa | Y106: G' in Pa | Z106: G" in Pa | AA106: |eta*| in Pas | AB106: gamma | AD106: t_seg in s | AE106: Tau in Pa | AF106: G' in Pa | AG106: G" in Pa | AH106: |eta*| in Pas | AI106: gamma | AK106: t_seg in s | AL106: Tau in Pa | AM106: G' in Pa | AN106: G" in Pa | AO106: |eta*| in Pas | AP106: gamma
A107: 1|1 | H107: 1|1 | O107: 1|1 | V107: 1|1 | AC107: 1|1 | AJ107: 1|1
A108: 1|2 | H108: 1|2 | O108: 1|2 | V108: 1|2 | AC108: 1|2 | AJ108: 1|2
A109: 1|3 | H109: 1|3 | O109: 1|3 | V109: 1|3 | AC109: 1|3 | AJ109: 1|3
A110: 1|4 | H110: 1|4 | O110: 1|4 | V110: 1|4 | AC110: 1|4 | AJ110: 1|4
A111: 1|5 | H111: 1|5 | O111: 1|5 | V111: 1|5 | AC111: 1|5 | AJ111: 1|5
A112: 1|6 | H112: 1|6 | O112: 1|6 | V112: 1|6 | AC112: 1|6 | AJ112: 1|6
A113: 1|7 | H113: 1|7 | O113: 1|7 | V113: 1|7 | AC113: 1|7 | AJ113: 1|7
A114: 1|8 | H114: 1|8 | O114: 1|8 | V114: 1|8 | AC114: 1|8 | AJ114: 1|8
A115: 1|9 | H115: 1|9 | O115: 1|9 | V115: 1|9 | AC115: 1|9 | AJ115: 1|9
A116: 1|10 | H116: 1|10 | O116: 1|10 | V116: 1|10 | AC116: 1|10 | AJ116: 1|10
A117: 1|11 | H117: 1|11 | O117: 1|11 | V117: 1|11 | AC117: 1|11 | AJ117: 1|11
A118: 1|12 | H118: 1|12 | O118: 1|12 | V118: 1|12 | AC118: 1|12 | AJ118: 1|12
... A136: 1|30 | H136: 1|30 | O136: 1|30 | V136: 1|30 | AC136: 1|30 | AJ136: 1|30
B137: D31_U=2000v_30_points
B138: Частота 0,1 Гц | I138: Частота 0,5 Гц | P138: Частота 1 Гц | W138: Частота 5 Гц | AD138: Частота 10 Гц | AK138: Частота 20 Гц
B139: t_seg in s | C139: Tau in Pa | D139: G' in Pa | E139: G" in Pa | F139: |eta*| in Pas | G139: gamma | I139: t_seg in s | J139: Tau in Pa | K139: G' in Pa | L139: G" in Pa | M139: |eta*| in Pas | N139: gamma | P139: t_seg in s | Q139: Tau in Pa | R139: G' in Pa | S139: G" in Pa | T139: |eta*| in Pas | U139: gamma | W139: t_seg in s | X139: Tau in Pa | Y139: G' in Pa | Z139: G" in Pa | AA139: |eta*| in Pas | AB139: gamma | AD139: t_seg in s | AE139: Tau in Pa | AF139: G' in Pa | AG139: G" in Pa | AH139: |eta*| in Pas | AI139: gamma | AK139: t_seg in s | AL139: Tau in Pa | AM139: G' in Pa | AN139: G" in Pa | AO139: |eta*| in Pas | AP139: gamma
A140: 1|1 | H140: 1|1 | O140: 1|1 | V140: 1|1 | AC140: 1|1 | AJ140: 1|1
A141: 1|2 | H141: 1|2 | O141: 1|2 | V141: 1|2 | AC141: 1|2 | AJ141: 1|2
A142: 1|3 | H142: 1|3 | O142: 1|3 | V142: 1|3 | AC142: 1|3 | AJ142: 1|3
A143: 1|4 | H143: 1|4 | O143: 1|4 | V143: 1|4 | AC143: 1|4 | AJ143: 1|4
A144: 1|5 | H144: 1|5 | O144: 1|5 | V144: 1|5 | AC144: 1|5 | AJ144: 1|5
A145: 1|6 | H145: 1|6 | O145: 1|6 | V145: 1|6 | AC145: 1|6 | AJ145: 1|6
A146: 1|7 | H146: 1|7 | O146: 1|7 | V146: 1|7 | AC146: 1|7 | AJ146: 1|7
A147: 1|8 | H147: 1|8 | O147: 1|8 | V147: 1|8 | AC147: 1|8 | AJ147: 1|8
A148: 1|9 | H148: 1|9 | O148: 1|9 | V148: 1|9 | AC148: 1|9 | AJ148: 1|9
A149: 1|10 | H149: 1|10 | O149: 1|10 | V149: 1|10 | AC149: 1|10 | AJ149: 1|10
A150: 1|11 | H150: 1|11 | O150: 1|11 | V150: 1|11 | AC150: 1|11 | AJ150: 1|11
A151: 1|12 | H151: 1|12 | O151: 1|12 | V151: 1|12 | AC151: 1|12 | AJ151: 1|12
... A169: 1|30 | H169: 1|30 | O169: 1|30 | V169: 1|30 | AC169: 1|30 | AJ169: 1|30
B170: D31_U=2500v_30_points
B171: Частота 0,1 Гц | I171: Частота 0,5 Гц | P171: Частота 1 Гц | W171: Частота 5 Гц | AD171: Частота 10 Гц | AK171: Частота 20 Гц
B172: t_seg in s | C172: Tau in Pa | D172: G' in Pa | E172: G" in Pa | F172: |eta*| in Pas | G172: gamma | I172: t_seg in s | J172: Tau in Pa | K172: G' in Pa | L172: G" in Pa | M172: |eta*| in Pas | N172: gamma | P172: t_seg in s | Q172: Tau in Pa | R172: G' in Pa | S172: G" in Pa | T172: |eta*| in Pas | U172: gamma | W172: t_seg in s | X172: Tau in Pa | Y172: G' in Pa | Z172: G" in Pa | AA172: |eta*| in Pas | AB172: gamma | AD172: t_seg in s | AE172: Tau in Pa | AF172: G' in Pa | AG172: G" in Pa | AH172: |eta*| in Pas | AI172: gamma | AK172: t_seg in s | AL172: Tau in Pa | AM172: G' in Pa | AN172: G" in Pa | AO172: |eta*| in Pas | AP172: gamma
A173: 1|1 | H173: 1|1 | O173: 1|1 | V173: 1|1 | AC173: 1|1 | AJ173: 1|1
A174: 1|2 | H174: 1|2 | O174: 1|2 | V174: 1|2 | AC174: 1|2 | AJ174: 1|2
A175: 1|3 | H175: 1|3 | O175: 1|3 | V175: 1|3 | AC175: 1|3 | AJ175: 1|3
A176: 1|4 | H176: 1|4 | O176: 1|4 | V176: 1|4 | AC176: 1|4 | AJ176: 1|4
A177: 1|5 | H177: 1|5 | O177: 1|5 | V177: 1|5 | AC177: 1|5 | AJ177: 1|5
A178: 1|6 | H178: 1|6 | O178: 1|6 | V178: 1|6 | AC178: 1|6 | AJ178: 1|6
A179: 1|7 | H179: 1|7 | O179: 1|7 | V179: 1|7 | AC179: 1|7 | AJ179: 1|7
A180: 1|8 | H180: 1|8 | O180: 1|8 | V180: 1|8 | AC180: 1|8 | AJ180: 1|8
A181: 1|9 | H181: 1|9 | O181: 1|9 | V181: 1|9 | AC181: 1|9 | AJ181: 1|9
A182: 1|10 | H182: 1|10 | O182: 1|10 | V182: 1|10 | AC182: 1|10 | AJ182: 1|10
A183: 1|11 | H183: 1|11 | O183: 1|11 | V183: 1|11 | AC183: 1|11 | AJ183: 1|11
A184: 1|12 | H184: 1|12 | O184: 1|12 | V184: 1|12 | AC184: 1|12 | AJ184: 1|12
... A202: 1|30 | H202: 1|30 | O202: 1|30 | V202: 1|30 | AC202: 1|30 | AJ202: 1|30
B219: D33_U=0v_30_points
B220: Частота 0,1 Гц | I220: Частота 0,5 Гц | P220: Частота 1 Гц | W220: Частота 5 Гц | AD220: Частота 10 Гц | AK220: Частота 20 Гц
B221: t_seg in s | C221: Tau in Pa | D221: G' in Pa | E221: G" in Pa | F221: |eta*| in Pas | G221: gamma | I221: t_seg in s | J221: Tau in Pa | K221: G' in Pa | L221: G" in Pa | M221: |eta*| in Pas | N221: gamma | P221: t_seg in s | Q221: Tau in Pa | R221: G' in Pa | S221: G" in Pa | T221: |eta*| in Pas | U221: gamma | W221: t_seg in s | X221: Tau in Pa | Y221: G' in Pa | Z221: G" in Pa | AA221: |eta*| in Pas | AB221: gamma | AD221: t_seg in s | AE221: Tau in Pa | AF221: G' in Pa | AG221: G" in Pa | AH221: |eta*| in Pas | AI221: gamma | AK221: t_seg in s | AL221: Tau in Pa | AM221: G' in Pa | AN221: G" in Pa | AO221: |eta*| in Pas | AP221: gamma
A222: 1|1 | H222: 1|1 | O222: 1|1 | V222: 1|1 | AC222: 1|1 | AJ222: 1|1
...

Sheet output_data
A1: D31
A2: point | B2: f | C2: Gamma_0v | D2: G'_0v | E2: Gamma_500v | F2: G'_500v | G2: Gamma_1000v | H2: G'_1000v | I2: Gamma_1500v | J2: G'_1500v | K2: Gamma_2000v | L2: G'_2000v | M2: Gamma_2500v | N2: G'_2500v | O2: ---------- | P2: Gamma_0v | Q2: G"_0v | R2: Gamma_500v | S2: G"_500v | T2: Gamma_1000v | U2: G"_1000v | V2: Gamma_1500v | W2: G"_1500v | X2: Gamma_2000v | Y2: G"_2000v | Z2: Gamma_2500v | AA2: G"_2500v | AB2: ---------- | AC2: Gamma_0v | AD2: |Eta*|_0v | AE2: Gamma_500v | AF2: |Eta*|_500v | AG2: Gamma_1000v | AH2: |Eta*|_1000v | AI2: Gamma_1500v | AJ2: |Eta*|_1500v | AK2: Gamma_2000v | AL2: |Eta*|_2000v | AM2: Gamma_2500v | AN2: |Eta*|_2500v | AO2: ---------- | AP2: Tau_0v | AQ2: Tau_500v | AR2: Tau_1000v | AS2: Tau_1500v | AT2: Tau_2000v | AU2: Tau_2500v | AV2: ---------- | AW2: G'_0v | AX2: G"_0v | AY2: tan_δ_0v | AZ2: G'_500v | BA2: G"_500v | BB2: tan_δ_500v | BC2: G'_1000v | BD2: G"_1000v | BE2: tan_δ_1000v | BF2: G'_1500v | BG2: G"_1500v | BH2: tan_δ_1500v | BI2: G'_2000v | BJ2: G"_2000v | BK2: tan_δ_2000v | BL2: G'_2500v | BM2: G"_2500v | BN2: tan_δ_2500v | BO2: ---------- | BP2: tan_δ_0v | BQ2: tan_δ_500v | BR2: tan_δ_1000v | BS2: tan_δ_1500v | BT2: tan_δ_2000v | BU2: tan_δ_2500v
B3: Hz | D3: Pa | F3: Pa | H3: Pa | J3: Pa | L3: Pa | N3: Pa | O3: ---------- | Q3: Pa | S3: Pa | U3: Pa | W3: Pa | Y3: Pa | AA3: Pa | AB3: ---------- | AD3: Pas | AF3: Pas | AH3: Pas | AJ3: Pas | AL3: Pas | AN3: Pas | AO3: ---------- | AP3: Pa | AQ3: Pa | AR3: Pa | AS3: Pa | AT3: Pa | AU3: Pa | AV3: ---------- | AW3: Pa | AX3: Pa | AZ3: Pa | BA3: Pa | BC3: Pa | BD3: Pa | BF3: Pa | BG3: Pa | BI3: Pa | BJ3: Pa | BL3: Pa | BM3: Pa | BO3: ----------
C4: D31_0v | D4: D31_0v | E4: D31_500v | F4: D31_500v | G4: D31_1000v | H4: D31_1000v | I4: D31_1500v | J4: D31_1500v | K4: D31_2000v | L4: D31_2000v | M4: D31_2500v | N4: D31_2500v | O4: ---------- | P4: D31_0v | Q4: D31_0v | R4: D31_500v | S4: D31_500v | T4: D31_1000v | U4: D31_1000v | V4: D31_1500v | W4: D31_1500v | X4: D31_2000v | Y4: D31_2000v | Z4: D31_2500v | AA4: D31_2500v | AB4: ---------- | AC4: D31_0v | AD4: D31_0v | AE4: D31_500v | AF4: D31_500v | AG4: D31_1000v | AH4: D31_1000v | AI4: D31_1500v | AJ4: D31_1500v | AK4: D31_2000v | AL4: D31_2000v | AM4: D31_2500v | AN4: D31_2500v | AO4: ---------- | AP4: D31_0v | AQ4: D31_500v | AR4: D31_1000v | AS4: D31_1500v | AT4: D31_2000v | AU4: D31_2500v | AV4: ---------- | AW4: D31_0v | AX4: D31_0v | AY4: D31_0v | AZ4: D31_500v | BA4: D31_500v | BB4: D31_500v | BC4: D31_1000v | BD4: D31_1000v | BE4: D31_1000v | BF4: D31_1500v | BG4: D31_1500v | BH4: D31_1500v | BI4: D31_2000v | BJ4: D31_2000v | BK4: D31_2000v | BL4: D31_2500v | BM4: D31_2500v | BN4: D31_2500v | BO4: ---------- | BP4: D31_0v | BQ4: D31_500v | BR4: D31_1000v | BS4: D31_1500v | BT4: D31_2000v | BU4: D31_2500v
A5: Частота 0,1 Гц
A6: 1 | B6: 0.1 | C6: =IF(input_data!G4="","",input_data!G4) | D6: =IF(input_data!D4="","",input_data!D4) | E6: =IF(input_data!G39="","",input_data!G39) | F6: =IF(input_data!D39="","",input_data!D39) | G6: =IF(input_data!G73="","",input_data!G73) | H6: =IF(input_data!D73="","",input_data!D73) | I6: =IF(input_data!G107="","",input_data!G107) | J6: =IF(input_data!D107="","",input_data!D107) | K6: =IF(input_data!G140="","",input_data!G140) | L6: =IF(input_data!D140="","",input_data!D140) | M6: =IF(input_data!G173="","",input_data!G173) | N6: =IF(input_data!D173="","",input_data!D173) | O6: ---------- | P6: =IF(input_data!G4="","",input_data!G4) | Q6: =IF(input_data!E4="","",input_data!E4) | R6: =IF(input_data!G39="","",input_data!G39) | S6: =IF(input_data!E39="","",input_data!E39) | T6: =IF(input_data!G73="","",input_data!G73) | U6: =IF(input_data!E73="","",input_data!E73) | V6: =IF(input_data!G107="","",input_data!G107) | W6: =IF(input_data!E107="","",input_data!E107) | X6: =IF(input_data!G140="","",input_data!G140) | Y6: =IF(input_data!E140="","",input_data!E140) | Z6: =IF(input_data!G173="","",input_data!G173) | AA6: =IF(input_data!E173="","",input_data!E173) | AB6: ---------- | AC6: =IF(input_data!G4="","",input_data!G4) | AD6: =IF(input_data!F4="","",input_data!F4) | AE6: =IF(input_data!G39="","",input_data!G39) | AF6: =IF(input_data!F39="","",input_data!F39) | AG6: =IF(input_data!G73="","",input_data!G73) | AH6: =IF(input_data!F73="","",input_data!F73) | AI6: =IF(input_data!G107="","",input_data!G107) | AJ6: =IF(input_data!F107="","",input_data!F107) | AK6: =IF(input_data!G140="","",input_data!G140) | AL6: =IF(input_data!F140="","",input_data!F140) | AM6: =IF(input_data!G173="","",input_data!G173) | AN6: =IF(input_data!F173="","",input_data!F173) | AO6: ---------- | AP6: =IF(input_data!C4="","",input_data!C4) | AQ6: =IF(input_data!C39="","",input_data!C39) | AR6: =IF(input_data!C73="","",input_data!C73) | AS6: =IF(input_data!C107="","",input_data!C107) | AT6: =IF(input_data!C140="","",input_data!C140) | AU6: =IF(input_data!C173="","",input_data!C173) | AV6: ---------- | AW6: =IF(input_data!D4="","",input_data!D4) | AX6: =IF(input_data!E4="","",input_data!E4) | AY6: =IFERROR(IF(OR(AW6="",AX6=""),"",AX6/AW6),"") | AZ6: =IF(input_data!D39="","",input_data!D39) | BA6: =IF(input_data!E39="","",input_data!E39) | BB6: =IFERROR(IF(OR(AZ6="",BA6=""),"",BA6/AZ6),"") | BC6: =IF(input_data!D73="","",input_data!D73) | BD6: =IF(input_data!E73="","",input_data!E73) | BE6: =IFERROR(IF(OR(BC6="",BD6=""),"",BD6/BC6),"") | BF6: =IF(input_data!D107="","",input_data!D107) | BG6: =IF(input_data!E107="","",input_data!E107) | BH6: =IFERROR(IF(OR(BF6="",BG6=""),"",BG6/BF6),"") | BI6: =IF(input_data!D140="","",input_data!D140) | BJ6: =IF(input_data!E140="","",input_data!E140) | BK6: =IFERROR(IF(OR(BI6="",BJ6=""),"",BJ6/BI6),"") | BL6: =IF(input_data!D173="","",input_data!D173) | BM6: =IF(input_data!E173="","",input_data!E173) | BN6: =IFERROR(IF(OR(BL6="",BM6=""),"",BM6/BL6),"") | BO6: ---------- | BP6: =IF(AY6="","",AY6) | BQ6: =IF(BB6="","",BB6) | BR6: =IF(BE6="","",BE6) | BS6: =IF(BH6="","",BH6) | BT6: =IF(BK6="","",BK6) | BU6: =IF(BN6="","",BN6)
A7: 2 | B7: 0.1 | C7: =IF(input_data!G5="","",input_data!G5) | D7: =IF(input_data!D5="","",input_data!D5) | E7: =IF(input_data!G40="","",input_data!G40) | F7: =IF(input_data!D40="","",input_data!D40) | G7: =IF(input_data!G74="","",input_data!G74) | H7: =IF(input_data!D74="","",input_data!D74) | I7: =IF(input_data!G108="","",input_data!G108) | J7: =IF(input_data!D108="","",input_data!D108) | K7: =IF(input_data!G141="","",input_data!G141) | L7: =IF(input_data!D141="","",input_data!D141) | M7: =IF(input_data!G174="","",input_data!G174) | N7: =IF(input_data!D174="","",input_data!D174) | O7: ---------- | P7: =IF(input_data!G5="","",input_data!G5) | Q7: =IF(input_data!E5="","",input_data!E5) | R7: =IF(input_data!G40="","",input_data!G40) | S7: =IF(input_data!E40="","",input_data!E40) | T7: =IF(input_data!G74="","",input_data!G74) | U7: =IF(input_data!E74="","",input_data!E74) | V7: =IF(input_data!G108="","",input_data!G108) | W7: =IF(input_data!E108="","",input_data!E108) | X7: =IF(input_data!G141="","",input_data!G141) | Y7: =IF(input_data!E141="","",input_data!E141) | Z7: =IF(input_data!G174="","",input_data!G174) | AA7: =IF(input_data!E174="","",input_data!E174) | AB7: ---------- | AC7: =IF(input_data!G5="","",input_data!G5) | AD7: =IF(input_data!F5="","",input_data!F5) | AE7: =IF(input_data!G40="","",input_data!G40) | AF7: =IF(input_data!F40="","",input_data!F40) | AG7: =IF(input_data!G74="","",input_data!G74) | AH7: =IF(input_data!F74="","",input_data!F74) | AI7: =IF(input_data!G108="","",input_data!G108) | AJ7: =IF(input_data!F108="","",input_data!F108) | AK7: =IF(input_data!G141="","",input_data!G141) | AL7: =IF(input_data!F141="","",input_data!F141) | AM7: =IF(input_data!G174="","",input_data!G174) | AN7: =IF(input_data!F174="","",input_data!F174) | AO7: ---------- | AP7: =IF(input_data!C5="","",input_data!C5) | AQ7: =IF(input_data!C40="","",input_data!C40) | AR7: =IF(input_data!C74="","",input_data!C74) | AS7: =IF(input_data!C108="","",input_data!C108) | AT7: =IF(input_data!C141="","",input_data!C141) | AU7: =IF(input_data!C174="","",input_data!C174) | AV7: ---------- | AW7: =IF(input_data!D5="","",input_data!D5) | AX7: =IF(input_data!E5="","",input_data!E5) | AY7: =IFERROR(IF(OR(AW7="",AX7=""),"",AX7/AW7),"") | AZ7: =IF(input_data!D40="","",input_data!D40) | BA7: =IF(input_data!E40="","",input_data!E40) | BB7: =IFERROR(IF(OR(AZ7="",BA7=""),"",BA7/AZ7),"") | BC7: =IF(input_data!D74="","",input_data!D74) | BD7: =IF(input_data!E74="","",input_data!E74) | BE7: =IFERROR(IF(OR(BC7="",BD7=""),"",BD7/BC7),"") | BF7: =IF(input_data!D108="","",input_data!D108) | BG7: =IF(input_data!E108="","",input_data!E108) | BH7: =IFERROR(IF(OR(BF7="",BG7=""),"",BG7/BF7),"") | BI7: =IF(input_data!D141="","",input_data!D141) | BJ7: =IF(input_data!E141="","",input_data!E141) | BK7: =IFERROR(IF(OR(BI7="",BJ7=""),"",BJ7/BI7),"") | BL7: =IF(input_data!D174="","",input_data!D174) | BM7: =IF(input_data!E174="","",input_data!E174) | BN7: =IFERROR(IF(OR(BL7="",BM7=""),"",BM7/BL7),"") | BO7: ---------- | BP7: =IF(AY7="","",AY7) | BQ7: =IF(BB7="","",BB7) | BR7: =IF(BE7="","",BE7) | BS7: =IF(BH7="","",BH7) | BT7: =IF(BK7="","",BK7) | BU7: =IF(BN7="","",BN7)
A8: 3 | B8: 0.1 | C8: =IF(input_data!G6="","",input_data!G6) | D8: =IF(input_data!D6="","",input_data!D6) | E8: =IF(input_data!G41="","",input_data!G41) | F8: =IF(input_data!D41="","",input_data!D41) | G8: =IF(input_data!G75="","",input_data!G75) | H8: =IF(input_data!D75="","",input_data!D75) | I8: =IF(input_data!G109="","",input_data!G109) | J8: =IF(input_data!D109="","",input_data!D109) | K8: =IF(input_data!G142="","",input_data!G142) | L8: =IF(input_data!D142="","",input_data!D142) | M8: =IF(input_data!G175="","",input_data!G175) | N8: =IF(input_data!D175="","",input_data!D175) | O8: ---------- | P8: =IF(input_data!G6="","",input_data!G6) | Q8: =IF(input_data!E6="","",input_data!E6) | R8: =IF(input_data!G41="","",input_data!G41) | S8: =IF(input_data!E41="","",input_data!E41) | T8: =IF(input_data!G75="","",input_data!G75) | U8: =IF(input_data!E75="","",input_data!E75) | V8: =IF(input_data!G109="","",input_data!G109) | W8: =IF(input_data!E109="","",input_data!E109) | X8: =IF(input_data!G142="","",input_data!G142) | Y8: =IF(input_data!E142="","",input_data!E142) | Z8: =IF(input_data!G175="","",input_data!G175) | AA8: =IF(input_data!E175="","",input_data!E175) | AB8: ---------- | AC8: =IF(input_data!G6="","",input_data!G6) | AD8: =IF(input_data!F6="","",input_data!F6) | AE8: =IF(input_data!G41="","",input_data!G41) | AF8: =IF(input_data!F41="","",input_data!F41) | AG8: =IF(input_data!G75="","",input_data!G75) | AH8: =IF(input_data!F75="","",input_data!F75) | AI8: =IF(input_data!G109="","",input_data!G109) | AJ8: =IF(input_data!F109="","",input_data!F109) | AK8: =IF(input_data!G142="","",input_data!G142) | AL8: =IF(input_data!F142="","",input_data!F142) | AM8: =IF(input_data!G175="","",input_data!G175) | AN8: =IF(input_data!F175="","",input_data!F175) | AO8: ---------- | AP8: =IF(input_data!C6="","",input_data!C6) | AQ8: =IF(input_data!C41="","",input_data!C41) | AR8: =IF(input_data!C75="","",input_data!C75) | AS8: =IF(input_data!C109="","",input_data!C109) | AT8: =IF(input_data!C142="","",input_data!C142) | AU8: =IF(input_data!C175="","",input_data!C175) | AV8: ---------- | AW8: =IF(input_data!D6="","",input_data!D6) | AX8: =IF(input_data!E6="","",input_data!E6) | AY8: =IFERROR(IF(OR(AW8="",AX8=""),"",AX8/AW8),"") | AZ8: =IF(input_data!D41="","",input_data!D41) | BA8: =IF(input_data!E41="","",input_data!E41) | BB8: =IFERROR(IF(OR(AZ8="",BA8=""),"",BA8/AZ8),"") | BC8: =IF(input_data!D75="","",input_data!D75) | BD8: =IF(input_data!E75="","",input_data!E75) | BE8: =IFERROR(IF(OR(BC8="",BD8=""),"",BD8/BC8),"") | BF8: =IF(input_data!D109="","",input_data!D109) | BG8: =IF(input_data!E109="","",input_data!E109) | BH8: =IFERROR(IF(OR(BF8="",BG8=""),"",BG8/BF8),"") | BI8: =IF(input_data!D142="","",input_data!D142) | BJ8: =IF(input_data!E142="","",input_data!E142) | BK8: =IFERROR(IF(OR(BI8="",BJ8=""),"",BJ8/BI8),"") | BL8: =IF(input_data!D175="","",input_data!D175) | BM8: =IF(input_data!E175="","",input_data!E175) | BN8: =IFERROR(IF(OR(BL8="",BM8=""),"",BM8/BL8),"") | BO8: ---------- | BP8: =IF(AY8="","",AY8) | BQ8: =IF(BB8="","",BB8) | BR8: =IF(BE8="","",BE8) | BS8: =IF(BH8="","",BH8) | BT8: =IF(BK8="","",BK8) | BU8: =IF(BN8="","",BN8)
A9: 4 | B9: 0.1 | C9: =IF(input_data!G7="","",input_data!G7) | D9: =IF(input_data!D7="","",input_data!D7) | E9: =IF(input_data!G42="","",input_data!G42) | F9: =IF(input_data!D42="","",input_data!D42) | G9: =IF(input_data!G76="","",input_data!G76) | H9: =IF(input_data!D76="","",input_data!D76) | I9: =IF(input_data!G110="","",input_data!G110) | J9: =IF(input_data!D110="","",input_data!D110) | K9: =IF(input_data!G143="","",input_data!G143) | L9: =IF(input_data!D143="","",input_data!D143) | M9: =IF(input_data!G176="","",input_data!G176) | N9: =IF(input_data!D176="","",input_data!D176) | O9: ---------- | P9: =IF(input_data!G7="","",input_data!G7) | Q9: =IF(input_data!E7="","",input_data!E7) | R9: =IF(input_data!G42="","",input_data!G42) | S9: =IF(input_data!E42="","",input_data!E42) | T9: =IF(input_data!G76="","",input_data!G76) | U9: =IF(input_data!E76="","",input_data!E76) | V9: =IF(input_data!G110="","",input_data!G110) | W9: =IF(input_data!E110="","",input_data!E110) | X9: =IF(input_data!G143="","",input_data!G143) | Y9: =IF(input_data!E143="","",input_data!E143) | Z9: =IF(input_data!G176="","",input_data!G176) | AA9: =IF(input_data!E176="","",input_data!E176) | AB9: ---------- | AC9: =IF(input_data!G7="","",input_data!G7) | AD9: =IF(input_data!F7="","",input_data!F7) | AE9: =IF(input_data!G42="","",input_data!G42) | AF9: =IF(input_data!F42="","",input_data!F42) | AG9: =IF(input_data!G76="","",input_data!G76) | AH9: =IF(input_data!F76="","",input_data!F76) | AI9: =IF(input_data!G110="","",input_data!G110) | AJ9: =IF(input_data!F110="","",input_data!F110) | AK9: =IF(input_data!G143="","",input_data!G143) | AL9: =IF(input_data!F143="","",input_data!F143) | AM9: =IF(input_data!G176="","",input_data!G176) | AN9: =IF(input_data!F176="","",input_data!F176) | AO9: ---------- | AP9: =IF(input_data!C7="","",input_data!C7) | AQ9: =IF(input_data!C42="","",input_data!C42) | AR9: =IF(input_data!C76="","",input_data!C76) | AS9: =IF(input_data!C110="","",input_data!C110) | AT9: =IF(input_data!C143="","",input_data!C143) | AU9: =IF(input_data!C176="","",input_data!C176) | AV9: ---------- | AW9: =IF(input_data!D7="","",input_data!D7) | AX9: =IF(input_data!E7="","",input_data!E7) | AY9: =IFERROR(IF(OR(AW9="",AX9=""),"",AX9/AW9),"") | AZ9: =IF(input_data!D42="","",input_data!D42) | BA9: =IF(input_data!E42="","",input_data!E42) | BB9: =IFERROR(IF(OR(AZ9="",BA9=""),"",BA9/AZ9),"") | BC9: =IF(input_data!D76="","",input_data!D76) | BD9: =IF(input_data!E76="","",input_data!E76) | BE9: =IFERROR(IF(OR(BC9="",BD9=""),"",BD9/BC9),"") | BF9: =IF(input_data!D110="","",input_data!D110) | BG9: =IF(input_data!E110="","",input_data!E110) | BH9: =IFERROR(IF(OR(BF9="",BG9=""),"",BG9/BF9),"") | BI9: =IF(input_data!D143="","",input_data!D143) | BJ9: =IF(input_data!E143="","",input_data!E143) | BK9: =IFERROR(IF(OR(BI9="",BJ9=""),"",BJ9/BI9),"") | BL9: =IF(input_data!D176="","",input_data!D176) | BM9: =IF(input_data!E176="","",input_data!E176) | BN9: =IFERROR(IF(OR(BL9="",BM9=""),"",BM9/BL9),"") | BO9: ---------- | BP9: =IF(AY9="","",AY9) | BQ9: =IF(BB9="","",BB9) | BR9: =IF(BE9="","",BE9) | BS9: =IF(BH9="","",BH9) | BT9: =IF(BK9="","",BK9) | BU9: =IF(BN9="","",BN9)
A10: 5 | B10: 0.1 | C10: =IF(input_data!G8="","",input_data!G8) | D10: =IF(input_data!D8="","",input_data!D8) | E10: =IF(input_data!G43="","",input_data!G43) | F10: =IF(input_data!D43="","",input_data!D43) | G10: =IF(input_data!G77="","",input_data!G77) | H10: =IF(input_data!D77="","",input_data!D77) | I10: =IF(input_data!G111="","",input_data!G111) | J10: =IF(input_data!D111="","",input_data!D111) | K10: =IF(input_data!G144="","",input_data!G144) | L10: =IF(input_data!D144="","",input_data!D144) | M10: =IF(input_data!G177="","",input_data!G177) | N10: =IF(input_data!D177="","",input_data!D177) | O10: ---------- | P10: =IF(input_data!G8="","",input_data!G8) | Q10: =IF(input_data!E8="","",input_data!E8) | R10: =IF(input_data!G43="","",input_data!G43) | S10: =IF(input_data!E43="","",input_data!E43) | T10: =IF(input_data!G77="","",input_data!G77) | U10: =IF(input_data!E77="","",input_data!E77) | V10: =IF(input_data!G111="","",input_data!G111) | W10: =IF(input_data!E111="","",input_data!E111) | X10: =IF(input_data!G144="","",input_data!G144) | Y10: =IF(input_data!E144="","",input_data!E144) | Z10: =IF(input_data!G177="","",input_data!G177) | AA10: =IF(input_data!E177="","",input_data!E177) | AB10: ---------- | AC10: =IF(input_data!G8="","",input_data!G8) | AD10: =IF(input_data!F8="","",input_data!F8) | AE10: =IF(input_data!G43="","",input_data!G43) | AF10: =IF(input_data!F43="","",input_data!F43) | AG10: =IF(input_data!G77="","",input_data!G77) | AH10: =IF(input_data!F77="","",input_data!F77) | AI10: =IF(input_data!G111="","",input_data!G111) | AJ10: =IF(input_data!F111="","",input_data!F111) | AK10: =IF(input_data!G144="","",input_data!G144) | AL10: =IF(input_data!F144="","",input_data!F144) | AM10: =IF(input_data!G177="","",input_data!G177) | AN10: =IF(input_data!F177="","",input_data!F177) | AO10: ---------- | AP10: =IF(input_data!C8="","",input_data!C8) | AQ10: =IF(input_data!C43="","",input_data!C43) | AR10: =IF(input_data!C77="","",input_data!C77) | AS10: =IF(input_data!C111="","",input_data!C111) | AT10: =IF(input_data!C144="","",input_data!C144) | AU10: =IF(input_data!C177="","",input_data!C177) | AV10: ---------- | AW10: =IF(input_data!D8="","",input_data!D8) | AX10: =IF(input_data!E8="","",input_data!E8) | AY10: =IFERROR(IF(OR(AW10="",AX10=""),"",AX10/AW10),"") | AZ10: =IF(input_data!D43="","",input_data!D43) | BA10: =IF(input_data!E43="","",input_data!E43) | BB10: =IFERROR(IF(OR(AZ10="",BA10=""),"",BA10/AZ10),"") | BC10: =IF(input_data!D77="","",input_data!D77) | BD10: =IF(input_data!E77="","",input_data!E77) | BE10: =IFERROR(IF(OR(BC10="",BD10=""),"",BD10/BC10),"") | BF10: =IF(input_data!D111="","",input_data!D111) | BG10: =IF(input_data!E111="","",input_data!E111) | BH10: =IFERROR(IF(OR(BF10="",BG10=""),"",BG10/BF10),"") | BI10: =IF(input_data!D144="","",input_data!D144) | BJ10: =IF(input_data!E144="","",input_data!E144) | BK10: =IFERROR(IF(OR(BI10="",BJ10=""),"",BJ10/BI10),"") | BL10: =IF(input_data!D177="","",input_data!D177) | BM10: =IF(input_data!E177="","",input_data!E177) | BN10: =IFERROR(IF(OR(BL10="",BM10=""),"",BM10/BL10),"") | BO10: ---------- | BP10: =IF(AY10="","",AY10) | BQ10: =IF(BB10="","",BB10) | BR10: =IF(BE10="","",BE10) | BS10: =IF(BH10="","",BH10) | BT10: =IF(BK10="","",BK10) | BU10: =IF(BN10="","",BN10)
A11: 6 | B11: 0.1 | C11: =IF(input_data!G9="","",input_data!G9) | D11: =IF(input_data!D9="","",input_data!D9) | E11: =IF(input_data!G44="","",input_data!G44) | F11: =IF(input_data!D44="","",input_data!D44) | G11: =IF(input_data!G78="","",input_data!G78) | H11: =IF(input_data!D78="","",input_data!D78) | I11: =IF(input_data!G112="","",input_data!G112) | J11: =IF(input_data!D112="","",input_data!D112) | K11: =IF(input_data!G145="","",input_data!G145) | L11: =IF(input_data!D145="","",input_data!D145) | M11: =IF(input_data!G178="","",input_data!G178) | N11: =IF(input_data!D178="","",input_data!D178) | O11: ---------- | P11: =IF(input_data!G9="","",input_data!G9) | Q11: =IF(input_data!E9="","",input_data!E9) | R11: =IF(input_data!G44="","",input_data!G44) | S11: =IF(input_data!E44="","",input_data!E44) | T11: =IF(input_data!G78="","",input_data!G78) | U11: =IF(input_data!E78="","",input_data!E78) | V11: =IF(input_data!G112="","",input_data!G112) | W11: =IF(input_data!E112="","",input_data!E112) | X11: =IF(input_data!G145="","",input_data!G145) | Y11: =IF(input_data!E145="","",input_data!E145) | Z11: =IF(input_data!G178="","",input_data!G178) | AA11: =IF(input_data!E178="","",input_data!E178) | AB11: ---------- | AC11: =IF(input_data!G9="","",input_data!G9) | AD11: =IF(input_data!F9="","",input_data!F9) | AE11: =IF(input_data!G44="","",input_data!G44) | AF11: =IF(input_data!F44="","",input_data!F44) | AG11: =IF(input_data!G78="","",input_data!G78) | AH11: =IF(input_data!F78="","",input_data!F78) | AI11: =IF(input_data!G112="","",input_data!G112) | AJ11: =IF(input_data!F112="","",input_data!F112) | AK11: =IF(input_data!G145="","",input_data!G145) | AL11: =IF(input_data!F145="","",input_data!F145) | AM11: =IF(input_data!G178="","",input_data!G178) | AN11: =IF(input_data!F178="","",input_data!F178) | AO11: ---------- | AP11: =IF(input_data!C9="","",input_data!C9) | AQ11: =IF(input_data!C44="","",input_data!C44) | AR11: =IF(input_data!C78="","",input_data!C78) | AS11: =IF(input_data!C112="","",input_data!C112) | AT11: =IF(input_data!C145="","",input_data!C145) | AU11: =IF(input_data!C178="","",input_data!C178) | AV11: ---------- | AW11: =IF(input_data!D9="","",input_data!D9) | AX11: =IF(input_data!E9="","",input_data!E9) | AY11: =IFERROR(IF(OR(AW11="",AX11=""),"",AX11/AW11),"") | AZ11: =IF(input_data!D44="","",input_data!D44) | BA11: =IF(input_data!E44="","",input_data!E44) | BB11: =IFERROR(IF(OR(AZ11="",BA11=""),"",BA11/AZ11),"") | BC11: =IF(input_data!D78="","",input_data!D78) | BD11: =IF(input_data!E78="","",input_data!E78) | BE11: =IFERROR(IF(OR(BC11="",BD11=""),"",BD11/BC11),"") | BF11: =IF(input_data!D112="","",input_data!D112) | BG11: =IF(input_data!E112="","",input_data!E112) | BH11: =IFERROR(IF(OR(BF11="",BG11=""),"",BG11/BF11),"") | BI11: =IF(input_data!D145="","",input_data!D145) | BJ11: =IF(input_data!E145="","",input_data!E145) | BK11: =IFERROR(IF(OR(BI11="",BJ11=""),"",BJ11/BI11),"") | BL11: =IF(input_data!D178="","",input_data!D178) | BM11: =IF(input_data!E178="","",input_data!E178) | BN11: =IFERROR(IF(OR(BL11="",BM11=""),"",BM11/BL11),"") | BO11: ---------- | BP11: =IF(AY11="","",AY11) | BQ11: =IF(BB11="","",BB11) | BR11: =IF(BE11="","",BE11) | BS11: =IF(BH11="","",BH11) | BT11: =IF(BK11="","",BK11) | BU11: =IF(BN11="","",BN11)
A12: 7 | B12: 0.1 | C12: =IF(input_data!G10="","",input_data!G10) | D12: =IF(input_data!D10="","",input_data!D10) | E12: =IF(input_data!G45="","",input_data!G45) | F12: =IF(input_data!D45="","",input_data!D45) | G12: =IF(input_data!G79="","",input_data!G79) | H12: =IF(input_data!D79="","",input_data!D79) | I12: =IF(input_data!G113="","",input_data!G113) | J12: =IF(input_data!D113="","",input_data!D113) | K12: =IF(input_data!G146="","",input_data!G146) | L12: =IF(input_data!D146="","",input_data!D146) | M12: =IF(input_data!G179="","",input_data!G179) | N12: =IF(input_data!D179="","",input_data!D179) | O12: ---------- | P12: =IF(input_data!G10="","",input_data!G10) | Q12: =IF(input_data!E10="","",input_data!E10) | R12: =IF(input_data!G45="","",input_data!G45) | S12: =IF(input_data!E45="","",input_data!E45) | T12: =IF(input_data!G79="","",input_data!G79) | U12: =IF(input_data!E79="","",input_data!E79) | V12: =IF(input_data!G113="","",input_data!G113) | W12: =IF(input_data!E113="","",input_data!E113) | X12: =IF(input_data!G146="","",input_data!G146) | Y12: =IF(input_data!E146="","",input_data!E146) | Z12: =IF(input_data!G179="","",input_data!G179) | AA12: =IF(input_data!E179="","",input_data!E179) | AB12: ---------- | AC12: =IF(input_data!G10="","",input_data!G10) | AD12: =IF(input_data!F10="","",input_data!F10) | AE12: =IF(input_data!G45="","",input_data!G45) | AF12: =IF(input_data!F45="","",input_data!F45) | AG12: =IF(input_data!G79="","",input_data!G79) | AH12: =IF(input_data!F79="","",input_data!F79) | AI12: =IF(input_data!G113="","",input_data!G113) | AJ12: =IF(input_data!F113="","",input_data!F113) | AK12: =IF(input_data!G146="","",input_data!G146) | AL12: =IF(input_data!F146="","",input_data!F146) | AM12: =IF(input_data!G179="","",input_data!G179) | AN12: =IF(input_data!F179="","",input_data!F179) | AO12: ---------- | AP12: =IF(input_data!C10="","",input_data!C10) | AQ12: =IF(input_data!C45="","",input_data!C45) | AR12: =IF(input_data!C79="","",input_data!C79) | AS12: =IF(input_data!C113="","",input_data!C113) | AT12: =IF(input_data!C146="","",input_data!C146) | AU12: =IF(input_data!C179="","",input_data!C179) | AV12: ---------- | AW12: =IF(input_data!D10="","",input_data!D10) | AX12: =IF(input_data!E10="","",input_data!E10) | AY12: =IFERROR(IF(OR(AW12="",AX12=""),"",AX12/AW12),"") | AZ12: =IF(input_data!D45="","",input_data!D45) | BA12: =IF(input_data!E45="","",input_data!E45) | BB12: =IFERROR(IF(OR(AZ12="",BA12=""),"",BA12/AZ12),"") | BC12: =IF(input_data!D79="","",input_data!D79) | BD12: =IF(input_data!E79="","",input_data!E79) | BE12: =IFERROR(IF(OR(BC12="",BD12=""),"",BD12/BC12),"") | BF12: =IF(input_data!D113="","",input_data!D113) | BG12: =IF(input_data!E113="","",input_data!E113) | BH12: =IFERROR(IF(OR(BF12="",BG12=""),"",BG12/BF12),"") | BI12: =IF(input_data!D146="","",input_data!D146) | BJ12: =IF(input_data!E146="","",input_data!E146) | BK12: =IFERROR(IF(OR(BI12="",BJ12=""),"",BJ12/BI12),"") | BL12: =IF(input_data!D179="","",input_data!D179) | BM12: =IF(input_data!E179="","",input_data!E179) | BN12: =IFERROR(IF(OR(BL12="",BM12=""),"",BM12/BL12),"") | BO12: ---------- | BP12: =IF(AY12="","",AY12) | BQ12: =IF(BB12="","",BB12) | BR12: =IF(BE12="","",BE12) | BS12: =IF(BH12="","",BH12) | BT12: =IF(BK12="","",BK12) | BU12: =IF(BN12="","",BN12)
A13: 8 | B13: 0.1 | C13: =IF(input_data!G11="","",input_data!G11) | D13: =IF(input_data!D11="","",input_data!D11) | E13: =IF(input_data!G46="","",input_data!G46) | F13: =IF(input_data!D46="","",input_data!D46) | G13: =IF(input_data!G80="","",input_data!G80) | H13: =IF(input_data!D80="","",input_data!D80) | I13: =IF(input_data!G114="","",input_data!G114) | J13: =IF(input_data!D114="","",input_data!D114) | K13: =IF(input_data!G147="","",input_data!G147) | L13: =IF(input_data!D147="","",input_data!D147) | M13: =IF(input_data!G180="","",input_data!G180) | N13: =IF(input_data!D180="","",input_data!D180) | O13: ---------- | P13: =IF(input_data!G11="","",input_data!G11) | Q13: =IF(input_data!E11="","",input_data!E11) | R13: =IF(input_data!G46="","",input_data!G46) | S13: =IF(input_data!E46="","",input_data!E46) | T13: =IF(input_data!G80="","",input_data!G80) | U13: =IF(input_data!E80="","",input_data!E80) | V13: =IF(input_data!G114="","",input_data!G114) | W13: =IF(input_data!E114="","",input_data!E114) | X13: =IF(input_data!G147="","",input_data!G147) | Y13: =IF(input_data!E147="","",input_data!E147) | Z13: =IF(input_data!G180="","",input_data!G180) | AA13: =IF(input_data!E180="","",input_data!E180) | AB13: ---------- | AC13: =IF(input_data!G11="","",input_data!G11) | AD13: =IF(input_data!F11="","",input_data!F11) | AE13: =IF(input_data!G46="","",input_data!G46) | AF13: =IF(input_data!F46="","",input_data!F46) | AG13: =IF(input_data!G80="","",input_data!G80) | AH13: =IF(input_data!F80="","",input_data!F80) | AI13: =IF(input_data!G114="","",input_data!G114) | AJ13: =IF(input_data!F114="","",input_data!F114) | AK13: =IF(input_data!G147="","",input_data!G147) | AL13: =IF(input_data!F147="","",input_data!F147) | AM13: =IF(input_data!G180="","",input_data!G180) | AN13: =IF(input_data!F180="","",input_data!F180) | AO13: ---------- | AP13: =IF(input_data!C11="","",input_data!C11) | AQ13: =IF(input_data!C46="","",input_data!C46) | AR13: =IF(input_data!C80="","",input_data!C80) | AS13: =IF(input_data!C114="","",input_data!C114) | AT13: =IF(input_data!C147="","",input_data!C147) | AU13: =IF(input_data!C180="","",input_data!C180) | AV13: ---------- | AW13: =IF(input_data!D11="","",input_data!D11) | AX13: =IF(input_data!E11="","",input_data!E11) | AY13: =IFERROR(IF(OR(AW13="",AX13=""),"",AX13/AW13),"") | AZ13: =IF(input_data!D46="","",input_data!D46) | BA13: =IF(input_data!E46="","",input_data!E46) | BB13: =IFERROR(IF(OR(AZ13="",BA13=""),"",BA13/AZ13),"") | BC13: =IF(input_data!D80="","",input_data!D80) | BD13: =IF(input_data!E80="","",input_data!E80) | BE13: =IFERROR(IF(OR(BC13="",BD13=""),"",BD13/BC13),"") | BF13: =IF(input_data!D114="","",input_data!D114) | BG13: =IF(input_data!E114="","",input_data!E114) | BH13: =IFERROR(IF(OR(BF13="",BG13=""),"",BG13/BF13),"") | BI13: =IF(input_data!D147="","",input_data!D147) | BJ13: =IF(input_data!E147="","",input_data!E147) | BK13: =IFERROR(IF(OR(BI13="",BJ13=""),"",BJ13/BI13),"") | BL13: =IF(input_data!D180="","",input_data!D180) | BM13: =IF(input_data!E180="","",input_data!E180) | BN13: =IFERROR(IF(OR(BL13="",BM13=""),"",BM13/BL13),"") | BO13: ---------- | BP13: =IF(AY13="","",AY13) | BQ13: =IF(BB13="","",BB13) | BR13: =IF(BE13="","",BE13) | BS13: =IF(BH13="","",BH13) | BT13: =IF(BK13="","",BK13) | BU13: =IF(BN13="","",BN13)
A14: 9 | B14: 0.1 | C14: =IF(input_data!G12="","",input_data!G12) | D14: =IF(input_data!D12="","",input_data!D12) | E14: =IF(input_data!G47="","",input_data!G47) | F14: =IF(input_data!D47="","",input_data!D47) | G14: =IF(input_data!G81="","",input_data!G81) | H14: =IF(input_data!D81="","",input_data!D81) | I14: =IF(input_data!G115="","",input_data!G115) | J14: =IF(input_data!D115="","",input_data!D115) | K14: =IF(input_data!G148="","",input_data!G148) | L14: =IF(input_data!D148="","",input_data!D148) | M14: =IF(input_data!G181="","",input_data!G181) | N14: =IF(input_data!D181="","",input_data!D181) | O14: ---------- | P14: =IF(input_data!G12="","",input_data!G12) | Q14: =IF(input_data!E12="","",input_data!E12) | R14: =IF(input_data!G47="","",input_data!G47) | S14: =IF(input_data!E47="","",input_data!E47) | T14: =IF(input_data!G81="","",input_data!G81) | U14: =IF(input_data!E81="","",input_data!E81) | V14: =IF(input_data!G115="","",input_data!G115) | W14: =IF(input_data!E115="","",input_data!E115) | X14: =IF(input_data!G148="","",input_data!G148) | Y14: =IF(input_data!E148="","",input_data!E148) | Z14: =IF(input_data!G181="","",input_data!G181) | AA14: =IF(input_data!E181="","",input_data!E181) | AB14: ---------- | AC14: =IF(input_data!G12="","",input_data!G12) | AD14: =IF(input_data!F12="","",input_data!F12) | AE14: =IF(input_data!G47="","",input_data!G47) | AF14: =IF(input_data!F47="","",input_data!F47) | AG14: =IF(input_data!G81="","",input_data!G81) | AH14: =IF(input_data!F81="","",input_data!F81) | AI14: =IF(input_data!G115="","",input_data!G115) | AJ14: =IF(input_data!F115="","",input_data!F115) | AK14: =IF(input_data!G148="","",input_data!G148) | AL14: =IF(input_data!F148="","",input_data!F148) | AM14: =IF(input_data!G181="","",input_data!G181) | AN14: =IF(input_data!F181="","",input_data!F181) | AO14: ---------- | AP14: =IF(input_data!C12="","",input_data!C12) | AQ14: =IF(input_data!C47="","",input_data!C47) | AR14: =IF(input_data!C81="","",input_data!C81) | AS14: =IF(input_data!C115="","",input_data!C115) | AT14: =IF(input_data!C148="","",input_data!C148) | AU14: =IF(input_data!C181="","",input_data!C181) | AV14: ---------- | AW14: =IF(input_data!D12="","",input_data!D12) | AX14: =IF(input_data!E12="","",input_data!E12) | AY14: =IFERROR(IF(OR(AW14="",AX14=""),"",AX14/AW14),"") | AZ14: =IF(input_data!D47="","",input_data!D47) | BA14: =IF(input_data!E47="","",input_data!E47) | BB14: =IFERROR(IF(OR(AZ14="",BA14=""),"",BA14/AZ14),"") | BC14: =IF(input_data!D81="","",input_data!D81) | BD14: =IF(input_data!E81="","",input_data!E81) | BE14: =IFERROR(IF(OR(BC14="",BD14=""),"",BD14/BC14),"") | BF14: =IF(input_data!D115="","",input_data!D115) | BG14: =IF(input_data!E115="","",input_data!E115) | BH14: =IFERROR(IF(OR(BF14="",BG14=""),"",BG14/BF14),"") | BI14: =IF(input_data!D148="","",input_data!D148) | BJ14: =IF(input_data!E148="","",input_data!E148) | BK14: =IFERROR(IF(OR(BI14="",BJ14=""),"",BJ14/BI14),"") | BL14: =IF(input_data!D181="","",input_data!D181) | BM14: =IF(input_data!E181="","",input_data!E181) | BN14: =IFERROR(IF(OR(BL14="",BM14=""),"",BM14/BL14),"") | BO14: ---------- | BP14: =IF(AY14="","",AY14) | BQ14: =IF(BB14="","",BB14) | BR14: =IF(BE14="","",BE14) | BS14: =IF(BH14="","",BH14) | BT14: =IF(BK14="","",BK14) | BU14: =IF(BN14="","",BN14)
A15: 10 | B15: 0.1 | C15: =IF(input_data!G13="","",input_data!G13) | D15: =IF(input_data!D13="","",input_data!D13) | E15: =IF(input_data!G48="","",input_data!G48) | F15: =IF(input_data!D48="","",input_data!D48) | G15: =IF(input_data!G82="","",input_data!G82) | H15: =IF(input_data!D82="","",input_data!D82) | I15: =IF(input_data!G116="","",input_data!G116) | J15: =IF(input_data!D116="","",input_data!D116) | K15: =IF(input_data!G149="","",input_data!G149) | L15: =IF(input_data!D149="","",input_data!D149) | M15: =IF(input_data!G182="","",input_data!G182) | N15: =IF(input_data!D182="","",input_data!D182) | O15: ---------- | P15: =IF(input_data!G13="","",input_data!G13) | Q15: =IF(input_data!E13="","",input_data!E13) | R15: =IF(input_data!G48="","",input_data!G48) | S15: =IF(input_data!E48="","",input_data!E48) | T15: =IF(input_data!G82="","",input_data!G82) | U15: =IF(input_data!E82="","",input_data!E82) | V15: =IF(input_data!G116="","",input_data!G116) | W15: =IF(input_data!E116="","",input_data!E116) | X15: =IF(input_data!G149="","",input_data!G149) | Y15: =IF(input_data!E149="","",input_data!E149) | Z15: =IF(input_data!G182="","",input_data!G182) | AA15: =IF(input_data!E182="","",input_data!E182) | AB15: ---------- | AC15: =IF(input_data!G13="","",input_data!G13) | AD15: =IF(input_data!F13="","",input_data!F13) | AE15: =IF(input_data!G48="","",input_data!G48) | AF15: =IF(input_data!F48="","",input_data!F48) | AG15: =IF(input_data!G82="","",input_data!G82) | AH15: =IF(input_data!F82="","",input_data!F82) | AI15: =IF(input_data!G116="","",input_data!G116) | AJ15: =IF(input_data!F116="","",input_data!F116) | AK15: =IF(input_data!G149="","",input_data!G149) | AL15: =IF(input_data!F149="","",input_data!F149) | AM15: =IF(input_data!G182="","",input_data!G182) | AN15: =IF(input_data!F182="","",input_data!F182) | AO15: ---------- | AP15: =IF(input_data!C13="","",input_data!C13) | AQ15: =IF(input_data!C48="","",input_data!C48) | AR15: =IF(input_data!C82="","",input_data!C82) | AS15: =IF(input_data!C116="","",input_data!C116) | AT15: =IF(input_data!C149="","",input_data!C149) | AU15: =IF(input_data!C182="","",input_data!C182) | AV15: ---------- | AW15: =IF(input_data!D13="","",input_data!D13) | AX15: =IF(input_data!E13="","",input_data!E13) | AY15: =IFERROR(IF(OR(AW15="",AX15=""),"",AX15/AW15),"") | AZ15: =IF(input_data!D48="","",input_data!D48) | BA15: =IF(input_data!E48="","",input_data!E48) | BB15: =IFERROR(IF(OR(AZ15="",BA15=""),"",BA15/AZ15),"") | BC15: =IF(input_data!D82="","",input_data!D82) | BD15: =IF(input_data!E82="","",input_data!E82) | BE15: =IFERROR(IF(OR(BC15="",BD15=""),"",BD15/BC15),"") | BF15: =IF(input_data!D116="","",input_data!D116) | BG15: =IF(input_data!E116="","",input_data!E116) | BH15: =IFERROR(IF(OR(BF15="",BG15=""),"",BG15/BF15),"") | BI15: =IF(input_data!D149="","",input_data!D149) | BJ15: =IF(input_data!E149="","",input_data!E149) | BK15: =IFERROR(IF(OR(BI15="",BJ15=""),"",BJ15/BI15),"") | BL15: =IF(input_data!D182="","",input_data!D182) | BM15: =IF(input_data!E182="","",input_data!E182) | BN15: =IFERROR(IF(OR(BL15="",BM15=""),"",BM15/BL15),"") | BO15: ---------- | BP15: =IF(AY15="","",AY15) | BQ15: =IF(BB15="","",BB15) | BR15: =IF(BE15="","",BE15) | BS15: =IF(BH15="","",BH15) | BT15: =IF(BK15="","",BK15) | BU15: =IF(BN15="","",BN15)
A16: 11 | B16: 0.1 | C16: =IF(input_data!G14="","",input_data!G14) | D16: =IF(input_data!D14="","",input_data!D14) | E16: =IF(input_data!G49="","",input_data!G49) | F16: =IF(input_data!D49="","",input_data!D49) | G16: =IF(input_data!G83="","",input_data!G83) | H16: =IF(input_data!D83="","",input_data!D83) | I16: =IF(input_data!G117="","",input_data!G117) | J16: =IF(input_data!D117="","",input_data!D117) | K16: =IF(input_data!G150="","",input_data!G150) | L16: =IF(input_data!D150="","",input_data!D150) | M16: =IF(input_data!G183="","",input_data!G183) | N16: =IF(input_data!D183="","",input_data!D183) | O16: ---------- | P16: =IF(input_data!G14="","",input_data!G14) | Q16: =IF(input_data!E14="","",input_data!E14) | R16: =IF(input_data!G49="","",input_data!G49) | S16: =IF(input_data!E49="","",input_data!E49) | T16: =IF(input_data!G83="","",input_data!G83) | U16: =IF(input_data!E83="","",input_data!E83) | V16: =IF(input_data!G117="","",input_data!G117) | W16: =IF(input_data!E117="","",input_data!E117) | X16: =IF(input_data!G150="","",input_data!G150) | Y16: =IF(input_data!E150="","",input_data!E150) | Z16: =IF(input_data!G183="","",input_data!G183) | AA16: =IF(input_data!E183="","",input_data!E183) | AB16: ---------- | AC16: =IF(input_data!G14="","",input_data!G14) | AD16: =IF(input_data!F14="","",input_data!F14) | AE16: =IF(input_data!G49="","",input_data!G49) | AF16: =IF(input_data!F49="","",input_data!F49) | AG16: =IF(input_data!G83="","",input_data!G83) | AH16: =IF(input_data!F83="","",input_data!F83) | AI16: =IF(input_data!G117="","",input_data!G117) | AJ16: =IF(input_data!F117="","",input_data!F117) | AK16: =IF(input_data!G150="","",input_data!G150) | AL16: =IF(input_data!F150="","",input_data!F150) | AM16: =IF(input_data!G183="","",input_data!G183) | AN16: =IF(input_data!F183="","",input_data!F183) | AO16: ---------- | AP16: =IF(input_data!C14="","",input_data!C14) | AQ16: =IF(input_data!C49="","",input_data!C49) | AR16: =IF(input_data!C83="","",input_data!C83) | AS16: =IF(input_data!C117="","",input_data!C117) | AT16: =IF(input_data!C150="","",input_data!C150) | AU16: =IF(input_data!C183="","",input_data!C183) | AV16: ---------- | AW16: =IF(input_data!D14="","",input_data!D14) | AX16: =IF(input_data!E14="","",input_data!E14) | AY16: =IFERROR(IF(OR(AW16="",AX16=""),"",AX16/AW16),"") | AZ16: =IF(input_data!D49="","",input_data!D49) | BA16: =IF(input_data!E49="","",input_data!E49) | BB16: =IFERROR(IF(OR(AZ16="",BA16=""),"",BA16/AZ16),"") | BC16: =IF(input_data!D83="","",input_data!D83) | BD16: =IF(input_data!E83="","",input_data!E83) | BE16: =IFERROR(IF(OR(BC16="",BD16=""),"",BD16/BC16),"") | BF16: =IF(input_data!D117="","",input_data!D117) | BG16: =IF(input_data!E117="","",input_data!E117) | BH16: =IFERROR(IF(OR(BF16="",BG16=""),"",BG16/BF16),"") | BI16: =IF(input_data!D150="","",input_data!D150) | BJ16: =IF(input_data!E150="","",input_data!E150) | BK16: =IFERROR(IF(OR(BI16="",BJ16=""),"",BJ16/BI16),"") | BL16: =IF(input_data!D183="","",input_data!D183) | BM16: =IF(input_data!E183="","",input_data!E183) | BN16: =IFERROR(IF(OR(BL16="",BM16=""),"",BM16/BL16),"") | BO16: ---------- | BP16: =IF(AY16="","",AY16) | BQ16: =IF(BB16="","",BB16) | BR16: =IF(BE16="","",BE16) | BS16: =IF(BH16="","",BH16) | BT16: =IF(BK16="","",BK16) | BU16: =IF(BN16="","",BN16)
A17: 12 | B17: 0.1 | C17: =IF(input_data!G15="","",input_data!G15) | D17: =IF(input_data!D15="","",input_data!D15) | E17: =IF(input_data!G50="","",input_data!G50) | F17: =IF(input_data!D50="","",input_data!D50) | G17: =IF(input_data!G84="","",input_data!G84) | H17: =IF(input_data!D84="","",input_data!D84) | I17: =IF(input_data!G118="","",input_data!G118) | J17: =IF(input_data!D118="","",input_data!D118) | K17: =IF(input_data!G151="","",input_data!G151) | L17: =IF(input_data!D151="","",input_data!D151) | M17: =IF(input_data!G184="","",input_data!G184) | N17: =IF(input_data!D184="","",input_data!D184) | O17: ---------- | P17: =IF(input_data!G15="","",input_data!G15) | Q17: =IF(input_data!E15="","",input_data!E15) | R17: =IF(input_data!G50="","",input_data!G50) | S17: =IF(input_data!E50="","",input_data!E50) | T17: =IF(input_data!G84="","",input_data!G84) | U17: =IF(input_data!E84="","",input_data!E84) | V17: =IF(input_data!G118="","",input_data!G118) | W17: =IF(input_data!E118="","",input_data!E118) | X17: =IF(input_data!G151="","",input_data!G151) | Y17: =IF(input_data!E151="","",input_data!E151) | Z17: =IF(input_data!G184="","",input_data!G184) | AA17: =IF(input_data!E184="","",input_data!E184) | AB17: ---------- | AC17: =IF(input_data!G15="","",input_data!G15) | AD17: =IF(input_data!F15="","",input_data!F15) | AE17: =IF(input_data!G50="","",input_data!G50) | AF17: =IF(input_data!F50="","",input_data!F50) | AG17: =IF(input_data!G84="","",input_data!G84) | AH17: =IF(input_data!F84="","",input_data!F84) | AI17: =IF(input_data!G118="","",input_data!G118) | AJ17: =IF(input_data!F118="","",input_data!F118) | AK17: =IF(input_data!G151="","",input_data!G151) | AL17: =IF(input_data!F151="","",input_data!F151) | AM17: =IF(input_data!G184="","",input_data!G184) | AN17: =IF(input_data!F184="","",input_data!F184) | AO17: ---------- | AP17: =IF(input_data!C15="","",input_data!C15) | AQ17: =IF(input_data!C50="","",input_data!C50) | AR17: =IF(input_data!C84="","",input_data!C84) | AS17: =IF(input_data!C118="","",input_data!C118) | AT17: =IF(input_data!C151="","",input_data!C151) | AU17: =IF(input_data!C184="","",input_data!C184) | AV17: ---------- | AW17: =IF(input_data!D15="","",input_data!D15) | AX17: =IF(input_data!E15="","",input_data!E15) | AY17: =IFERROR(IF(OR(AW17="",AX17=""),"",AX17/AW17),"") | AZ17: =IF(input_data!D50="","",input_data!D50) | BA17: =IF(input_data!E50="","",input_data!E50) | BB17: =IFERROR(IF(OR(AZ17="",BA17=""),"",BA17/AZ17),"") | BC17: =IF(input_data!D84="","",input_data!D84) | BD17: =IF(input_data!E84="","",input_data!E84) | BE17: =IFERROR(IF(OR(BC17="",BD17=""),"",BD17/BC17),"") | BF17: =IF(input_data!D118="","",input_data!D118) | BG17: =IF(input_data!E118="","",input_data!E118) | BH17: =IFERROR(IF(OR(BF17="",BG17=""),"",BG17/BF17),"") | BI17: =IF(input_data!D151="","",input_data!D151) | BJ17: =IF(input_data!E151="","",input_data!E151) | BK17: =IFERROR(IF(OR(BI17="",BJ17=""),"",BJ17/BI17),"") | BL17: =IF(input_data!D184="","",input_data!D184) | BM17: =IF(input_data!E184="","",input_data!E184) | BN17: =IFERROR(IF(OR(BL17="",BM17=""),"",BM17/BL17),"") | BO17: ---------- | BP17: =IF(AY17="","",AY17) | BQ17: =IF(BB17="","",BB17) | BR17: =IF(BE17="","",BE17) | BS17: =IF(BH17="","",BH17) | BT17: =IF(BK17="","",BK17) | BU17: =IF(BN17="","",BN17)
... A25: 20 | B25: 0.1 | C25: =IF(input_data!G23="","",input_data!G23) | D25: =IF(input_data!D23="","",input_data!D23) | E25: =IF(input_data!G58="","",input_data!G58) | F25: =IF(input_data!D58="","",input_data!D58) | G25: =IF(input_data!G92="","",input_data!G92) | H25: =IF(input_data!D92="","",input_data!D92) | I25: =IF(input_data!G126="","",input_data!G126) | J25: =IF(input_data!D126="","",input_data!D126) | K25: =IF(input_data!G159="","",input_data!G159) | L25: =IF(input_data!D159="","",input_data!D159) | M25: =IF(input_data!G192="","",input_data!G192) | N25: =IF(input_data!D192="","",input_data!D192) | O25: ---------- | P25: =IF(input_data!G23="","",input_data!G23) | Q25: =IF(input_data!E23="","",input_data!E23) | R25: =IF(input_data!G58="","",input_data!G58) | S25: =IF(input_data!E58="","",input_data!E58) | T25: =IF(input_data!G92="","",input_data!G92) | U25: =IF(input_data!E92="","",input_data!E92) | V25: =IF(input_data!G126="","",input_data!G126) | W25: =IF(input_data!E126="","",input_data!E126) | X25: =IF(input_data!G159="","",input_data!G159) | Y25: =IF(input_data!E159="","",input_data!E159) | Z25: =IF(input_data!G192="","",input_data!G192) | AA25: =IF(input_data!E192="","",input_data!E192) | AB25: ---------- | AC25: =IF(input_data!G23="","",input_data!G23) | AD25: =IF(input_data!F23="","",input_data!F23) | AE25: =IF(input_data!G58="","",input_data!G58) | AF25: =IF(input_data!F58="","",input_data!F58) | AG25: =IF(input_data!G92="","",input_data!G92) | AH25: =IF(input_data!F92="","",input_data!F92) | AI25: =IF(input_data!G126="","",input_data!G126) | AJ25: =IF(input_data!F126="","",input_data!F126) | AK25: =IF(input_data!G159="","",input_data!G159) | AL25: =IF(input_data!F159="","",input_data!F159) | AM25: =IF(input_data!G192="","",input_data!G192) | AN25: =IF(input_data!F192="","",input_data!F192) | AO25: ---------- | AP25: =IF(input_data!C23="","",input_data!C23) | AQ25: =IF(input_data!C58="","",input_data!C58) | AR25: =IF(input_data!C92="","",input_data!C92) | AS25: =IF(input_data!C126="","",input_data!C126) | AT25: =IF(input_data!C159="","",input_data!C159) | AU25: =IF(input_data!C192="","",input_data!C192) | AV25: ---------- | AW25: =IF(input_data!D23="","",input_data!D23) | AX25: =IF(input_data!E23="","",input_data!E23) | AY25: =IFERROR(IF(OR(AW25="",AX25=""),"",AX25/AW25),"") | AZ25: =IF(input_data!D58="","",input_data!D58) | BA25: =IF(input_data!E58="","",input_data!E58) | BB25: =IFERROR(IF(OR(AZ25="",BA25=""),"",BA25/AZ25),"") | BC25: =IF(input_data!D92="","",input_data!D92) | BD25: =IF(input_data!E92="","",input_data!E92) | BE25: =IFERROR(IF(OR(BC25="",BD25=""),"",BD25/BC25),"") | BF25: =IF(input_data!D126="","",input_data!D126) | BG25: =IF(input_data!E126="","",input_data!E126) | BH25: =IFERROR(IF(OR(BF25="",BG25=""),"",BG25/BF25),"") | BI25: =IF(input_data!D159="","",input_data!D159) | BJ25: =IF(input_data!E159="","",input_data!E159) | BK25: =IFERROR(IF(OR(BI25="",BJ25=""),"",BJ25/BI25),"") | BL25: =IF(input_data!D192="","",input_data!D192) | BM25: =IF(input_data!E192="","",input_data!E192) | BN25: =IFERROR(IF(OR(BL25="",BM25=""),"",BM25/BL25),"") | BO25: ---------- | BP25: =IF(AY25="","",AY25) | BQ25: =IF(BB25="","",BB25) | BR25: =IF(BE25="","",BE25) | BS25: =IF(BH25="","",BH25) | BT25: =IF(BK25="","",BK25) | BU25: =IF(BN25="","",BN25)
A28: Частота 0,5 Гц
A29: 1 | B29: 0.5 | C29: =IF(input_data!N4="","",input_data!N4) | D29: =IF(input_data!K4="","",input_data!K4) | E29: =IF(input_data!N39="","",input_data!N39) | F29: =IF(input_data!K39="","",input_data!K39) | G29: =IF(input_data!N73="","",input_data!N73) | H29: =IF(input_data!K73="","",input_data!K73) | I29: =IF(input_data!N107="","",input_data!N107) | J29: =IF(input_data!K107="","",input_data!K107) | K29: =IF(input_data!N140="","",input_data!N140) | L29: =IF(input_data!K140="","",input_data!K140) | M29: =IF(input_data!N173="","",input_data!N173) | N29: =IF(input_data!K173="","",input_data!K173) | O29: ---------- | P29: =IF(input_data!N4="","",input_data!N4) | Q29: =IF(input_data!L4="","",input_data!L4) | R29: =IF(input_data!N39="","",input_data!N39) | S29: =IF(input_data!L39="","",input_data!L39) | T29: =IF(input_data!N73="","",input_data!N73) | U29: =IF(input_data!L73="","",input_data!L73) | V29: =IF(input_data!N107="","",input_data!N107) | W29: =IF(input_data!L107="","",input_data!L107) | X29: =IF(input_data!N140="","",input_data!N140) | Y29: =IF(input_data!L140="","",input_data!L140) | Z29: =IF(input_data!N173="","",input_data!N173) | AA29: =IF(input_data!L173="","",input_data!L173) | AB29: ---------- | AC29: =IF(input_data!N4="","",input_data!N4) | AD29: =IF(input_data!M4="","",input_data!M4) | AE29: =IF(input_data!N39="","",input_data!N39) | AF29: =IF(input_data!M39="","",input_data!M39) | AG29: =IF(input_data!N73="","",input_data!N73) | AH29: =IF(input_data!M73="","",input_data!M73) | AI29: =IF(input_data!N107="","",input_data!N107) | AJ29: =IF(input_data!M107="","",input_data!M107) | AK29: =IF(input_data!N140="","",input_data!N140) | AL29: =IF(input_data!M140="","",input_data!M140) | AM29: =IF(input_data!N173="","",input_data!N173) | AN29: =IF(input_data!M173="","",input_data!M173) | AO29: ---------- | AP29: =IF(input_data!J4="","",input_data!J4) | AQ29: =IF(input_data!J39="","",input_data!J39) | AR29: =IF(input_data!J73="","",input_data!J73) | AS29: =IF(input_data!J107="","",input_data!J107) | AT29: =IF(input_data!J140="","",input_data!J140) | AU29: =IF(input_data!J173="","",input_data!J173) | AV29: ---------- | AW29: =IF(input_data!K4="","",input_data!K4) | AX29: =IF(input_data!L4="","",input_data!L4) | AY29: =IFERROR(IF(OR(AW29="",AX29=""),"",AX29/AW29),"") | AZ29: =IF(input_data!K39="","",input_data!K39) | BA29: =IF(input_data!L39="","",input_data!L39) | BB29: =IFERROR(IF(OR(AZ29="",BA29=""),"",BA29/AZ29),"") | BC29: =IF(input_data!K73="","",input_data!K73) | BD29: =IF(input_data!L73="","",input_data!L73) | BE29: =IFERROR(IF(OR(BC29="",BD29=""),"",BD29/BC29),"") | BF29: =IF(input_data!K107="","",input_data!K107) | BG29: =IF(input_data!L107="","",input_data!L107) | BH29: =IFERROR(IF(OR(BF29="",BG29=""),"",BG29/BF29),"") | BI29: =IF(input_data!K140="","",input_data!K140) | BJ29: =IF(input_data!L140="","",input_data!L140) | BK29: =IFERROR(IF(OR(BI29="",BJ29=""),"",BJ29/BI29),"") | BL29: =IF(input_data!K173="","",input_data!K173) | BM29: =IF(input_data!L173="","",input_data!L173) | BN29: =IFERROR(IF(OR(BL29="",BM29=""),"",BM29/BL29),"") | BO29: ---------- | BP29: =IF(AY29="","",AY29) | BQ29: =IF(BB29="","",BB29) | BR29: =IF(BE29="","",BE29) | BS29: =IF(BH29="","",BH29) | BT29: =IF(BK29="","",BK29) | BU29: =IF(BN29="","",BN29)
A30: 2 | B30: 0.5 | C30: =IF(input_data!N5="","",input_data!N5) | D30: =IF(input_data!K5="","",input_data!K5) | E30: =IF(input_data!N40="","",input_data!N40) | F30: =IF(input_data!K40="","",input_data!K40) | G30: =IF(input_data!N74="","",input_data!N74) | H30: =IF(input_data!K74="","",input_data!K74) | I30: =IF(input_data!N108="","",input_data!N108) | J30: =IF(input_data!K108="","",input_data!K108) | K30: =IF(input_data!N141="","",input_data!N141) | L30: =IF(input_data!K141="","",input_data!K141) | M30: =IF(input_data!N174="","",input_data!N174) | N30: =IF(input_data!K174="","",input_data!K174) | O30: ---------- | P30: =IF(input_data!N5="","",input_data!N5) | Q30: =IF(input_data!L5="","",input_data!L5) | R30: =IF(input_data!N40="","",input_data!N40) | S30: =IF(input_data!L40="","",input_data!L40) | T30: =IF(input_data!N74="","",input_data!N74) | U30: =IF(input_data!L74="","",input_data!L74) | V30: =IF(input_data!N108="","",input_data!N108) | W30: =IF(input_data!L108="","",input_data!L108) | X30: =IF(input_data!N141="","",input_data!N141) | Y30: =IF(input_data!L141="","",input_data!L141) | Z30: =IF(input_data!N174="","",input_data!N174) | AA30: =IF(input_data!L174="","",input_data!L174) | AB30: ---------- | AC30: =IF(input_data!N5="","",input_data!N5) | AD30: =IF(input_data!M5="","",input_data!M5) | AE30: =IF(input_data!N40="","",input_data!N40) | AF30: =IF(input_data!M40="","",input_data!M40) | AG30: =IF(input_data!N74="","",input_data!N74) | AH30: =IF(input_data!M74="","",input_data!M74) | AI30: =IF(input_data!N108="","",input_data!N108) | AJ30: =IF(input_data!M108="","",input_data!M108) | AK30: =IF(input_data!N141="","",input_data!N141) | AL30: =IF(input_data!M141="","",input_data!M141) | AM30: =IF(input_data!N174="","",input_data!N174) | AN30: =IF(input_data!M174="","",input_data!M174) | AO30: ---------- | AP30: =IF(input_data!J5="","",input_data!J5) | AQ30: =IF(input_data!J40="","",input_data!J40) | AR30: =IF(input_data!J74="","",input_data!J74) | AS30: =IF(input_data!J108="","",input_data!J108) | AT30: =IF(input_data!J141="","",input_data!J141) | AU30: =IF(input_data!J174="","",input_data!J174) | AV30: ---------- | AW30: =IF(input_data!K5="","",input_data!K5) | AX30: =IF(input_data!L5="","",input_data!L5) | AY30: =IFERROR(IF(OR(AW30="",AX30=""),"",AX30/AW30),"") | AZ30: =IF(input_data!K40="","",input_data!K40) | BA30: =IF(input_data!L40="","",input_data!L40) | BB30: =IFERROR(IF(OR(AZ30="",BA30=""),"",BA30/AZ30),"") | BC30: =IF(input_data!K74="","",input_data!K74) | BD30: =IF(input_data!L74="","",input_data!L74) | BE30: =IFERROR(IF(OR(BC30="",BD30=""),"",BD30/BC30),"") | BF30: =IF(input_data!K108="","",input_data!K108) | BG30: =IF(input_data!L108="","",input_data!L108) | BH30: =IFERROR(IF(OR(BF30="",BG30=""),"",BG30/BF30),"") | BI30: =IF(input_data!K141="","",input_data!K141) | BJ30: =IF(input_data!L141="","",input_data!L141) | BK30: =IFERROR(IF(OR(BI30="",BJ30=""),"",BJ30/BI30),"") | BL30: =IF(input_data!K174="","",input_data!K174) | BM30: =IF(input_data!L174="","",input_data!L174) | BN30: =IFERROR(IF(OR(BL30="",BM30=""),"",BM30/BL30),"") | BO30: ---------- | BP30: =IF(AY30="","",AY30) | BQ30: =IF(BB30="","",BB30) | BR30: =IF(BE30="","",BE30) | BS30: =IF(BH30="","",BH30) | BT30: =IF(BK30="","",BK30) | BU30: =IF(BN30="","",BN30)
A31: 3 | B31: 0.5 | C31: =IF(input_data!N6="","",input_data!N6) | D31: =IF(input_data!K6="","",input_data!K6) | E31: =IF(input_data!N41="","",input_data!N41) | F31: =IF(input_data!K41="","",input_data!K41) | G31: =IF(input_data!N75="","",input_data!N75) | H31: =IF(input_data!K75="","",input_data!K75) | I31: =IF(input_data!N109="","",input_data!N109) | J31: =IF(input_data!K109="","",input_data!K109) | K31: =IF(input_data!N142="","",input_data!N142) | L31: =IF(input_data!K142="","",input_data!K142) | M31: =IF(input_data!N175="","",input_data!N175) | N31: =IF(input_data!K175="","",input_data!K175) | O31: ---------- | P31: =IF(input_data!N6="","",input_data!N6) | Q31: =IF(input_data!L6="","",input_data!L6) | R31: =IF(input_data!N41="","",input_data!N41) | S31: =IF(input_data!L41="","",input_data!L41) | T31: =IF(input_data!N75="","",input_data!N75) | U31: =IF(input_data!L75="","",input_data!L75) | V31: =IF(input_data!N109="","",input_data!N109) | W31: =IF(input_data!L109="","",input_data!L109) | X31: =IF(input_data!N142="","",input_data!N142) | Y31: =IF(input_data!L142="","",input_data!L142) | Z31: =IF(input_data!N175="","",input_data!N175) | AA31: =IF(input_data!L175="","",input_data!L175) | AB31: ---------- | AC31: =IF(input_data!N6="","",input_data!N6) | AD31: =IF(input_data!M6="","",input_data!M6) | AE31: =IF(input_data!N41="","",input_data!N41) | AF31: =IF(input_data!M41="","",input_data!M41) | AG31: =IF(input_data!N75="","",input_data!N75) | AH31: =IF(input_data!M75="","",input_data!M75) | AI31: =IF(input_data!N109="","",input_data!N109) | AJ31: =IF(input_data!M109="","",input_data!M109) | AK31: =IF(input_data!N142="","",input_data!N142) | AL31: =IF(input_data!M142="","",input_data!M142) | AM31: =IF(input_data!N175="","",input_data!N175) | AN31: =IF(input_data!M175="","",input_data!M175) | AO31: ---------- | AP31: =IF(input_data!J6="","",input_data!J6) | AQ31: =IF(input_data!J41="","",input_data!J41) | AR31: =IF(input_data!J75="","",input_data!J75) | AS31: =IF(input_data!J109="","",input_data!J109) | AT31: =IF(input_data!J142="","",input_data!J142) | AU31: =IF(input_data!J175="","",input_data!J175) | AV31: ---------- | AW31: =IF(input_data!K6="","",input_data!K6) | AX31: =IF(input_data!L6="","",input_data!L6) | AY31: =IFERROR(IF(OR(AW31="",AX31=""),"",AX31/AW31),"") | AZ31: =IF(input_data!K41="","",input_data!K41) | BA31: =IF(input_data!L41="","",input_data!L41) | BB31: =IFERROR(IF(OR(AZ31="",BA31=""),"",BA31/AZ31),"") | BC31: =IF(input_data!K75="","",input_data!K75) | BD31: =IF(input_data!L75="","",input_data!L75) | BE31: =IFERROR(IF(OR(BC31="",BD31=""),"",BD31/BC31),"") | BF31: =IF(input_data!K109="","",input_data!K109) | BG31: =IF(input_data!L109="","",input_data!L109) | BH31: =IFERROR(IF(OR(BF31="",BG31=""),"",BG31/BF31),"") | BI31: =IF(input_data!K142="","",input_data!K142) | BJ31: =IF(input_data!L142="","",input_data!L142) | BK31: =IFERROR(IF(OR(BI31="",BJ31=""),"",BJ31/BI31),"") | BL31: =IF(input_data!K175="","",input_data!K175) | BM31: =IF(input_data!L175="","",input_data!L175) | BN31: =IFERROR(IF(OR(BL31="",BM31=""),"",BM31/BL31),"") | BO31: ---------- | BP31: =IF(AY31="","",AY31) | BQ31: =IF(BB31="","",BB31) | BR31: =IF(BE31="","",BE31) | BS31: =IF(BH31="","",BH31) | BT31: =IF(BK31="","",BK31) | BU31: =IF(BN31="","",BN31)
A32: 4 | B32: 0.5 | C32: =IF(input_data!N7="","",input_data!N7) | D32: =IF(input_data!K7="","",input_data!K7) | E32: =IF(input_data!N42="","",input_data!N42) | F32: =IF(input_data!K42="","",input_data!K42) | G32: =IF(input_data!N76="","",input_data!N76) | H32: =IF(input_data!K76="","",input_data!K76) | I32: =IF(input_data!N110="","",input_data!N110) | J32: =IF(input_data!K110="","",input_data!K110) | K32: =IF(input_data!N143="","",input_data!N143) | L32: =IF(input_data!K143="","",input_data!K143) | M32: =IF(input_data!N176="","",input_data!N176) | N32: =IF(input_data!K176="","",input_data!K176) | O32: ---------- | P32: =IF(input_data!N7="","",input_data!N7) | Q32: =IF(input_data!L7="","",input_data!L7) | R32: =IF(input_data!N42="","",input_data!N42) | S32: =IF(input_data!L42="","",input_data!L42) | T32: =IF(input_data!N76="","",input_data!N76) | U32: =IF(input_data!L76="","",input_data!L76) | V32: =IF(input_data!N110="","",input_data!N110) | W32: =IF(input_data!L110="","",input_data!L110) | X32: =IF(input_data!N143="","",input_data!N143) | Y32: =IF(input_data!L143="","",input_data!L143) | Z32: =IF(input_data!N176="","",input_data!N176) | AA32: =IF(input_data!L176="","",input_data!L176) | AB32: ---------- | AC32: =IF(input_data!N7="","",input_data!N7) | AD32: =IF(input_data!M7="","",input_data!M7) | AE32: =IF(input_data!N42="","",input_data!N42) | AF32: =IF(input_data!M42="","",input_data!M42) | AG32: =IF(input_data!N76="","",input_data!N76) | AH32: =IF(input_data!M76="","",input_data!M76) | AI32: =IF(input_data!N110="","",input_data!N110) | AJ32: =IF(input_data!M110="","",input_data!M110) | AK32: =IF(input_data!N143="","",input_data!N143) | AL32: =IF(input_data!M143="","",input_data!M143) | AM32: =IF(input_data!N176="","",input_data!N176) | AN32: =IF(input_data!M176="","",input_data!M176) | AO32: ---------- | AP32: =IF(input_data!J7="","",input_data!J7) | AQ32: =IF(input_data!J42="","",input_data!J42) | AR32: =IF(input_data!J76="","",input_data!J76) | AS32: =IF(input_data!J110="","",input_data!J110) | AT32: =IF(input_data!J143="","",input_data!J143) | AU32: =IF(input_data!J176="","",input_data!J176) | AV32: ---------- | AW32: =IF(input_data!K7="","",input_data!K7) | AX32: =IF(input_data!L7="","",input_data!L7) | AY32: =IFERROR(IF(OR(AW32="",AX32=""),"",AX32/AW32),"") | AZ32: =IF(input_data!K42="","",input_data!K42) | BA32: =IF(input_data!L42="","",input_data!L42) | BB32: =IFERROR(IF(OR(AZ32="",BA32=""),"",BA32/AZ32),"") | BC32: =IF(input_data!K76="","",input_data!K76) | BD32: =IF(input_data!L76="","",input_data!L76) | BE32: =IFERROR(IF(OR(BC32="",BD32=""),"",BD32/BC32),"") | BF32: =IF(input_data!K110="","",input_data!K110) | BG32: =IF(input_data!L110="","",input_data!L110) | BH32: =IFERROR(IF(OR(BF32="",BG32=""),"",BG32/BF32),"") | BI32: =IF(input_data!K143="","",input_data!K143) | BJ32: =IF(input_data!L143="","",input_data!L143) | BK32: =IFERROR(IF(OR(BI32="",BJ32=""),"",BJ32/BI32),"") | BL32: =IF(input_data!K176="","",input_data!K176) | BM32: =IF(input_data!L176="","",input_data!L176) | BN32: =IFERROR(IF(OR(BL32="",BM32=""),"",BM32/BL32),"") | BO32: ---------- | BP32: =IF(AY32="","",AY32) | BQ32: =IF(BB32="","",BB32) | BR32: =IF(BE32="","",BE32) | BS32: =IF(BH32="","",BH32) | BT32: =IF(BK32="","",BK32) | BU32: =IF(BN32="","",BN32)
A33: 5 | B33: 0.5 | C33: =IF(input_data!N8="","",input_data!N8) | D33: =IF(input_data!K8="","",input_data!K8) | E33: =IF(input_data!N43="","",input_data!N43) | F33: =IF(input_data!K43="","",input_data!K43) | G33: =IF(input_data!N77="","",input_data!N77) | H33: =IF(input_data!K77="","",input_data!K77) | I33: =IF(input_data!N111="","",input_data!N111) | J33: =IF(input_data!K111="","",input_data!K111) | K33: =IF(input_data!N144="","",input_data!N144) | L33: =IF(input_data!K144="","",input_data!K144) | M33: =IF(input_data!N177="","",input_data!N177) | N33: =IF(input_data!K177="","",input_data!K177) | O33: ---------- | P33: =IF(input_data!N8="","",input_data!N8) | Q33: =IF(input_data!L8="","",input_data!L8) | R33: =IF(input_data!N43="","",input_data!N43) | S33: =IF(input_data!L43="","",input_data!L43) | T33: =IF(input_data!N77="","",input_data!N77) | U33: =IF(input_data!L77="","",input_data!L77) | V33: =IF(input_data!N111="","",input_data!N111) | W33: =IF(input_data!L111="","",input_data!L111) | X33: =IF(input_data!N144="","",input_data!N144) | Y33: =IF(input_data!L144="","",input_data!L144) | Z33: =IF(input_data!N177="","",input_data!N177) | AA33: =IF(input_data!L177="","",input_data!L177) | AB33: ---------- | AC33: =IF(input_data!N8="","",input_data!N8) | AD33: =IF(input_data!M8="","",input_data!M8) | AE33: =IF(input_data!N43="","",input_data!N43) | AF33: =IF(input_data!M43="","",input_data!M43) | AG33: =IF(input_data!N77="","",input_data!N77) | AH33: =IF(input_data!M77="","",input_data!M77) | AI33: =IF(input_data!N111="","",input_data!N111) | AJ33: =IF(input_data!M111="","",input_data!M111) | AK33: =IF(input_data!N144="","",input_data!N144) | AL33: =IF(input_data!M144="","",input_data!M144) | AM33: =IF(input_data!N177="","",input_data!N177) | AN33: =IF(input_data!M177="","",input_data!M177) | AO33: ---------- | AP33: =IF(input_data!J8="","",input_data!J8) | AQ33: =IF(input_data!J43="","",input_data!J43) | AR33: =IF(input_data!J77="","",input_data!J77) | AS33: =IF(input_data!J111="","",input_data!J111) | AT33: =IF(input_data!J144="","",input_data!J144) | AU33: =IF(input_data!J177="","",input_data!J177) | AV33: ---------- | AW33: =IF(input_data!K8="","",input_data!K8) | AX33: =IF(input_data!L8="","",input_data!L8) | AY33: =IFERROR(IF(OR(AW33="",AX33=""),"",AX33/AW33),"") | AZ33: =IF(input_data!K43="","",input_data!K43) | BA33: =IF(input_data!L43="","",input_data!L43) | BB33: =IFERROR(IF(OR(AZ33="",BA33=""),"",BA33/AZ33),"") | BC33: =IF(input_data!K77="","",input_data!K77) | BD33: =IF(input_data!L77="","",input_data!L77) | BE33: =IFERROR(IF(OR(BC33="",BD33=""),"",BD33/BC33),"") | BF33: =IF(input_data!K111="","",input_data!K111) | BG33: =IF(input_data!L111="","",input_data!L111) | BH33: =IFERROR(IF(OR(BF33="",BG33=""),"",BG33/BF33),"") | BI33: =IF(input_data!K144="","",input_data!K144) | BJ33: =IF(input_data!L144="","",input_data!L144) | BK33: =IFERROR(IF(OR(BI33="",BJ33=""),"",BJ33/BI33),"") | BL33: =IF(input_data!K177="","",input_data!K177) | BM33: =IF(input_data!L177="","",input_data!L177) | BN33: =IFERROR(IF(OR(BL33="",BM33=""),"",BM33/BL33),"") | BO33: ---------- | BP33: =IF(AY33="","",AY33) | BQ33: =IF(BB33="","",BB33) | BR33: =IF(BE33="","",BE33) | BS33: =IF(BH33="","",BH33) | BT33: =IF(BK33="","",BK33) | BU33: =IF(BN33="","",BN33)
A34: 6 | B34: 0.5 | C34: =IF(input_data!N9="","",input_data!N9) | D34: =IF(input_data!K9="","",input_data!K9) | E34: =IF(input_data!N44="","",input_data!N44) | F34: =IF(input_data!K44="","",input_data!K44) | G34: =IF(input_data!N78="","",input_data!N78) | H34: =IF(input_data!K78="","",input_data!K78) | I34: =IF(input_data!N112="","",input_data!N112) | J34: =IF(input_data!K112="","",input_data!K112) | K34: =IF(input_data!N145="","",input_data!N145) | L34: =IF(input_data!K145="","",input_data!K145) | M34: =IF(input_data!N178="","",input_data!N178) | N34: =IF(input_data!K178="","",input_data!K178) | O34: ---------- | P34: =IF(input_data!N9="","",input_data!N9) | Q34: =IF(input_data!L9="","",input_data!L9) | R34: =IF(input_data!N44="","",input_data!N44) | S34: =IF(input_data!L44="","",input_data!L44) | T34: =IF(input_data!N78="","",input_data!N78) | U34: =IF(input_data!L78="","",input_data!L78) | V34: =IF(input_data!N112="","",input_data!N112) | W34: =IF(input_data!L112="","",input_data!L112) | X34: =IF(input_data!N145="","",input_data!N145) | Y34: =IF(input_data!L145="","",input_data!L145) | Z34: =IF(input_data!N178="","",input_data!N178) | AA34: =IF(input_data!L178="","",input_data!L178) | AB34: ---------- | AC34: =IF(input_data!N9="","",input_data!N9) | AD34: =IF(input_data!M9="","",input_data!M9) | AE34: =IF(input_data!N44="","",input_data!N44) | AF34: =IF(input_data!M44="","",input_data!M44) | AG34: =IF(input_data!N78="","",input_data!N78) | AH34: =IF(input_data!M78="","",input_data!M78) | AI34: =IF(input_data!N112="","",input_data!N112) | AJ34: =IF(input_data!M112="","",input_data!M112) | AK34: =IF(input_data!N145="","",input_data!N145) | AL34: =IF(input_data!M145="","",input_data!M145) | AM34: =IF(input_data!N178="","",input_data!N178) | AN34: =IF(input_data!M178="","",input_data!M178) | AO34: ---------- | AP34: =IF(input_data!J9="","",input_data!J9) | AQ34: =IF(input_data!J44="","",input_data!J44) | AR34: =IF(input_data!J78="","",input_data!J78) | AS34: =IF(input_data!J112="","",input_data!J112) | AT34: =IF(input_data!J145="","",input_data!J145) | AU34: =IF(input_data!J178="","",input_data!J178) | AV34: ---------- | AW34: =IF(input_data!K9="","",input_data!K9) | AX34: =IF(input_data!L9="","",input_data!L9) | AY34: =IFERROR(IF(OR(AW34="",AX34=""),"",AX34/AW34),"") | AZ34: =IF(input_data!K44="","",input_data!K44) | BA34: =IF(input_data!L44="","",input_data!L44) | BB34: =IFERROR(IF(OR(AZ34="",BA34=""),"",BA34/AZ34),"") | BC34: =IF(input_data!K78="","",input_data!K78) | BD34: =IF(input_data!L78="","",input_data!L78) | BE34: =IFERROR(IF(OR(BC34="",BD34=""),"",BD34/BC34),"") | BF34: =IF(input_data!K112="","",input_data!K112) | BG34: =IF(input_data!L112="","",input_data!L112) | BH34: =IFERROR(IF(OR(BF34="",BG34=""),"",BG34/BF34),"") | BI34: =IF(input_data!K145="","",input_data!K145) | BJ34: =IF(input_data!L145="","",input_data!L145) | BK34: =IFERROR(IF(OR(BI34="",BJ34=""),"",BJ34/BI34),"") | BL34: =IF(input_data!K178="","",input_data!K178) | BM34: =IF(input_data!L178="","",input_data!L178) | BN34: =IFERROR(IF(OR(BL34="",BM34=""),"",BM34/BL34),"") | BO34: ---------- | BP34: =IF(AY34="","",AY34) | BQ34: =IF(BB34="","",BB34) | BR34: =IF(BE34="","",BE34) | BS34: =IF(BH34="","",BH34) | BT34: =IF(BK34="","",BK34) | BU34: =IF(BN34="","",BN34)
A35: 7 | B35: 0.5 | C35: =IF(input_data!N10="","",input_data!N10) | D35: =IF(input_data!K10="","",input_data!K10) | E35: =IF(input_data!N45="","",input_data!N45) | F35: =IF(input_data!K45="","",input_data!K45) | G35: =IF(input_data!N79="","",input_data!N79) | H35: =IF(input_data!K79="","",input_data!K79) | I35: =IF(input_data!N113="","",input_data!N113) | J35: =IF(input_data!K113="","",input_data!K113) | K35: =IF(input_data!N146="","",input_data!N146) | L35: =IF(input_data!K146="","",input_data!K146) | M35: =IF(input_data!N179="","",input_data!N179) | N35: =IF(input_data!K179="","",input_data!K179) | O35: ---------- | P35: =IF(input_data!N10="","",input_data!N10) | Q35: =IF(input_data!L10="","",input_data!L10) | R35: =IF(input_data!N45="","",input_data!N45) | S35: =IF(input_data!L45="","",input_data!L45) | T35: =IF(input_data!N79="","",input_data!N79) | U35: =IF(input_data!L79="","",input_data!L79) | V35: =IF(input_data!N113="","",input_data!N113) | W35: =IF(input_data!L113="","",input_data!L113) | X35: =IF(input_data!N146="","",input_data!N146) | Y35: =IF(input_data!L146="","",input_data!L146) | Z35: =IF(input_data!N179="","",input_data!N179) | AA35: =IF(input_data!L179="","",input_data!L179) | AB35: ---------- | AC35: =IF(input_data!N10="","",input_data!N10) | AD35: =IF(input_data!M10="","",input_data!M10) | AE35: =IF(input_data!N45="","",input_data!N45) | AF35: =IF(input_data!M45="","",input_data!M45) | AG35: =IF(input_data!N79="","",input_data!N79) | AH35: =IF(input_data!M79="","",input_data!M79) | AI35: =IF(input_data!N113="","",input_data!N113) | AJ35: =IF(input_data!M113="","",input_data!M113) | AK35: =IF(input_data!N146="","",input_data!N146) | AL35: =IF(input_data!M146="","",input_data!M146) | AM35: =IF(input_data!N179="","",input_data!N179) | AN35: =IF(input_data!M179="","",input_data!M179) | AO35: ---------- | AP35: =IF(input_data!J10="","",input_data!J10) | AQ35: =IF(input_data!J45="","",input_data!J45) | AR35: =IF(input_data!J79="","",input_data!J79) | AS35: =IF(input_data!J113="","",input_data!J113) | AT35: =IF(input_data!J146="","",input_data!J146) | AU35: =IF(input_data!J179="","",input_data!J179) | AV35: ---------- | AW35: =IF(input_data!K10="","",input_data!K10) | AX35: =IF(input_data!L10="","",input_data!L10) | AY35: =IFERROR(IF(OR(AW35="",AX35=""),"",AX35/AW35),"") | AZ35: =IF(input_data!K45="","",input_data!K45) | BA35: =IF(input_data!L45="","",input_data!L45) | BB35: =IFERROR(IF(OR(AZ35="",BA35=""),"",BA35/AZ35),"") | BC35: =IF(input_data!K79="","",input_data!K79) | BD35: =IF(input_data!L79="","",input_data!L79) | BE35: =IFERROR(IF(OR(BC35="",BD35=""),"",BD35/BC35),"") | BF35: =IF(input_data!K113="","",input_data!K113) | BG35: =IF(input_data!L113="","",input_data!L113) | BH35: =IFERROR(IF(OR(BF35="",BG35=""),"",BG35/BF35),"") | BI35: =IF(input_data!K146="","",input_data!K146) | BJ35: =IF(input_data!L146="","",input_data!L146) | BK35: =IFERROR(IF(OR(BI35="",BJ35=""),"",BJ35/BI35),"") | BL35: =IF(input_data!K179="","",input_data!K179) | BM35: =IF(input_data!L179="","",input_data!L179) | BN35: =IFERROR(IF(OR(BL35="",BM35=""),"",BM35/BL35),"") | BO35: ---------- | BP35: =IF(AY35="","",AY35) | BQ35: =IF(BB35="","",BB35) | BR35: =IF(BE35="","",BE35) | BS35: =IF(BH35="","",BH35) | BT35: =IF(BK35="","",BK35) | BU35: =IF(BN35="","",BN35)
A36: 8 | B36: 0.5 | C36: =IF(input_data!N11="","",input_data!N11) | D36: =IF(input_data!K11="","",input_data!K11) | E36: =IF(input_data!N46="","",input_data!N46) | F36: =IF(input_data!K46="","",input_data!K46) | G36: =IF(input_data!N80="","",input_data!N80) | H36: =IF(input_data!K80="","",input_data!K80) | I36: =IF(input_data!N114="","",input_data!N114) | J36: =IF(input_data!K114="","",input_data!K114) | K36: =IF(input_data!N147="","",input_data!N147) | L36: =IF(input_data!K147="","",input_data!K147) | M36: =IF(input_data!N180="","",input_data!N180) | N36: =IF(input_data!K180="","",input_data!K180) | O36: ---------- | P36: =IF(input_data!N11="","",input_data!N11) | Q36: =IF(input_data!L11="","",input_data!L11) | R36: =IF(input_data!N46="","",input_data!N46) | S36: =IF(input_data!L46="","",input_data!L46) | T36: =IF(input_data!N80="","",input_data!N80) | U36: =IF(input_data!L80="","",input_data!L80) | V36: =IF(input_data!N114="","",input_data!N114) | W36: =IF(input_data!L114="","",input_data!L114) | X36: =IF(input_data!N147="","",input_data!N147) | Y36: =IF(input_data!L147="","",input_data!L147) | Z36: =IF(input_data!N180="","",input_data!N180) | AA36: =IF(input_data!L180="","",input_data!L180) | AB36: ---------- | AC36: =IF(input_data!N11="","",input_data!N11) | AD36: =IF(input_data!M11="","",input_data!M11) | AE36: =IF(input_data!N46="","",input_data!N46) | AF36: =IF(input_data!M46="","",input_data!M46) | AG36: =IF(input_data!N80="","",input_data!N80) | AH36: =IF(input_data!M80="","",input_data!M80) | AI36: =IF(input_data!N114="","",input_data!N114) | AJ36: =IF(input_data!M114="","",input_data!M114) | AK36: =IF(input_data!N147="","",input_data!N147) | AL36: =IF(input_data!M147="","",input_data!M147) | AM36: =IF(input_data!N180="","",input_data!N180) | AN36: =IF(input_data!M180="","",input_data!M180) | AO36: ---------- | AP36: =IF(input_data!J11="","",input_data!J11) | AQ36: =IF(input_data!J46="","",input_data!J46) | AR36: =IF(input_data!J80="","",input_data!J80) | AS36: =IF(input_data!J114="","",input_data!J114) | AT36: =IF(input_data!J147="","",input_data!J147) | AU36: =IF(input_data!J180="","",input_data!J180) | AV36: ---------- | AW36: =IF(input_data!K11="","",input_data!K11) | AX36: =IF(input_data!L11="","",input_data!L11) | AY36: =IFERROR(IF(OR(AW36="",AX36=""),"",AX36/AW36),"") | AZ36: =IF(input_data!K46="","",input_data!K46) | BA36: =IF(input_data!L46="","",input_data!L46) | BB36: =IFERROR(IF(OR(AZ36="",BA36=""),"",BA36/AZ36),"") | BC36: =IF(input_data!K80="","",input_data!K80) | BD36: =IF(input_data!L80="","",input_data!L80) | BE36: =IFERROR(IF(OR(BC36="",BD36=""),"",BD36/BC36),"") | BF36: =IF(input_data!K114="","",input_data!K114) | BG36: =IF(input_data!L114="","",input_data!L114) | BH36: =IFERROR(IF(OR(BF36="",BG36=""),"",BG36/BF36),"") | BI36: =IF(input_data!K147="","",input_data!K147) | BJ36: =IF(input_data!L147="","",input_data!L147) | BK36: =IFERROR(IF(OR(BI36="",BJ36=""),"",BJ36/BI36),"") | BL36: =IF(input_data!K180="","",input_data!K180) | BM36: =IF(input_data!L180="","",input_data!L180) | BN36: =IFERROR(IF(OR(BL36="",BM36=""),"",BM36/BL36),"") | BO36: ---------- | BP36: =IF(AY36="","",AY36) | BQ36: =IF(BB36="","",BB36) | BR36: =IF(BE36="","",BE36) | BS36: =IF(BH36="","",BH36) | BT36: =IF(BK36="","",BK36) | BU36: =IF(BN36="","",BN36)
A37: 9 | B37: 0.5 | C37: =IF(input_data!N12="","",input_data!N12) | D37: =IF(input_data!K12="","",input_data!K12) | E37: =IF(input_data!N47="","",input_data!N47) | F37: =IF(input_data!K47="","",input_data!K47) | G37: =IF(input_data!N81="","",input_data!N81) | H37: =IF(input_data!K81="","",input_data!K81) | I37: =IF(input_data!N115="","",input_data!N115) | J37: =IF(input_data!K115="","",input_data!K115) | K37: =IF(input_data!N148="","",input_data!N148) | L37: =IF(input_data!K148="","",input_data!K148) | M37: =IF(input_data!N181="","",input_data!N181) | N37: =IF(input_data!K181="","",input_data!K181) | O37: ---------- | P37: =IF(input_data!N12="","",input_data!N12) | Q37: =IF(input_data!L12="","",input_data!L12) | R37: =IF(input_data!N47="","",input_data!N47) | S37: =IF(input_data!L47="","",input_data!L47) | T37: =IF(input_data!N81="","",input_data!N81) | U37: =IF(input_data!L81="","",input_data!L81) | V37: =IF(input_data!N115="","",input_data!N115) | W37: =IF(input_data!L115="","",input_data!L115) | X37: =IF(input_data!N148="","",input_data!N148) | Y37: =IF(input_data!L148="","",input_data!L148) | Z37: =IF(input_data!N181="","",input_data!N181) | AA37: =IF(input_data!L181="","",input_data!L181) | AB37: ---------- | AC37: =IF(input_data!N12="","",input_data!N12) | AD37: =IF(input_data!M12="","",input_data!M12) | AE37: =IF(input_data!N47="","",input_data!N47) | AF37: =IF(input_data!M47="","",input_data!M47) | AG37: =IF(input_data!N81="","",input_data!N81) | AH37: =IF(input_data!M81="","",input_data!M81) | AI37: =IF(input_data!N115="","",input_data!N115) | AJ37: =IF(input_data!M115="","",input_data!M115) | AK37: =IF(input_data!N148="","",input_data!N148) | AL37: =IF(input_data!M148="","",input_data!M148) | AM37: =IF(input_data!N181="","",input_data!N181) | AN37: =IF(input_data!M181="","",input_data!M181) | AO37: ---------- | AP37: =IF(input_data!J12="","",input_data!J12) | AQ37: =IF(input_data!J47="","",input_data!J47) | AR37: =IF(input_data!J81="","",input_data!J81) | AS37: =IF(input_data!J115="","",input_data!J115) | AT37: =IF(input_data!J148="","",input_data!J148) | AU37: =IF(input_data!J181="","",input_data!J181) | AV37: ---------- | AW37: =IF(input_data!K12="","",input_data!K12) | AX37: =IF(input_data!L12="","",input_data!L12) | AY37: =IFERROR(IF(OR(AW37="",AX37=""),"",AX37/AW37),"") | AZ37: =IF(input_data!K47="","",input_data!K47) | BA37: =IF(input_data!L47="","",input_data!L47) | BB37: =IFERROR(IF(OR(AZ37="",BA37=""),"",BA37/AZ37),"") | BC37: =IF(input_data!K81="","",input_data!K81) | BD37: =IF(input_data!L81="","",input_data!L81) | BE37: =IFERROR(IF(OR(BC37="",BD37=""),"",BD37/BC37),"") | BF37: =IF(input_data!K115="","",input_data!K115) | BG37: =IF(input_data!L115="","",input_data!L115) | BH37: =IFERROR(IF(OR(BF37="",BG37=""),"",BG37/BF37),"") | BI37: =IF(input_data!K148="","",input_data!K148) | BJ37: =IF(input_data!L148="","",input_data!L148) | BK37: =IFERROR(IF(OR(BI37="",BJ37=""),"",BJ37/BI37),"") | BL37: =IF(input_data!K181="","",input_data!K181) | BM37: =IF(input_data!L181="","",input_data!L181) | BN37: =IFERROR(IF(OR(BL37="",BM37=""),"",BM37/BL37),"") | BO37: ---------- | BP37: =IF(AY37="","",AY37) | BQ37: =IF(BB37="","",BB37) | BR37: =IF(BE37="","",BE37) | BS37: =IF(BH37="","",BH37) | BT37: =IF(BK37="","",BK37) | BU37: =IF(BN37="","",BN37)
A38: 10 | B38: 0.5 | C38: =IF(input_data!N13="","",input_data!N13) | D38: =IF(input_data!K13="","",input_data!K13) | E38: =IF(input_data!N48="","",input_data!N48) | F38: =IF(input_data!K48="","",input_data!K48) | G38: =IF(input_data!N82="","",input_data!N82) | H38: =IF(input_data!K82="","",input_data!K82) | I38: =IF(input_data!N116="","",input_data!N116) | J38: =IF(input_data!K116="","",input_data!K116) | K38: =IF(input_data!N149="","",input_data!N149) | L38: =IF(input_data!K149="","",input_data!K149) | M38: =IF(input_data!N182="","",input_data!N182) | N38: =IF(input_data!K182="","",input_data!K182) | O38: ---------- | P38: =IF(input_data!N13="","",input_data!N13) | Q38: =IF(input_data!L13="","",input_data!L13) | R38: =IF(input_data!N48="","",input_data!N48) | S38: =IF(input_data!L48="","",input_data!L48) | T38: =IF(input_data!N82="","",input_data!N82) | U38: =IF(input_data!L82="","",input_data!L82) | V38: =IF(input_data!N116="","",input_data!N116) | W38: =IF(input_data!L116="","",input_data!L116) | X38: =IF(input_data!N149="","",input_data!N149) | Y38: =IF(input_data!L149="","",input_data!L149) | Z38: =IF(input_data!N182="","",input_data!N182) | AA38: =IF(input_data!L182="","",input_data!L182) | AB38: ---------- | AC38: =IF(input_data!N13="","",input_data!N13) | AD38: =IF(input_data!M13="","",input_data!M13) | AE38: =IF(input_data!N48="","",input_data!N48) | AF38: =IF(input_data!M48="","",input_data!M48) | AG38: =IF(input_data!N82="","",input_data!N82) | AH38: =IF(input_data!M82="","",input_data!M82) | AI38: =IF(input_data!N116="","",input_data!N116) | AJ38: =IF(input_data!M116="","",input_data!M116) | AK38: =IF(input_data!N149="","",input_data!N149) | AL38: =IF(input_data!M149="","",input_data!M149) | AM38: =IF(input_data!N182="","",input_data!N182) | AN38: =IF(input_data!M182="","",input_data!M182) | AO38: ---------- | AP38: =IF(input_data!J13="","",input_data!J13) | AQ38: =IF(input_data!J48="","",input_data!J48) | AR38: =IF(input_data!J82="","",input_data!J82) | AS38: =IF(input_data!J116="","",input_data!J116) | AT38: =IF(input_data!J149="","",input_data!J149) | AU38: =IF(input_data!J182="","",input_data!J182) | AV38: ---------- | AW38: =IF(input_data!K13="","",input_data!K13) | AX38: =IF(input_data!L13="","",input_data!L13) | AY38: =IFERROR(IF(OR(AW38="",AX38=""),"",AX38/AW38),"") | AZ38: =IF(input_data!K48="","",input_data!K48) | BA38: =IF(input_data!L48="","",input_data!L48) | BB38: =IFERROR(IF(OR(AZ38="",BA38=""),"",BA38/AZ38),"") | BC38: =IF(input_data!K82="","",input_data!K82) | BD38: =IF(input_data!L82="","",input_data!L82) | BE38: =IFERROR(IF(OR(BC38="",BD38=""),"",BD38/BC38),"") | BF38: =IF(input_data!K116="","",input_data!K116) | BG38: =IF(input_data!L116="","",input_data!L116) | BH38: =IFERROR(IF(OR(BF38="",BG38=""),"",BG38/BF38),"") | BI38: =IF(input_data!K149="","",input_data!K149) | BJ38: =IF(input_data!L149="","",input_data!L149) | BK38: =IFERROR(IF(OR(BI38="",BJ38=""),"",BJ38/BI38),"") | BL38: =IF(input_data!K182="","",input_data!K182) | BM38: =IF(input_data!L182="","",input_data!L182) | BN38: =IFERROR(IF(OR(BL38="",BM38=""),"",BM38/BL38),"") | BO38: ---------- | BP38: =IF(AY38="","",AY38) | BQ38: =IF(BB38="","",BB38) | BR38: =IF(BE38="","",BE38) | BS38: =IF(BH38="","",BH38) | BT38: =IF(BK38="","",BK38) | BU38: =IF(BN38="","",BN38)
A39: 11 | B39: 0.5 | C39: =IF(input_data!N14="","",input_data!N14) | D39: =IF(input_data!K14="","",input_data!K14) | E39: =IF(input_data!N49="","",input_data!N49) | F39: =IF(input_data!K49="","",input_data!K49) | G39: =IF(input_data!N83="","",input_data!N83) | H39: =IF(input_data!K83="","",input_data!K83) | I39: =IF(input_data!N117="","",input_data!N117) | J39: =IF(input_data!K117="","",input_data!K117) | K39: =IF(input_data!N150="","",input_data!N150) | L39: =IF(input_data!K150="","",input_data!K150) | M39: =IF(input_data!N183="","",input_data!N183) | N39: =IF(input_data!K183="","",input_data!K183) | O39: ---------- | P39: =IF(input_data!N14="","",input_data!N14) | Q39: =IF(input_data!L14="","",input_data!L14) | R39: =IF(input_data!N49="","",input_data!N49) | S39: =IF(input_data!L49="","",input_data!L49) | T39: =IF(input_data!N83="","",input_data!N83) | U39: =IF(input_data!L83="","",input_data!L83) | V39: =IF(input_data!N117="","",input_data!N117) | W39: =IF(input_data!L117="","",input_data!L117) | X39: =IF(input_data!N150="","",input_data!N150) | Y39: =IF(input_data!L150="","",input_data!L150) | Z39: =IF(input_data!N183="","",input_data!N183) | AA39: =IF(input_data!L183="","",input_data!L183) | AB39: ---------- | AC39: =IF(input_data!N14="","",input_data!N14) | AD39: =IF(input_data!M14="","",input_data!M14) | AE39: =IF(input_data!N49="","",input_data!N49) | AF39: =IF(input_data!M49="","",input_data!M49) | AG39: =IF(input_data!N83="","",input_data!N83) | AH39: =IF(input_data!M83="","",input_data!M83) | AI39: =IF(input_data!N117="","",input_data!N117) | AJ39: =IF(input_data!M117="","",input_data!M117) | AK39: =IF(input_data!N150="","",input_data!N150) | AL39: =IF(input_data!M150="","",input_data!M150) | AM39: =IF(input_data!N183="","",input_data!N183) | AN39: =IF(input_data!M183="","",input_data!M183) | AO39: ---------- | AP39: =IF(input_data!J14="","",input_data!J14) | AQ39: =IF(input_data!J49="","",input_data!J49) | AR39: =IF(input_data!J83="","",input_data!J83) | AS39: =IF(input_data!J117="","",input_data!J117) | AT39: =IF(input_data!J150="","",input_data!J150) | AU39: =IF(input_data!J183="","",input_data!J183) | AV39: ---------- | AW39: =IF(input_data!K14="","",input_data!K14) | AX39: =IF(input_data!L14="","",input_data!L14) | AY39: =IFERROR(IF(OR(AW39="",AX39=""),"",AX39/AW39),"") | AZ39: =IF(input_data!K49="","",input_data!K49) | BA39: =IF(input_data!L49="","",input_data!L49) | BB39: =IFERROR(IF(OR(AZ39="",BA39=""),"",BA39/AZ39),"") | BC39: =IF(input_data!K83="","",input_data!K83) | BD39: =IF(input_data!L83="","",input_data!L83) | BE39: =IFERROR(IF(OR(BC39="",BD39=""),"",BD39/BC39),"") | BF39: =IF(input_data!K117="","",input_data!K117) | BG39: =IF(input_data!L117="","",input_data!L117) | BH39: =IFERROR(IF(OR(BF39="",BG39=""),"",BG39/BF39),"") | BI39: =IF(input_data!K150="","",input_data!K150) | BJ39: =IF(input_data!L150="","",input_data!L150) | BK39: =IFERROR(IF(OR(BI39="",BJ39=""),"",BJ39/BI39),"") | BL39: =IF(input_data!K183="","",input_data!K183) | BM39: =IF(input_data!L183="","",input_data!L183) | BN39: =IFERROR(IF(OR(BL39="",BM39=""),"",BM39/BL39),"") | BO39: ---------- | BP39: =IF(AY39="","",AY39) | BQ39: =IF(BB39="","",BB39) | BR39: =IF(BE39="","",BE39) | BS39: =IF(BH39="","",BH39) | BT39: =IF(BK39="","",BK39) | BU39: =IF(BN39="","",BN39)
A40: 12 | B40: 0.5 | C40: =IF(input_data!N15="","",input_data!N15) | D40: =IF(input_data!K15="","",input_data!K15) | E40: =IF(input_data!N50="","",input_data!N50) | F40: =IF(input_data!K50="","",input_data!K50) | G40: =IF(input_data!N84="","",input_data!N84) | H40: =IF(input_data!K84="","",input_data!K84) | I40: =IF(input_data!N118="","",input_data!N118) | J40: =IF(input_data!K118="","",input_data!K118) | K40: =IF(input_data!N151="","",input_data!N151) | L40: =IF(input_data!K151="","",input_data!K151) | M40: =IF(input_data!N184="","",input_data!N184) | N40: =IF(input_data!K184="","",input_data!K184) | O40: ---------- | P40: =IF(input_data!N15="","",input_data!N15) | Q40: =IF(input_data!L15="","",input_data!L15) | R40: =IF(input_data!N50="","",input_data!N50) | S40: =IF(input_data!L50="","",input_data!L50) | T40: =IF(input_data!N84="","",input_data!N84) | U40: =IF(input_data!L84="","",input_data!L84) | V40: =IF(input_data!N118="","",input_data!N118) | W40: =IF(input_data!L118="","",input_data!L118) | X40: =IF(input_data!N151="","",input_data!N151) | Y40: =IF(input_data!L151="","",input_data!L151) | Z40: =IF(input_data!N184="","",input_data!N184) | AA40: =IF(input_data!L184="","",input_data!L184) | AB40: ---------- | AC40: =IF(input_data!N15="","",input_data!N15) | AD40: =IF(input_data!M15="","",input_data!M15) | AE40: =IF(input_data!N50="","",input_data!N50) | AF40: =IF(input_data!M50="","",input_data!M50) | AG40: =IF(input_data!N84="","",input_data!N84) | AH40: =IF(input_data!M84="","",input_data!M84) | AI40: =IF(input_data!N118="","",input_data!N118) | AJ40: =IF(input_data!M118="","",input_data!M118) | AK40: =IF(input_data!N151="","",input_data!N151) | AL40: =IF(input_data!M151="","",input_data!M151) | AM40: =IF(input_data!N184="","",input_data!N184) | AN40: =IF(input_data!M184="","",input_data!M184) | AO40: ---------- | AP40: =IF(input_data!J15="","",input_data!J15) | AQ40: =IF(input_data!J50="","",input_data!J50) | AR40: =IF(input_data!J84="","",input_data!J84) | AS40: =IF(input_data!J118="","",input_data!J118) | AT40: =IF(input_data!J151="","",input_data!J151) | AU40: =IF(input_data!J184="","",input_data!J184) | AV40: ---------- | AW40: =IF(input_data!K15="","",input_data!K15) | AX40: =IF(input_data!L15="","",input_data!L15) | AY40: =IFERROR(IF(OR(AW40="",AX40=""),"",AX40/AW40),"") | AZ40: =IF(input_data!K50="","",input_data!K50) | BA40: =IF(input_data!L50="","",input_data!L50) | BB40: =IFERROR(IF(OR(AZ40="",BA40=""),"",BA40/AZ40),"") | BC40: =IF(input_data!K84="","",input_data!K84) | BD40: =IF(input_data!L84="","",input_data!L84) | BE40: =IFERROR(IF(OR(BC40="",BD40=""),"",BD40/BC40),"") | BF40: =IF(input_data!K118="","",input_data!K118) | BG40: =IF(input_data!L118="","",input_data!L118) | BH40: =IFERROR(IF(OR(BF40="",BG40=""),"",BG40/BF40),"") | BI40: =IF(input_data!K151="","",input_data!K151) | BJ40: =IF(input_data!L151="","",input_data!L151) | BK40: =IFERROR(IF(OR(BI40="",BJ40=""),"",BJ40/BI40),"") | BL40: =IF(input_data!K184="","",input_data!K184) | BM40: =IF(input_data!L184="","",input_data!L184) | BN40: =IFERROR(IF(OR(BL40="",BM40=""),"",BM40/BL40),"") | BO40: ---------- | BP40: =IF(AY40="","",AY40) | BQ40: =IF(BB40="","",BB40) | BR40: =IF(BE40="","",BE40) | BS40: =IF(BH40="","",BH40) | BT40: =IF(BK40="","",BK40) | BU40: =IF(BN40="","",BN40)
... A48: 20 | B48: 0.5 | C48: =IF(input_data!N23="","",input_data!N23) | D48: =IF(input_data!K23="","",input_data!K23) | E48: =IF(input_data!N58="","",input_data!N58) | F48: =IF(input_data!K58="","",input_data!K58) | G48: =IF(input_data!N92="","",input_data!N92) | H48: =IF(input_data!K92="","",input_data!K92) | I48: =IF(input_data!N126="","",input_data!N126) | J48: =IF(input_data!K126="","",input_data!K126) | K48: =IF(input_data!N159="","",input_data!N159) | L48: =IF(input_data!K159="","",input_data!K159) | M48: =IF(input_data!N192="","",input_data!N192) | N48: =IF(input_data!K192="","",input_data!K192) | O48: ---------- | P48: =IF(input_data!N23="","",input_data!N23) | Q48: =IF(input_data!L23="","",input_data!L23) | R48: =IF(input_data!N58="","",input_data!N58) | S48: =IF(input_data!L58="","",input_data!L58) | T48: =IF(input_data!N92="","",input_data!N92) | U48: =IF(input_data!L92="","",input_data!L92) | V48: =IF(input_data!N126="","",input_data!N126) | W48: =IF(input_data!L126="","",input_data!L126) | X48: =IF(input_data!N159="","",input_data!N159) | Y48: =IF(input_data!L159="","",input_data!L159) | Z48: =IF(input_data!N192="","",input_data!N192) | AA48: =IF(input_data!L192="","",input_data!L192) | AB48: ---------- | AC48: =IF(input_data!N23="","",input_data!N23) | AD48: =IF(input_data!M23="","",input_data!M23) | AE48: =IF(input_data!N58="","",input_data!N58) | AF48: =IF(input_data!M58="","",input_data!M58) | AG48: =IF(input_data!N92="","",input_data!N92) | AH48: =IF(input_data!M92="","",input_data!M92) | AI48: =IF(input_data!N126="","",input_data!N126) | AJ48: =IF(input_data!M126="","",input_data!M126) | AK48: =IF(input_data!N159="","",input_data!N159) | AL48: =IF(input_data!M159="","",input_data!M159) | AM48: =IF(input_data!N192="","",input_data!N192) | AN48: =IF(input_data!M192="","",input_data!M192) | AO48: ---------- | AP48: =IF(input_data!J23="","",input_data!J23) | AQ48: =IF(input_data!J58="","",input_data!J58) | AR48: =IF(input_data!J92="","",input_data!J92) | AS48: =IF(input_data!J126="","",input_data!J126) | AT48: =IF(input_data!J159="","",input_data!J159) | AU48: =IF(input_data!J192="","",input_data!J192) | AV48: ---------- | AW48: =IF(input_data!K23="","",input_data!K23) | AX48: =IF(input_data!L23="","",input_data!L23) | AY48: =IFERROR(IF(OR(AW48="",AX48=""),"",AX48/AW48),"") | AZ48: =IF(input_data!K58="","",input_data!K58) | BA48: =IF(input_data!L58="","",input_data!L58) | BB48: =IFERROR(IF(OR(AZ48="",BA48=""),"",BA48/AZ48),"") | BC48: =IF(input_data!K92="","",input_data!K92) | BD48: =IF(input_data!L92="","",input_data!L92) | BE48: =IFERROR(IF(OR(BC48="",BD48=""),"",BD48/BC48),"") | BF48: =IF(input_data!K126="","",input_data!K126) | BG48: =IF(input_data!L126="","",input_data!L126) | BH48: =IFERROR(IF(OR(BF48="",BG48=""),"",BG48/BF48),"") | BI48: =IF(input_data!K159="","",input_data!K159) | BJ48: =IF(input_data!L159="","",input_data!L159) | BK48: =IFERROR(IF(OR(BI48="",BJ48=""),"",BJ48/BI48),"") | BL48: =IF(input_data!K192="","",input_data!K192) | BM48: =IF(input_data!L192="","",input_data!L192) | BN48: =IFERROR(IF(OR(BL48="",BM48=""),"",BM48/BL48),"") | BO48: ---------- | BP48: =IF(AY48="","",AY48) | BQ48: =IF(BB48="","",BB48) | BR48: =IF(BE48="","",BE48) | BS48: =IF(BH48="","",BH48) | BT48: =IF(BK48="","",BK48) | BU48: =IF(BN48="","",BN48)
A51: Частота 1 Гц
A52: 1 | B52: 1 | C52: =IF(input_data!U4="","",input_data!U4) | D52: =IF(input_data!R4="","",input_data!R4) | E52: =IF(input_data!U39="","",input_data!U39) | F52: =IF(input_data!R39="","",input_data!R39) | G52: =IF(input_data!U73="","",input_data!U73) | H52: =IF(input_data!R73="","",input_data!R73) | I52: =IF(input_data!U107="","",input_data!U107) | J52: =IF(input_data!R107="","",input_data!R107) | K52: =IF(input_data!U140="","",input_data!U140) | L52: =IF(input_data!R140="","",input_data!R140) | M52: =IF(input_data!U173="","",input_data!U173) | N52: =IF(input_data!R173="","",input_data!R173) | O52: ---------- | P52: =IF(input_data!U4="","",input_data!U4) | Q52: =IF(input_data!S4="","",input_data!S4) | R52: =IF(input_data!U39="","",input_data!U39) | S52: =IF(input_data!S39="","",input_data!S39) | T52: =IF(input_data!U73="","",input_data!U73) | U52: =IF(input_data!S73="","",input_data!S73) | V52: =IF(input_data!U107="","",input_data!U107) | W52: =IF(input_data!S107="","",input_data!S107) | X52: =IF(input_data!U140="","",input_data!U140) | Y52: =IF(input_data!S140="","",input_data!S140) | Z52: =IF(input_data!U173="","",input_data!U173) | AA52: =IF(input_data!S173="","",input_data!S173) | AB52: ---------- | AC52: =IF(input_data!U4="","",input_data!U4) | AD52: =IF(input_data!T4="","",input_data!T4) | AE52: =IF(input_data!U39="","",input_data!U39) | AF52: =IF(input_data!T39="","",input_data!T39) | AG52: =IF(input_data!U73="","",input_data!U73) | AH52: =IF(input_data!T73="","",input_data!T73) | AI52: =IF(input_data!U107="","",input_data!U107) | AJ52: =IF(input_data!T107="","",input_data!T107) | AK52: =IF(input_data!U140="","",input_data!U140) | AL52: =IF(input_data!T140="","",input_data!T140) | AM52: =IF(input_data!U173="","",input_data!U173) | AN52: =IF(input_data!T173="","",input_data!T173) | AO52: ---------- | AP52: =IF(input_data!Q4="","",input_data!Q4) | AQ52: =IF(input_data!Q39="","",input_data!Q39) | AR52: =IF(input_data!Q73="","",input_data!Q73) | AS52: =IF(input_data!Q107="","",input_data!Q107) | AT52: =IF(input_data!Q140="","",input_data!Q140) | AU52: =IF(input_data!Q173="","",input_data!Q173) | AV52: ---------- | AW52: =IF(input_data!R4="","",input_data!R4) | AX52: =IF(input_data!S4="","",input_data!S4) | AY52: =IFERROR(IF(OR(AW52="",AX52=""),"",AX52/AW52),"") | AZ52: =IF(input_data!R39="","",input_data!R39) | BA52: =IF(input_data!S39="","",input_data!S39) | BB52: =IFERROR(IF(OR(AZ52="",BA52=""),"",BA52/AZ52),"") | BC52: =IF(input_data!R73="","",input_data!R73) | BD52: =IF(input_data!S73="","",input_data!S73) | BE52: =IFERROR(IF(OR(BC52="",BD52=""),"",BD52/BC52),"") | BF52: =IF(input_data!R107="","",input_data!R107) | BG52: =IF(input_data!S107="","",input_data!S107) | BH52: =IFERROR(IF(OR(BF52="",BG52=""),"",BG52/BF52),"") | BI52: =IF(input_data!R140="","",input_data!R140) | BJ52: =IF(input_data!S140="","",input_data!S140) | BK52: =IFERROR(IF(OR(BI52="",BJ52=""),"",BJ52/BI52),"") | BL52: =IF(input_data!R173="","",input_data!R173) | BM52: =IF(input_data!S173="","",input_data!S173) | BN52: =IFERROR(IF(OR(BL52="",BM52=""),"",BM52/BL52),"") | BO52: ---------- | BP52: =IF(AY52="","",AY52) | BQ52: =IF(BB52="","",BB52) | BR52: =IF(BE52="","",BE52) | BS52: =IF(BH52="","",BH52) | BT52: =IF(BK52="","",BK52) | BU52: =IF(BN52="","",BN52)
A53: 2 | B53: 1 | C53: =IF(input_data!U5="","",input_data!U5) | D53: =IF(input_data!R5="","",input_data!R5) | E53: =IF(input_data!U40="","",input_data!U40) | F53: =IF(input_data!R40="","",input_data!R40) | G53: =IF(input_data!U74="","",input_data!U74) | H53: =IF(input_data!R74="","",input_data!R74) | I53: =IF(input_data!U108="","",input_data!U108) | J53: =IF(input_data!R108="","",input_data!R108) | K53: =IF(input_data!U141="","",input_data!U141) | L53: =IF(input_data!R141="","",input_data!R141) | M53: =IF(input_data!U174="","",input_data!U174) | N53: =IF(input_data!R174="","",input_data!R174) | O53: ---------- | P53: =IF(input_data!U5="","",input_data!U5) | Q53: =IF(input_data!S5="","",input_data!S5) | R53: =IF(input_data!U40="","",input_data!U40) | S53: =IF(input_data!S40="","",input_data!S40) | T53: =IF(input_data!U74="","",input_data!U74) | U53: =IF(input_data!S74="","",input_data!S74) | V53: =IF(input_data!U108="","",input_data!U108) | W53: =IF(input_data!S108="","",input_data!S108) | X53: =IF(input_data!U141="","",input_data!U141) | Y53: =IF(input_data!S141="","",input_data!S141) | Z53: =IF(input_data!U174="","",input_data!U174) | AA53: =IF(input_data!S174="","",input_data!S174) | AB53: ---------- | AC53: =IF(input_data!U5="","",input_data!U5) | AD53: =IF(input_data!T5="","",input_data!T5) | AE53: =IF(input_data!U40="","",input_data!U40) | AF53: =IF(input_data!T40="","",input_data!T40) | AG53: =IF(input_data!U74="","",input_data!U74) | AH53: =IF(input_data!T74="","",input_data!T74) | AI53: =IF(input_data!U108="","",input_data!U108) | AJ53: =IF(input_data!T108="","",input_data!T108) | AK53: =IF(input_data!U141="","",input_data!U141) | AL53: =IF(input_data!T141="","",input_data!T141) | AM53: =IF(input_data!U174="","",input_data!U174) | AN53: =IF(input_data!T174="","",input_data!T174) | AO53: ---------- | AP53: =IF(input_data!Q5="","",input_data!Q5) | AQ53: =IF(input_data!Q40="","",input_data!Q40) | AR53: =IF(input_data!Q74="","",input_data!Q74) | AS53: =IF(input_data!Q108="","",input_data!Q108) | AT53: =IF(input_data!Q141="","",input_data!Q141) | AU53: =IF(input_data!Q174="","",input_data!Q174) | AV53: ---------- | AW53: =IF(input_data!R5="","",input_data!R5) | AX53: =IF(input_data!S5="","",input_data!S5) | AY53: =IFERROR(IF(OR(AW53="",AX53=""),"",AX53/AW53),"") | AZ53: =IF(input_data!R40="","",input_data!R40) | BA53: =IF(input_data!S40="","",input_data!S40) | BB53: =IFERROR(IF(OR(AZ53="",BA53=""),"",BA53/AZ53),"") | BC53: =IF(input_data!R74="","",input_data!R74) | BD53: =IF(input_data!S74="","",input_data!S74) | BE53: =IFERROR(IF(OR(BC53="",BD53=""),"",BD53/BC53),"") | BF53: =IF(input_data!R108="","",input_data!R108) | BG53: =IF(input_data!S108="","",input_data!S108) | BH53: =IFERROR(IF(OR(BF53="",BG53=""),"",BG53/BF53),"") | BI53: =IF(input_data!R141="","",input_data!R141) | BJ53: =IF(input_data!S141="","",input_data!S141) | BK53: =IFERROR(IF(OR(BI53="",BJ53=""),"",BJ53/BI53),"") | BL53: =IF(input_data!R174="","",input_data!R174) | BM53: =IF(input_data!S174="","",input_data!S174) | BN53: =IFERROR(IF(OR(BL53="",BM53=""),"",BM53/BL53),"") | BO53: ---------- | BP53: =IF(AY53="","",AY53) | BQ53: =IF(BB53="","",BB53) | BR53: =IF(BE53="","",BE53) | BS53: =IF(BH53="","",BH53) | BT53: =IF(BK53="","",BK53) | BU53: =IF(BN53="","",BN53)
A54: 3 | B54: 1 | C54: =IF(input_data!U6="","",input_data!U6) | D54: =IF(input_data!R6="","",input_data!R6) | E54: =IF(input_data!U41="","",input_data!U41) | F54: =IF(input_data!R41="","",input_data!R41) | G54: =IF(input_data!U75="","",input_data!U75) | H54: =IF(input_data!R75="","",input_data!R75) | I54: =IF(input_data!U109="","",input_data!U109) | J54: =IF(input_data!R109="","",input_data!R109) | K54: =IF(input_data!U142="","",input_data!U142) | L54: =IF(input_data!R142="","",input_data!R142) | M54: =IF(input_data!U175="","",input_data!U175) | N54: =IF(input_data!R175="","",input_data!R175) | O54: ---------- | P54: =IF(input_data!U6="","",input_data!U6) | Q54: =IF(input_data!S6="","",input_data!S6) | R54: =IF(input_data!U41="","",input_data!U41) | S54: =IF(input_data!S41="","",input_data!S41) | T54: =IF(input_data!U75="","",input_data!U75) | U54: =IF(input_data!S75="","",input_data!S75) | V54: =IF(input_data!U109="","",input_data!U109) | W54: =IF(input_data!S109="","",input_data!S109) | X54: =IF(input_data!U142="","",input_data!U142) | Y54: =IF(input_data!S142="","",input_data!S142) | Z54: =IF(input_data!U175="","",input_data!U175) | AA54: =IF(input_data!S175="","",input_data!S175) | AB54: ---------- | AC54: =IF(input_data!U6="","",input_data!U6) | AD54: =IF(input_data!T6="","",input_data!T6) | AE54: =IF(input_data!U41="","",input_data!U41) | AF54: =IF(input_data!T41="","",input_data!T41) | AG54: =IF(input_data!U75="","",input_data!U75) | AH54: =IF(input_data!T75="","",input_data!T75) | AI54: =IF(input_data!U109="","",input_data!U109) | AJ54: =IF(input_data!T109="","",input_data!T109) | AK54: =IF(input_data!U142="","",input_data!U142) | AL54: =IF(input_data!T142="","",input_data!T142) | AM54: =IF(input_data!U175="","",input_data!U175) | AN54: =IF(input_data!T175="","",input_data!T175) | AO54: ---------- | AP54: =IF(input_data!Q6="","",input_data!Q6) | AQ54: =IF(input_data!Q41="","",input_data!Q41) | AR54: =IF(input_data!Q75="","",input_data!Q75) | AS54: =IF(input_data!Q109="","",input_data!Q109) | AT54: =IF(input_data!Q142="","",input_data!Q142) | AU54: =IF(input_data!Q175="","",input_data!Q175) | AV54: ---------- | AW54: =IF(input_data!R6="","",input_data!R6) | AX54: =IF(input_data!S6="","",input_data!S6) | AY54: =IFERROR(IF(OR(AW54="",AX54=""),"",AX54/AW54),"") | AZ54: =IF(input_data!R41="","",input_data!R41) | BA54: =IF(input_data!S41="","",input_data!S41) | BB54: =IFERROR(IF(OR(AZ54="",BA54=""),"",BA54/AZ54),"") | BC54: =IF(input_data!R75="","",input_data!R75) | BD54: =IF(input_data!S75="","",input_data!S75) | BE54: =IFERROR(IF(OR(BC54="",BD54=""),"",BD54/BC54),"") | BF54: =IF(input_data!R109="","",input_data!R109) | BG54: =IF(input_data!S109="","",input_data!S109) | BH54: =IFERROR(IF(OR(BF54="",BG54=""),"",BG54/BF54),"") | BI54: =IF(input_data!R142="","",input_data!R142) | BJ54: =IF(input_data!S142="","",input_data!S142) | BK54: =IFERROR(IF(OR(BI54="",BJ54=""),"",BJ54/BI54),"") | BL54: =IF(input_data!R175="","",input_data!R175) | BM54: =IF(input_data!S175="","",input_data!S175) | BN54: =IFERROR(IF(OR(BL54="",BM54=""),"",BM54/BL54),"") | BO54: ---------- | BP54: =IF(AY54="","",AY54) | BQ54: =IF(BB54="","",BB54) | BR54: =IF(BE54="","",BE54) | BS54: =IF(BH54="","",BH54) | BT54: =IF(BK54="","",BK54) | BU54: =IF(BN54="","",BN54)
A55: 4 | B55: 1 | C55: =IF(input_data!U7="","",input_data!U7) | D55: =IF(input_data!R7="","",input_data!R7) | E55: =IF(input_data!U42="","",input_data!U42) | F55: =IF(input_data!R42="","",input_data!R42) | G55: =IF(input_data!U76="","",input_data!U76) | H55: =IF(input_data!R76="","",input_data!R76) | I55: =IF(input_data!U110="","",input_data!U110) | J55: =IF(input_data!R110="","",input_data!R110) | K55: =IF(input_data!U143="","",input_data!U143) | L55: =IF(input_data!R143="","",input_data!R143) | M55: =IF(input_data!U176="","",input_data!U176) | N55: =IF(input_data!R176="","",input_data!R176) | O55: ---------- | P55: =IF(input_data!U7="","",input_data!U7) | Q55: =IF(input_data!S7="","",input_data!S7) | R55: =IF(input_data!U42="","",input_data!U42) | S55: =IF(input_data!S42="","",input_data!S42) | T55: =IF(input_data!U76="","",input_data!U76) | U55: =IF(input_data!S76="","",input_data!S76) | V55: =IF(input_data!U110="","",input_data!U110) | W55: =IF(input_data!S110="","",input_data!S110) | X55: =IF(input_data!U143="","",input_data!U143) | Y55: =IF(input_data!S143="","",input_data!S143) | Z55: =IF(input_data!U176="","",input_data!U176) | AA55: =IF(input_data!S176="","",input_data!S176) | AB55: ---------- | AC55: =IF(input_data!U7="","",input_data!U7) | AD55: =IF(input_data!T7="","",input_data!T7) | AE55: =IF(input_data!U42="","",input_data!U42) | AF55: =IF(input_data!T42="","",input_data!T42) | AG55: =IF(input_data!U76="","",input_data!U76) | AH55: =IF(input_data!T76="","",input_data!T76) | AI55: =IF(input_data!U110="","",input_data!U110) | AJ55: =IF(input_data!T110="","",input_data!T110) | AK55: =IF(input_data!U143="","",input_data!U143) | AL55: =IF(input_data!T143="","",input_data!T143) | AM55: =IF(input_data!U176="","",input_data!U176) | AN55: =IF(input_data!T176="","",input_data!T176) | AO55: ---------- | AP55: =IF(input_data!Q7="","",input_data!Q7) | AQ55: =IF(input_data!Q42="","",input_data!Q42) | AR55: =IF(input_data!Q76="","",input_data!Q76) | AS55: =IF(input_data!Q110="","",input_data!Q110) | AT55: =IF(input_data!Q143="","",input_data!Q143) | AU55: =IF(input_data!Q176="","",input_data!Q176) | AV55: ---------- | AW55: =IF(input_data!R7="","",input_data!R7) | AX55: =IF(input_data!S7="","",input_data!S7) | AY55: =IFERROR(IF(OR(AW55="",AX55=""),"",AX55/AW55),"") | AZ55: =IF(input_data!R42="","",input_data!R42) | BA55: =IF(input_data!S42="","",input_data!S42) | BB55: =IFERROR(IF(OR(AZ55="",BA55=""),"",BA55/AZ55),"") | BC55: =IF(input_data!R76="","",input_data!R76) | BD55: =IF(input_data!S76="","",input_data!S76) | BE55: =IFERROR(IF(OR(BC55="",BD55=""),"",BD55/BC55),"") | BF55: =IF(input_data!R110="","",input_data!R110) | BG55: =IF(input_data!S110="","",input_data!S110) | BH55: =IFERROR(IF(OR(BF55="",BG55=""),"",BG55/BF55),"") | BI55: =IF(input_data!R143="","",input_data!R143) | BJ55: =IF(input_data!S143="","",input_data!S143) | BK55: =IFERROR(IF(OR(BI55="",BJ55=""),"",BJ55/BI55),"") | BL55: =IF(input_data!R176="","",input_data!R176) | BM55: =IF(input_data!S176="","",input_data!S176) | BN55: =IFERROR(IF(OR(BL55="",BM55=""),"",BM55/BL55),"") | BO55: ---------- | BP55: =IF(AY55="","",AY55) | BQ55: =IF(BB55="","",BB55) | BR55: =IF(BE55="","",BE55) | BS55: =IF(BH55="","",BH55) | BT55: =IF(BK55="","",BK55) | BU55: =IF(BN55="","",BN55)
A56: 5 | B56: 1 | C56: =IF(input_data!U8="","",input_data!U8) | D56: =IF(input_data!R8="","",input_data!R8) | E56: =IF(input_data!U43="","",input_data!U43) | F56: =IF(input_data!R43="","",input_data!R43) | G56: =IF(input_data!U77="","",input_data!U77) | H56: =IF(input_data!R77="","",input_data!R77) | I56: =IF(input_data!U111="","",input_data!U111) | J56: =IF(input_data!R111="","",input_data!R111) | K56: =IF(input_data!U144="","",input_data!U144) | L56: =IF(input_data!R144="","",input_data!R144) | M56: =IF(input_data!U177="","",input_data!U177) | N56: =IF(input_data!R177="","",input_data!R177) | O56: ---------- | P56: =IF(input_data!U8="","",input_data!U8) | Q56: =IF(input_data!S8="","",input_data!S8) | R56: =IF(input_data!U43="","",input_data!U43) | S56: =IF(input_data!S43="","",input_data!S43) | T56: =IF(input_data!U77="","",input_data!U77) | U56: =IF(input_data!S77="","",input_data!S77) | V56: =IF(input_data!U111="","",input_data!U111) | W56: =IF(input_data!S111="","",input_data!S111) | X56: =IF(input_data!U144="","",input_data!U144) | Y56: =IF(input_data!S144="","",input_data!S144) | Z56: =IF(input_data!U177="","",input_data!U177) | AA56: =IF(input_data!S177="","",input_data!S177) | AB56: ---------- | AC56: =IF(input_data!U8="","",input_data!U8) | AD56: =IF(input_data!T8="","",input_data!T8) | AE56: =IF(input_data!U43="","",input_data!U43) | AF56: =IF(input_data!T43="","",input_data!T43) | AG56: =IF(input_data!U77="","",input_data!U77) | AH56: =IF(input_data!T77="","",input_data!T77) | AI56: =IF(input_data!U111="","",input_data!U111) | AJ56: =IF(input_data!T111="","",input_data!T111) | AK56: =IF(input_data!U144="","",input_data!U144) | AL56: =IF(input_data!T144="","",input_data!T144) | AM56: =IF(input_data!U177="","",input_data!U177) | AN56: =IF(input_data!T177="","",input_data!T177) | AO56: ---------- | AP56: =IF(input_data!Q8="","",input_data!Q8) | AQ56: =IF(input_data!Q43="","",input_data!Q43) | AR56: =IF(input_data!Q77="","",input_data!Q77) | AS56: =IF(input_data!Q111="","",input_data!Q111) | AT56: =IF(input_data!Q144="","",input_data!Q144) | AU56: =IF(input_data!Q177="","",input_data!Q177) | AV56: ---------- | AW56: =IF(input_data!R8="","",input_data!R8) | AX56: =IF(input_data!S8="","",input_data!S8) | AY56: =IFERROR(IF(OR(AW56="",AX56=""),"",AX56/AW56),"") | AZ56: =IF(input_data!R43="","",input_data!R43) | BA56: =IF(input_data!S43="","",input_data!S43) | BB56: =IFERROR(IF(OR(AZ56="",BA56=""),"",BA56/AZ56),"") | BC56: =IF(input_data!R77="","",input_data!R77) | BD56: =IF(input_data!S77="","",input_data!S77) | BE56: =IFERROR(IF(OR(BC56="",BD56=""),"",BD56/BC56),"") | BF56: =IF(input_data!R111="","",input_data!R111) | BG56: =IF(input_data!S111="","",input_data!S111) | BH56: =IFERROR(IF(OR(BF56="",BG56=""),"",BG56/BF56),"") | BI56: =IF(input_data!R144="","",input_data!R144) | BJ56: =IF(input_data!S144="","",input_data!S144) | BK56: =IFERROR(IF(OR(BI56="",BJ56=""),"",BJ56/BI56),"") | BL56: =IF(input_data!R177="","",input_data!R177) | BM56: =IF(input_data!S177="","",input_data!S177) | BN56: =IFERROR(IF(OR(BL56="",BM56=""),"",BM56/BL56),"") | BO56: ---------- | BP56: =IF(AY56="","",AY56) | BQ56: =IF(BB56="","",BB56) | BR56: =IF(BE56="","",BE56) | BS56: =IF(BH56="","",BH56) | BT56: =IF(BK56="","",BK56) | BU56: =IF(BN56="","",BN56)
A57: 6 | B57: 1 | C57: =IF(input_data!U9="","",input_data!U9) | D57: =IF(input_data!R9="","",input_data!R9) | E57: =IF(input_data!U44="","",input_data!U44) | F57: =IF(input_data!R44="","",input_data!R44) | G57: =IF(input_data!U78="","",input_data!U78) | H57: =IF(input_data!R78="","",input_data!R78) | I57: =IF(input_data!U112="","",input_data!U112) | J57: =IF(input_data!R112="","",input_data!R112) | K57: =IF(input_data!U145="","",input_data!U145) | L57: =IF(input_data!R145="","",input_data!R145) | M57: =IF(input_data!U178="","",input_data!U178) | N57: =IF(input_data!R178="","",input_data!R178) | O57: ---------- | P57: =IF(input_data!U9="","",input_data!U9) | Q57: =IF(input_data!S9="","",input_data!S9) | R57: =IF(input_data!U44="","",input_data!U44) | S57: =IF(input_data!S44="","",input_data!S44) | T57: =IF(input_data!U78="","",input_data!U78) | U57: =IF(input_data!S78="","",input_data!S78) | V57: =IF(input_data!U112="","",input_data!U112) | W57: =IF(input_data!S112="","",input_data!S112) | X57: =IF(input_data!U145="","",input_data!U145) | Y57: =IF(input_data!S145="","",input_data!S145) | Z57: =IF(input_data!U178="","",input_data!U178) | AA57: =IF(input_data!S178="","",input_data!S178) | AB57: ---------- | AC57: =IF(input_data!U9="","",input_data!U9) | AD57: =IF(input_data!T9="","",input_data!T9) | AE57: =IF(input_data!U44="","",input_data!U44) | AF57: =IF(input_data!T44="","",input_data!T44) | AG57: =IF(input_data!U78="","",input_data!U78) | AH57: =IF(input_data!T78="","",input_data!T78) | AI57: =IF(input_data!U112="","",input_data!U112) | AJ57: =IF(input_data!T112="","",input_data!T112) | AK57: =IF(input_data!U145="","",input_data!U145) | AL57: =IF(input_data!T145="","",input_data!T145) | AM57: =IF(input_data!U178="","",input_data!U178) | AN57: =IF(input_data!T178="","",input_data!T178) | AO57: ---------- | AP57: =IF(input_data!Q9="","",input_data!Q9) | AQ57: =IF(input_data!Q44="","",input_data!Q44) | AR57: =IF(input_data!Q78="","",input_data!Q78) | AS57: =IF(input_data!Q112="","",input_data!Q112) | AT57: =IF(input_data!Q145="","",input_data!Q145) | AU57: =IF(input_data!Q178="","",input_data!Q178) | AV57: ---------- | AW57: =IF(input_data!R9="","",input_data!R9) | AX57: =IF(input_data!S9="","",input_data!S9) | AY57: =IFERROR(IF(OR(AW57="",AX57=""),"",AX57/AW57),"") | AZ57: =IF(input_data!R44="","",input_data!R44) | BA57: =IF(input_data!S44="","",input_data!S44) | BB57: =IFERROR(IF(OR(AZ57="",BA57=""),"",BA57/AZ57),"") | BC57: =IF(input_data!R78="","",input_data!R78) | BD57: =IF(input_data!S78="","",input_data!S78) | BE57: =IFERROR(IF(OR(BC57="",BD57=""),"",BD57/BC57),"") | BF57: =IF(input_data!R112="","",input_data!R112) | BG57: =IF(input_data!S112="","",input_data!S112) | BH57: =IFERROR(IF(OR(BF57="",BG57=""),"",BG57/BF57),"") | BI57: =IF(input_data!R145="","",input_data!R145) | BJ57: =IF(input_data!S145="","",input_data!S145) | BK57: =IFERROR(IF(OR(BI57="",BJ57=""),"",BJ57/BI57),"") | BL57: =IF(input_data!R178="","",input_data!R178) | BM57: =IF(input_data!S178="","",input_data!S178) | BN57: =IFERROR(IF(OR(BL57="",BM57=""),"",BM57/BL57),"") | BO57: ---------- | BP57: =IF(AY57="","",AY57) | BQ57: =IF(BB57="","",BB57) | BR57: =IF(BE57="","",BE57) | BS57: =IF(BH57="","",BH57) | BT57: =IF(BK57="","",BK57) | BU57: =IF(BN57="","",BN57)
A58: 7 | B58: 1 | C58: =IF(input_data!U10="","",input_data!U10) | D58: =IF(input_data!R10="","",input_data!R10) | E58: =IF(input_data!U45="","",input_data!U45) | F58: =IF(input_data!R45="","",input_data!R45) | G58: =IF(input_data!U79="","",input_data!U79) | H58: =IF(input_data!R79="","",input_data!R79) | I58: =IF(input_data!U113="","",input_data!U113) | J58: =IF(input_data!R113="","",input_data!R113) | K58: =IF(input_data!U146="","",input_data!U146) | L58: =IF(input_data!R146="","",input_data!R146) | M58: =IF(input_data!U179="","",input_data!U179) | N58: =IF(input_data!R179="","",input_data!R179) | O58: ---------- | P58: =IF(input_data!U10="","",input_data!U10) | Q58: =IF(input_data!S10="","",input_data!S10) | R58: =IF(input_data!U45="","",input_data!U45) | S58: =IF(input_data!S45="","",input_data!S45) | T58: =IF(input_data!U79="","",input_data!U79) | U58: =IF(input_data!S79="","",input_data!S79) | V58: =IF(input_data!U113="","",input_data!U113) | W58: =IF(input_data!S113="","",input_data!S113) | X58: =IF(input_data!U146="","",input_data!U146) | Y58: =IF(input_data!S146="","",input_data!S146) | Z58: =IF(input_data!U179="","",input_data!U179) | AA58: =IF(input_data!S179="","",input_data!S179) | AB58: ---------- | AC58: =IF(input_data!U10="","",input_data!U10) | AD58: =IF(input_data!T10="","",input_data!T10) | AE58: =IF(input_data!U45="","",input_data!U45) | AF58: =IF(input_data!T45="","",input_data!T45) | AG58: =IF(input_data!U79="","",input_data!U79) | AH58: =IF(input_data!T79="","",input_data!T79) | AI58: =IF(input_data!U113="","",input_data!U113) | AJ58: =IF(input_data!T113="","",input_data!T113) | AK58: =IF(input_data!U146="","",input_data!U146) | AL58: =IF(input_data!T146="","",input_data!T146) | AM58: =IF(input_data!U179="","",input_data!U179) | AN58: =IF(input_data!T179="","",input_data!T179) | AO58: ---------- | AP58: =IF(input_data!Q10="","",input_data!Q10) | AQ58: =IF(input_data!Q45="","",input_data!Q45) | AR58: =IF(input_data!Q79="","",input_data!Q79) | AS58: =IF(input_data!Q113="","",input_data!Q113) | AT58: =IF(input_data!Q146="","",input_data!Q146) | AU58: =IF(input_data!Q179="","",input_data!Q179) | AV58: ---------- | AW58: =IF(input_data!R10="","",input_data!R10) | AX58: =IF(input_data!S10="","",input_data!S10) | AY58: =IFERROR(IF(OR(AW58="",AX58=""),"",AX58/AW58),"") | AZ58: =IF(input_data!R45="","",input_data!R45) | BA58: =IF(input_data!S45="","",input_data!S45) | BB58: =IFERROR(IF(OR(AZ58="",BA58=""),"",BA58/AZ58),"") | BC58: =IF(input_data!R79="","",input_data!R79) | BD58: =IF(input_data!S79="","",input_data!S79) | BE58: =IFERROR(IF(OR(BC58="",BD58=""),"",BD58/BC58),"") | BF58: =IF(input_data!R113="","",input_data!R113) | BG58: =IF(input_data!S113="","",input_data!S113) | BH58: =IFERROR(IF(OR(BF58="",BG58=""),"",BG58/BF58),"") | BI58: =IF(input_data!R146="","",input_data!R146) | BJ58: =IF(input_data!S146="","",input_data!S146) | BK58: =IFERROR(IF(OR(BI58="",BJ58=""),"",BJ58/BI58),"") | BL58: =IF(input_data!R179="","",input_data!R179) | BM58: =IF(input_data!S179="","",input_data!S179) | BN58: =IFERROR(IF(OR(BL58="",BM58=""),"",BM58/BL58),"") | BO58: ---------- | BP58: =IF(AY58="","",AY58) | BQ58: =IF(BB58="","",BB58) | BR58: =IF(BE58="","",BE58) | BS58: =IF(BH58="","",BH58) | BT58: =IF(BK58="","",BK58) | BU58: =IF(BN58="","",BN58)
A59: 8 | B59: 1 | C59: =IF(input_data!U11="","",input_data!U11) | D59: =IF(input_data!R11="","",input_data!R11) | E59: =IF(input_data!U46="","",input_data!U46) | F59: =IF(input_data!R46="","",input_data!R46) | G59: =IF(input_data!U80="","",input_data!U80) | H59: =IF(input_data!R80="","",input_data!R80) | I59: =IF(input_data!U114="","",input_data!U114) | J59: =IF(input_data!R114="","",input_data!R114) | K59: =IF(input_data!U147="","",input_data!U147) | L59: =IF(input_data!R147="","",input_data!R147) | M59: =IF(input_data!U180="","",input_data!U180) | N59: =IF(input_data!R180="","",input_data!R180) | O59: ---------- | P59: =IF(input_data!U11="","",input_data!U11) | Q59: =IF(input_data!S11="","",input_data!S11) | R59: =IF(input_data!U46="","",input_data!U46) | S59: =IF(input_data!S46="","",input_data!S46) | T59: =IF(input_data!U80="","",input_data!U80) | U59: =IF(input_data!S80="","",input_data!S80) | V59: =IF(input_data!U114="","",input_data!U114) | W59: =IF(input_data!S114="","",input_data!S114) | X59: =IF(input_data!U147="","",input_data!U147) | Y59: =IF(input_data!S147="","",input_data!S147) | Z59: =IF(input_data!U180="","",input_data!U180) | AA59: =IF(input_data!S180="","",input_data!S180) | AB59: ---------- | AC59: =IF(input_data!U11="","",input_data!U11) | AD59: =IF(input_data!T11="","",input_data!T11) | AE59: =IF(input_data!U46="","",input_data!U46) | AF59: =IF(input_data!T46="","",input_data!T46) | AG59: =IF(input_data!U80="","",input_data!U80) | AH59: =IF(input_data!T80="","",input_data!T80) | AI59: =IF(input_data!U114="","",input_data!U114) | AJ59: =IF(input_data!T114="","",input_data!T114) | AK59: =IF(input_data!U147="","",input_data!U147) | AL59: =IF(input_data!T147="","",input_data!T147) | AM59: =IF(input_data!U180="","",input_data!U180) | AN59: =IF(input_data!T180="","",input_data!T180) | AO59: ---------- | AP59: =IF(input_data!Q11="","",input_data!Q11) | AQ59: =IF(input_data!Q46="","",input_data!Q46) | AR59: =IF(input_data!Q80="","",input_data!Q80) | AS59: =IF(input_data!Q114="","",input_data!Q114) | AT59: =IF(input_data!Q147="","",input_data!Q147) | AU59: =IF(input_data!Q180="","",input_data!Q180) | AV59: ---------- | AW59: =IF(input_data!R11="","",input_data!R11) | AX59: =IF(input_data!S11="","",input_data!S11) | AY59: =IFERROR(IF(OR(AW59="",AX59=""),"",AX59/AW59),"") | AZ59: =IF(input_data!R46="","",input_data!R46) | BA59: =IF(input_data!S46="","",input_data!S46) | BB59: =IFERROR(IF(OR(AZ59="",BA59=""),"",BA59/AZ59),"") | BC59: =IF(input_data!R80="","",input_data!R80) | BD59: =IF(input_data!S80="","",input_data!S80) | BE59: =IFERROR(IF(OR(BC59="",BD59=""),"",BD59/BC59),"") | BF59: =IF(input_data!R114="","",input_data!R114) | BG59: =IF(input_data!S114="","",input_data!S114) | BH59: =IFERROR(IF(OR(BF59="",BG59=""),"",BG59/BF59),"") | BI59: =IF(input_data!R147="","",input_data!R147) | BJ59: =IF(input_data!S147="","",input_data!S147) | BK59: =IFERROR(IF(OR(BI59="",BJ59=""),"",BJ59/BI59),"") | BL59: =IF(input_data!R180="","",input_data!R180) | BM59: =IF(input_data!S180="","",input_data!S180) | BN59: =IFERROR(IF(OR(BL59="",BM59=""),"",BM59/BL59),"") | BO59: ---------- | BP59: =IF(AY59="","",AY59) | BQ59: =IF(BB59="","",BB59) | BR59: =IF(BE59="","",BE59) | BS59: =IF(BH59="","",BH59) | BT59: =IF(BK59="","",BK59) | BU59: =IF(BN59="","",BN59)
A60: 9 | B60: 1 | C60: =IF(input_data!U12="","",input_data!U12) | D60: =IF(input_data!R12="","",input_data!R12) | E60: =IF(input_data!U47="","",input_data!U47) | F60: =IF(input_data!R47="","",input_data!R47) | G60: =IF(input_data!U81="","",input_data!U81) | H60: =IF(input_data!R81="","",input_data!R81) | I60: =IF(input_data!U115="","",input_data!U115) | J60: =IF(input_data!R115="","",input_data!R115) | K60: =IF(input_data!U148="","",input_data!U148) | L60: =IF(input_data!R148="","",input_data!R148) | M60: =IF(input_data!U181="","",input_data!U181) | N60: =IF(input_data!R181="","",input_data!R181) | O60: ---------- | P60: =IF(input_data!U12="","",input_data!U12) | Q60: =IF(input_data!S12="","",input_data!S12) | R60: =IF(input_data!U47="","",input_data!U47) | S60: =IF(input_data!S47="","",input_data!S47) | T60: =IF(input_data!U81="","",input_data!U81) | U60: =IF(input_data!S81="","",input_data!S81) | V60: =IF(input_data!U115="","",input_data!U115) | W60: =IF(input_data!S115="","",input_data!S115) | X60: =IF(input_data!U148="","",input_data!U148) | Y60: =IF(input_data!S148="","",input_data!S148) | Z60: =IF(input_data!U181="","",input_data!U181) | AA60: =IF(input_data!S181="","",input_data!S181) | AB60: ---------- | AC60: =IF(input_data!U12="","",input_data!U12) | AD60: =IF(input_data!T12="","",input_data!T12) | AE60: =IF(input_data!U47="","",input_data!U47) | AF60: =IF(input_data!T47="","",input_data!T47) | AG60: =IF(input_data!U81="","",input_data!U81) | AH60: =IF(input_data!T81="","",input_data!T81) | AI60: =IF(input_data!U115="","",input_data!U115) | AJ60: =IF(input_data!T115="","",input_data!T115) | AK60: =IF(input_data!U148="","",input_data!U148) | AL60: =IF(input_data!T148="","",input_data!T148) | AM60: =IF(input_data!U181="","",input_data!U181) | AN60: =IF(input_data!T181="","",input_data!T181) | AO60: ---------- | AP60: =IF(input_data!Q12="","",input_data!Q12) | AQ60: =IF(input_data!Q47="","",input_data!Q47) | AR60: =IF(input_data!Q81="","",input_data!Q81) | AS60: =IF(input_data!Q115="","",input_data!Q115) | AT60: =IF(input_data!Q148="","",input_data!Q148) | AU60: =IF(input_data!Q181="","",input_data!Q181) | AV60: ---------- | AW60: =IF(input_data!R12="","",input_data!R12) | AX60: =IF(input_data!S12="","",input_data!S12) | AY60: =IFERROR(IF(OR(AW60="",AX60=""),"",AX60/AW60),"") | AZ60: =IF(input_data!R47="","",input_data!R47) | BA60: =IF(input_data!S47="","",input_data!S47) | BB60: =IFERROR(IF(OR(AZ60="",BA60=""),"",BA60/AZ60),"") | BC60: =IF(input_data!R81="","",input_data!R81) | BD60: =IF(input_data!S81="","",input_data!S81) | BE60: =IFERROR(IF(OR(BC60="",BD60=""),"",BD60/BC60),"") | BF60: =IF(input_data!R115="","",input_data!R115) | BG60: =IF(input_data!S115="","",input_data!S115) | BH60: =IFERROR(IF(OR(BF60="",BG60=""),"",BG60/BF60),"") | BI60: =IF(input_data!R148="","",input_data!R148) | BJ60: =IF(input_data!S148="","",input_data!S148) | BK60: =IFERROR(IF(OR(BI60="",BJ60=""),"",BJ60/BI60),"") | BL60: =IF(input_data!R181="","",input_data!R181) | BM60: =IF(input_data!S181="","",input_data!S181) | BN60: =IFERROR(IF(OR(BL60="",BM60=""),"",BM60/BL60),"") | BO60: ---------- | BP60: =IF(AY60="","",AY60) | BQ60: =IF(BB60="","",BB60) | BR60: =IF(BE60="","",BE60) | BS60: =IF(BH60="","",BH60) | BT60: =IF(BK60="","",BK60) | BU60: =IF(BN60="","",BN60)
A61: 10 | B61: 1 | C61: =IF(input_data!U13="","",input_data!U13) | D61: =IF(input_data!R13="","",input_data!R13) | E61: =IF(input_data!U48="","",input_data!U48) | F61: =IF(input_data!R48="","",input_data!R48) | G61: =IF(input_data!U82="","",input_data!U82) | H61: =IF(input_data!R82="","",input_data!R82) | I61: =IF(input_data!U116="","",input_data!U116) | J61: =IF(input_data!R116="","",input_data!R116) | K61: =IF(input_data!U149="","",input_data!U149) | L61: =IF(input_data!R149="","",input_data!R149) | M61: =IF(input_data!U182="","",input_data!U182) | N61: =IF(input_data!R182="","",input_data!R182) | O61: ---------- | P61: =IF(input_data!U13="","",input_data!U13) | Q61: =IF(input_data!S13="","",input_data!S13) | R61: =IF(input_data!U48="","",input_data!U48) | S61: =IF(input_data!S48="","",input_data!S48) | T61: =IF(input_data!U82="","",input_data!U82) | U61: =IF(input_data!S82="","",input_data!S82) | V61: =IF(input_data!U116="","",input_data!U116) | W61: =IF(input_data!S116="","",input_data!S116) | X61: =IF(input_data!U149="","",input_data!U149) | Y61: =IF(input_data!S149="","",input_data!S149) | Z61: =IF(input_data!U182="","",input_data!U182) | AA61: =IF(input_data!S182="","",input_data!S182) | AB61: ---------- | AC61: =IF(input_data!U13="","",input_data!U13) | AD61: =IF(input_data!T13="","",input_data!T13) | AE61: =IF(input_data!U48="","",input_data!U48) | AF61: =IF(input_data!T48="","",input_data!T48) | AG61: =IF(input_data!U82="","",input_data!U82) | AH61: =IF(input_data!T82="","",input_data!T82) | AI61: =IF(input_data!U116="","",input_data!U116) | AJ61: =IF(input_data!T116="","",input_data!T116) | AK61: =IF(input_data!U149="","",input_data!U149) | AL61: =IF(input_data!T149="","",input_data!T149) | AM61: =IF(input_data!U182="","",input_data!U182) | AN61: =IF(input_data!T182="","",input_data!T182) | AO61: ---------- | AP61: =IF(input_data!Q13="","",input_data!Q13) | AQ61: =IF(input_data!Q48="","",input_data!Q48) | AR61: =IF(input_data!Q82="","",input_data!Q82) | AS61: =IF(input_data!Q116="","",input_data!Q116) | AT61: =IF(input_data!Q149="","",input_data!Q149) | AU61: =IF(input_data!Q182="","",input_data!Q182) | AV61: ---------- | AW61: =IF(input_data!R13="","",input_data!R13) | AX61: =IF(input_data!S13="","",input_data!S13) | AY61: =IFERROR(IF(OR(AW61="",AX61=""),"",AX61/AW61),"") | AZ61: =IF(input_data!R48="","",input_data!R48) | BA61: =IF(input_data!S48="","",input_data!S48) | BB61: =IFERROR(IF(OR(AZ61="",BA61=""),"",BA61/AZ61),"") | BC61: =IF(input_data!R82="","",input_data!R82) | BD61: =IF(input_data!S82="","",input_data!S82) | BE61: =IFERROR(IF(OR(BC61="",BD61=""),"",BD61/BC61),"") | BF61: =IF(input_data!R116="","",input_data!R116) | BG61: =IF(input_data!S116="","",input_data!S116) | BH61: =IFERROR(IF(OR(BF61="",BG61=""),"",BG61/BF61),"") | BI61: =IF(input_data!R149="","",input_data!R149) | BJ61: =IF(input_data!S149="","",input_data!S149) | BK61: =IFERROR(IF(OR(BI61="",BJ61=""),"",BJ61/BI61),"") | BL61: =IF(input_data!R182="","",input_data!R182) | BM61: =IF(input_data!S182="","",input_data!S182) | BN61: =IFERROR(IF(OR(BL61="",BM61=""),"",BM61/BL61),"") | BO61: ---------- | BP61: =IF(AY61="","",AY61) | BQ61: =IF(BB61="","",BB61) | BR61: =IF(BE61="","",BE61) | BS61: =IF(BH61="","",BH61) | BT61: =IF(BK61="","",BK61) | BU61: =IF(BN61="","",BN61)
A62: 11 | B62: 1 | C62: =IF(input_data!U14="","",input_data!U14) | D62: =IF(input_data!R14="","",input_data!R14) | E62: =IF(input_data!U49="","",input_data!U49) | F62: =IF(input_data!R49="","",input_data!R49) | G62: =IF(input_data!U83="","",input_data!U83) | H62: =IF(input_data!R83="","",input_data!R83) | I62: =IF(input_data!U117="","",input_data!U117) | J62: =IF(input_data!R117="","",input_data!R117) | K62: =IF(input_data!U150="","",input_data!U150) | L62: =IF(input_data!R150="","",input_data!R150) | M62: =IF(input_data!U183="","",input_data!U183) | N62: =IF(input_data!R183="","",input_data!R183) | O62: ---------- | P62: =IF(input_data!U14="","",input_data!U14) | Q62: =IF(input_data!S14="","",input_data!S14) | R62: =IF(input_data!U49="","",input_data!U49) | S62: =IF(input_data!S49="","",input_data!S49) | T62: =IF(input_data!U83="","",input_data!U83) | U62: =IF(input_data!S83="","",input_data!S83) | V62: =IF(input_data!U117="","",input_data!U117) | W62: =IF(input_data!S117="","",input_data!S117) | X62: =IF(input_data!U150="","",input_data!U150) | Y62: =IF(input_data!S150="","",input_data!S150) | Z62: =IF(input_data!U183="","",input_data!U183) | AA62: =IF(input_data!S183="","",input_data!S183) | AB62: ---------- | AC62: =IF(input_data!U14="","",input_data!U14) | AD62: =IF(input_data!T14="","",input_data!T14) | AE62: =IF(input_data!U49="","",input_data!U49) | AF62: =IF(input_data!T49="","",input_data!T49) | AG62: =IF(input_data!U83="","",input_data!U83) | AH62: =IF(input_data!T83="","",input_data!T83) | AI62: =IF(input_data!U117="","",input_data!U117) | AJ62: =IF(input_data!T117="","",input_data!T117) | AK62: =IF(input_data!U150="","",input_data!U150) | AL62: =IF(input_data!T150="","",input_data!T150) | AM62: =IF(input_data!U183="","",input_data!U183) | AN62: =IF(input_data!T183="","",input_data!T183) | AO62: ---------- | AP62: =IF(input_data!Q14="","",input_data!Q14) | AQ62: =IF(input_data!Q49="","",input_data!Q49) | AR62: =IF(input_data!Q83="","",input_data!Q83) | AS62: =IF(input_data!Q117="","",input_data!Q117) | AT62: =IF(input_data!Q150="","",input_data!Q150) | AU62: =IF(input_data!Q183="","",input_data!Q183) | AV62: ---------- | AW62: =IF(input_data!R14="","",input_data!R14) | AX62: =IF(input_data!S14="","",input_data!S14) | AY62: =IFERROR(IF(OR(AW62="",AX62=""),"",AX62/AW62),"") | AZ62: =IF(input_data!R49="","",input_data!R49) | BA62: =IF(input_data!S49="","",input_data!S49) | BB62: =IFERROR(IF(OR(AZ62="",BA62=""),"",BA62/AZ62),"") | BC62: =IF(input_data!R83="","",input_data!R83) | BD62: =IF(input_data!S83="","",input_data!S83) | BE62: =IFERROR(IF(OR(BC62="",BD62=""),"",BD62/BC62),"") | BF62: =IF(input_data!R117="","",input_data!R117) | BG62: =IF(input_data!S117="","",input_data!S117) | BH62: =IFERROR(IF(OR(BF62="",BG62=""),"",BG62/BF62),"") | BI62: =IF(input_data!R150="","",input_data!R150) | BJ62: =IF(input_data!S150="","",input_data!S150) | BK62: =IFERROR(IF(OR(BI62="",BJ62=""),"",BJ62/BI62),"") | BL62: =IF(input_data!R183="","",input_data!R183) | BM62: =IF(input_data!S183="","",input_data!S183) | BN62: =IFERROR(IF(OR(BL62="",BM62=""),"",BM62/BL62),"") | BO62: ---------- | BP62: =IF(AY62="","",AY62) | BQ62: =IF(BB62="","",BB62) | BR62: =IF(BE62="","",BE62) | BS62: =IF(BH62="","",BH62) | BT62: =IF(BK62="","",BK62) | BU62: =IF(BN62="","",BN62)
A63: 12 | B63: 1 | C63: =IF(input_data!U15="","",input_data!U15) | D63: =IF(input_data!R15="","",input_data!R15) | E63: =IF(input_data!U50="","",input_data!U50) | F63: =IF(input_data!R50="","",input_data!R50) | G63: =IF(input_data!U84="","",input_data!U84) | H63: =IF(input_data!R84="","",input_data!R84) | I63: =IF(input_data!U118="","",input_data!U118) | J63: =IF(input_data!R118="","",input_data!R118) | K63: =IF(input_data!U151="","",input_data!U151) | L63: =IF(input_data!R151="","",input_data!R151) | M63: =IF(input_data!U184="","",input_data!U184) | N63: =IF(input_data!R184="","",input_data!R184) | O63: ---------- | P63: =IF(input_data!U15="","",input_data!U15) | Q63: =IF(input_data!S15="","",input_data!S15) | R63: =IF(input_data!U50="","",input_data!U50) | S63: =IF(input_data!S50="","",input_data!S50) | T63: =IF(input_data!U84="","",input_data!U84) | U63: =IF(input_data!S84="","",input_data!S84) | V63: =IF(input_data!U118="","",input_data!U118) | W63: =IF(input_data!S118="","",input_data!S118) | X63: =IF(input_data!U151="","",input_data!U151) | Y63: =IF(input_data!S151="","",input_data!S151) | Z63: =IF(input_data!U184="","",input_data!U184) | AA63: =IF(input_data!S184="","",input_data!S184) | AB63: ---------- | AC63: =IF(input_data!U15="","",input_data!U15) | AD63: =IF(input_data!T15="","",input_data!T15) | AE63: =IF(input_data!U50="","",input_data!U50) | AF63: =IF(input_data!T50="","",input_data!T50) | AG63: =IF(input_data!U84="","",input_data!U84) | AH63: =IF(input_data!T84="","",input_data!T84) | AI63: =IF(input_data!U118="","",input_data!U118) | AJ63: =IF(input_data!T118="","",input_data!T118) | AK63: =IF(input_data!U151="","",input_data!U151) | AL63: =IF(input_data!T151="","",input_data!T151) | AM63: =IF(input_data!U184="","",input_data!U184) | AN63: =IF(input_data!T184="","",input_data!T184) | AO63: ---------- | AP63: =IF(input_data!Q15="","",input_data!Q15) | AQ63: =IF(input_data!Q50="","",input_data!Q50) | AR63: =IF(input_data!Q84="","",input_data!Q84) | AS63: =IF(input_data!Q118="","",input_data!Q118) | AT63: =IF(input_data!Q151="","",input_data!Q151) | AU63: =IF(input_data!Q184="","",input_data!Q184) | AV63: ---------- | AW63: =IF(input_data!R15="","",input_data!R15) | AX63: =IF(input_data!S15="","",input_data!S15) | AY63: =IFERROR(IF(OR(AW63="",AX63=""),"",AX63/AW63),"") | AZ63: =IF(input_data!R50="","",input_data!R50) | BA63: =IF(input_data!S50="","",input_data!S50) | BB63: =IFERROR(IF(OR(AZ63="",BA63=""),"",BA63/AZ63),"") | BC63: =IF(input_data!R84="","",input_data!R84) | BD63: =IF(input_data!S84="","",input_data!S84) | BE63: =IFERROR(IF(OR(BC63="",BD63=""),"",BD63/BC63),"") | BF63: =IF(input_data!R118="","",input_data!R118) | BG63: =IF(input_data!S118="","",input_data!S118) | BH63: =IFERROR(IF(OR(BF63="",BG63=""),"",BG63/BF63),"") | BI63: =IF(input_data!R151="","",input_data!R151) | BJ63: =IF(input_data!S151="","",input_data!S151) | BK63: =IFERROR(IF(OR(BI63="",BJ63=""),"",BJ63/BI63),"") | BL63: =IF(input_data!R184="","",input_data!R184) | BM63: =IF(input_data!S184="","",input_data!S184) | BN63: =IFERROR(IF(OR(BL63="",BM63=""),"",BM63/BL63),"") | BO63: ---------- | BP63: =IF(AY63="","",AY63) | BQ63: =IF(BB63="","",BB63) | BR63: =IF(BE63="","",BE63) | BS63: =IF(BH63="","",BH63) | BT63: =IF(BK63="","",BK63) | BU63: =IF(BN63="","",BN63)
... A71: 20 | B71: 1 | C71: =IF(input_data!U23="","",input_data!U23) | D71: =IF(input_data!R23="","",input_data!R23) | E71: =IF(input_data!U58="","",input_data!U58) | F71: =IF(input_data!R58="","",input_data!R58) | G71: =IF(input_data!U92="","",input_data!U92) | H71: =IF(input_data!R92="","",input_data!R92) | I71: =IF(input_data!U126="","",input_data!U126) | J71: =IF(input_data!R126="","",input_data!R126) | K71: =IF(input_data!U159="","",input_data!U159) | L71: =IF(input_data!R159="","",input_data!R159) | M71: =IF(input_data!U192="","",input_data!U192) | N71: =IF(input_data!R192="","",input_data!R192) | O71: ---------- | P71: =IF(input_data!U23="","",input_data!U23) | Q71: =IF(input_data!S23="","",input_data!S23) | R71: =IF(input_data!U58="","",input_data!U58) | S71: =IF(input_data!S58="","",input_data!S58) | T71: =IF(input_data!U92="","",input_data!U92) | U71: =IF(input_data!S92="","",input_data!S92) | V71: =IF(input_data!U126="","",input_data!U126) | W71: =IF(input_data!S126="","",input_data!S126) | X71: =IF(input_data!U159="","",input_data!U159) | Y71: =IF(input_data!S159="","",input_data!S159) | Z71: =IF(input_data!U192="","",input_data!U192) | AA71: =IF(input_data!S192="","",input_data!S192) | AB71: ---------- | AC71: =IF(input_data!U23="","",input_data!U23) | AD71: =IF(input_data!T23="","",input_data!T23) | AE71: =IF(input_data!U58="","",input_data!U58) | AF71: =IF(input_data!T58="","",input_data!T58) | AG71: =IF(input_data!U92="","",input_data!U92) | AH71: =IF(input_data!T92="","",input_data!T92) | AI71: =IF(input_data!U126="","",input_data!U126) | AJ71: =IF(input_data!T126="","",input_data!T126) | AK71: =IF(input_data!U159="","",input_data!U159) | AL71: =IF(input_data!T159="","",input_data!T159) | AM71: =IF(input_data!U192="","",input_data!U192) | AN71: =IF(input_data!T192="","",input_data!T192) | AO71: ---------- | AP71: =IF(input_data!Q23="","",input_data!Q23) | AQ71: =IF(input_data!Q58="","",input_data!Q58) | AR71: =IF(input_data!Q92="","",input_data!Q92) | AS71: =IF(input_data!Q126="","",input_data!Q126) | AT71: =IF(input_data!Q159="","",input_data!Q159) | AU71: =IF(input_data!Q192="","",input_data!Q192) | AV71: ---------- | AW71: =IF(input_data!R23="","",input_data!R23) | AX71: =IF(input_data!S23="","",input_data!S23) | AY71: =IFERROR(IF(OR(AW71="",AX71=""),"",AX71/AW71),"") | AZ71: =IF(input_data!R58="","",input_data!R58) | BA71: =IF(input_data!S58="","",input_data!S58) | BB71: =IFERROR(IF(OR(AZ71="",BA71=""),"",BA71/AZ71),"") | BC71: =IF(input_data!R92="","",input_data!R92) | BD71: =IF(input_data!S92="","",input_data!S92) | BE71: =IFERROR(IF(OR(BC71="",BD71=""),"",BD71/BC71),"") | BF71: =IF(input_data!R126="","",input_data!R126) | BG71: =IF(input_data!S126="","",input_data!S126) | BH71: =IFERROR(IF(OR(BF71="",BG71=""),"",BG71/BF71),"") | BI71: =IF(input_data!R159="","",input_data!R159) | BJ71: =IF(input_data!S159="","",input_data!S159) | BK71: =IFERROR(IF(OR(BI71="",BJ71=""),"",BJ71/BI71),"") | BL71: =IF(input_data!R192="","",input_data!R192) | BM71: =IF(input_data!S192="","",input_data!S192) | BN71: =IFERROR(IF(OR(BL71="",BM71=""),"",BM71/BL71),"") | BO71: ---------- | BP71: =IF(AY71="","",AY71) | BQ71: =IF(BB71="","",BB71) | BR71: =IF(BE71="","",BE71) | BS71: =IF(BH71="","",BH71) | BT71: =IF(BK71="","",BK71) | BU71: =IF(BN71="","",BN71)
A74: Частота 5 Гц
A75: 1 | B75: 5 | C75: =IF(input_data!AB4="","",input_data!AB4) | D75: =IF(input_data!Y4="","",input_data!Y4) | E75: =IF(input_data!AB39="","",input_data!AB39) | F75: =IF(input_data!Y39="","",input_data!Y39) | G75: =IF(input_data!AB73="","",input_data!AB73) | H75: =IF(input_data!Y73="","",input_data!Y73) | I75: =IF(input_data!AB107="","",input_data!AB107) | J75: =IF(input_data!Y107="","",input_data!Y107) | K75: =IF(input_data!AB140="","",input_data!AB140) | L75: =IF(input_data!Y140="","",input_data!Y140) | M75: =IF(input_data!AB173="","",input_data!AB173) | N75: =IF(input_data!Y173="","",input_data!Y173) | O75: ---------- | P75: =IF(input_data!AB4="","",input_data!AB4) | Q75: =IF(input_data!Z4="","",input_data!Z4) | R75: =IF(input_data!AB39="","",input_data!AB39) | S75: =IF(input_data!Z39="","",input_data!Z39) | T75: =IF(input_data!AB73="","",input_data!AB73) | U75: =IF(input_data!Z73="","",input_data!Z73) | V75: =IF(input_data!AB107="","",input_data!AB107) | W75: =IF(input_data!Z107="","",input_data!Z107) | X75: =IF(input_data!AB140="","",input_data!AB140) | Y75: =IF(input_data!Z140="","",input_data!Z140) | Z75: =IF(input_data!AB173="","",input_data!AB173) | AA75: =IF(input_data!Z173="","",input_data!Z173) | AB75: ---------- | AC75: =IF(input_data!AB4="","",input_data!AB4) | AD75: =IF(input_data!AA4="","",input_data!AA4) | AE75: =IF(input_data!AB39="","",input_data!AB39) | AF75: =IF(input_data!AA39="","",input_data!AA39) | AG75: =IF(input_data!AB73="","",input_data!AB73) | AH75: =IF(input_data!AA73="","",input_data!AA73) | AI75: =IF(input_data!AB107="","",input_data!AB107) | AJ75: =IF(input_data!AA107="","",input_data!AA107) | AK75: =IF(input_data!AB140="","",input_data!AB140) | AL75: =IF(input_data!AA140="","",input_data!AA140) | AM75: =IF(input_data!AB173="","",input_data!AB173) | AN75: =IF(input_data!AA173="","",input_data!AA173) | AO75: ---------- | AP75: =IF(input_data!X4="","",input_data!X4) | AQ75: =IF(input_data!X39="","",input_data!X39) | AR75: =IF(input_data!X73="","",input_data!X73) | AS75: =IF(input_data!X107="","",input_data!X107) | AT75: =IF(input_data!X140="","",input_data!X140) | AU75: =IF(input_data!X173="","",input_data!X173) | AV75: ---------- | AW75: =IF(input_data!Y4="","",input_data!Y4) | AX75: =IF(input_data!Z4="","",input_data!Z4) | AY75: =IFERROR(IF(OR(AW75="",AX75=""),"",AX75/AW75),"") | AZ75: =IF(input_data!Y39="","",input_data!Y39) | BA75: =IF(input_data!Z39="","",input_data!Z39) | BB75: =IFERROR(IF(OR(AZ75="",BA75=""),"",BA75/AZ75),"") | BC75: =IF(input_data!Y73="","",input_data!Y73) | BD75: =IF(input_data!Z73="","",input_data!Z73) | BE75: =IFERROR(IF(OR(BC75="",BD75=""),"",BD75/BC75),"") | BF75: =IF(input_data!Y107="","",input_data!Y107) | BG75: =IF(input_data!Z107="","",input_data!Z107) | BH75: =IFERROR(IF(OR(BF75="",BG75=""),"",BG75/BF75),"") | BI75: =IF(input_data!Y140="","",input_data!Y140) | BJ75: =IF(input_data!Z140="","",input_data!Z140) | BK75: =IFERROR(IF(OR(BI75="",BJ75=""),"",BJ75/BI75),"") | BL75: =IF(input_data!Y173="","",input_data!Y173) | BM75: =IF(input_data!Z173="","",input_data!Z173) | BN75: =IFERROR(IF(OR(BL75="",BM75=""),"",BM75/BL75),"") | BO75: ---------- | BP75: =IF(AY75="","",AY75) | BQ75: =IF(BB75="","",BB75) | BR75: =IF(BE75="","",BE75) | BS75: =IF(BH75="","",BH75) | BT75: =IF(BK75="","",BK75) | BU75: =IF(BN75="","",BN75)
A76: 2 | B76: 5 | C76: =IF(input_data!AB5="","",input_data!AB5) | D76: =IF(input_data!Y5="","",input_data!Y5) | E76: =IF(input_data!AB40="","",input_data!AB40) | F76: =IF(input_data!Y40="","",input_data!Y40) | G76: =IF(input_data!AB74="","",input_data!AB74) | H76: =IF(input_data!Y74="","",input_data!Y74) | I76: =IF(input_data!AB108="","",input_data!AB108) | J76: =IF(input_data!Y108="","",input_data!Y108) | K76: =IF(input_data!AB141="","",input_data!AB141) | L76: =IF(input_data!Y141="","",input_data!Y141) | M76: =IF(input_data!AB174="","",input_data!AB174) | N76: =IF(input_data!Y174="","",input_data!Y174) | O76: ---------- | P76: =IF(input_data!AB5="","",input_data!AB5) | Q76: =IF(input_data!Z5="","",input_data!Z5) | R76: =IF(input_data!AB40="","",input_data!AB40) | S76: =IF(input_data!Z40="","",input_data!Z40) | T76: =IF(input_data!AB74="","",input_data!AB74) | U76: =IF(input_data!Z74="","",input_data!Z74) | V76: =IF(input_data!AB108="","",input_data!AB108) | W76: =IF(input_data!Z108="","",input_data!Z108) | X76: =IF(input_data!AB141="","",input_data!AB141) | Y76: =IF(input_data!Z141="","",input_data!Z141) | Z76: =IF(input_data!AB174="","",input_data!AB174) | AA76: =IF(input_data!Z174="","",input_data!Z174) | AB76: ---------- | AC76: =IF(input_data!AB5="","",input_data!AB5) | AD76: =IF(input_data!AA5="","",input_data!AA5) | AE76: =IF(input_data!AB40="","",input_data!AB40) | AF76: =IF(input_data!AA40="","",input_data!AA40) | AG76: =IF(input_data!AB74="","",input_data!AB74) | AH76: =IF(input_data!AA74="","",input_data!AA74) | AI76: =IF(input_data!AB108="","",input_data!AB108) | AJ76: =IF(input_data!AA108="","",input_data!AA108) | AK76: =IF(input_data!AB141="","",input_data!AB141) | AL76: =IF(input_data!AA141="","",input_data!AA141) | AM76: =IF(input_data!AB174="","",input_data!AB174) | AN76: =IF(input_data!AA174="","",input_data!AA174) | AO76: ---------- | AP76: =IF(input_data!X5="","",input_data!X5) | AQ76: =IF(input_data!X40="","",input_data!X40) | AR76: =IF(input_data!X74="","",input_data!X74) | AS76: =IF(input_data!X108="","",input_data!X108) | AT76: =IF(input_data!X141="","",input_data!X141) | AU76: =IF(input_data!X174="","",input_data!X174) | AV76: ---------- | AW76: =IF(input_data!Y5="","",input_data!Y5) | AX76: =IF(input_data!Z5="","",input_data!Z5) | AY76: =IFERROR(IF(OR(AW76="",AX76=""),"",AX76/AW76),"") | AZ76: =IF(input_data!Y40="","",input_data!Y40) | BA76: =IF(input_data!Z40="","",input_data!Z40) | BB76: =IFERROR(IF(OR(AZ76="",BA76=""),"",BA76/AZ76),"") | BC76: =IF(input_data!Y74="","",input_data!Y74) | BD76: =IF(input_data!Z74="","",input_data!Z74) | BE76: =IFERROR(IF(OR(BC76="",BD76=""),"",BD76/BC76),"") | BF76: =IF(input_data!Y108="","",input_data!Y108) | BG76: =IF(input_data!Z108="","",input_data!Z108) | BH76: =IFERROR(IF(OR(BF76="",BG76=""),"",BG76/BF76),"") | BI76: =IF(input_data!Y141="","",input_data!Y141) | BJ76: =IF(input_data!Z141="","",input_data!Z141) | BK76: =IFERROR(IF(OR(BI76="",BJ76=""),"",BJ76/BI76),"") | BL76: =IF(input_data!Y174="","",input_data!Y174) | BM76: =IF(input_data!Z174="","",input_data!Z174) | BN76: =IFERROR(IF(OR(BL76="",BM76=""),"",BM76/BL76),"") | BO76: ---------- | BP76: =IF(AY76="","",AY76) | BQ76: =IF(BB76="","",BB76) | BR76: =IF(BE76="","",BE76) | BS76: =IF(BH76="","",BH76) | BT76: =IF(BK76="","",BK76) | BU76: =IF(BN76="","",BN76)
A77: 3 | B77: 5 | C77: =IF(input_data!AB6="","",input_data!AB6) | D77: =IF(input_data!Y6="","",input_data!Y6) | E77: =IF(input_data!AB41="","",input_data!AB41) | F77: =IF(input_data!Y41="","",input_data!Y41) | G77: =IF(input_data!AB75="","",input_data!AB75) | H77: =IF(input_data!Y75="","",input_data!Y75) | I77: =IF(input_data!AB109="","",input_data!AB109) | J77: =IF(input_data!Y109="","",input_data!Y109) | K77: =IF(input_data!AB142="","",input_data!AB142) | L77: =IF(input_data!Y142="","",input_data!Y142) | M77: =IF(input_data!AB175="","",input_data!AB175) | N77: =IF(input_data!Y175="","",input_data!Y175) | O77: ---------- | P77: =IF(input_data!AB6="","",input_data!AB6) | Q77: =IF(input_data!Z6="","",input_data!Z6) | R77: =IF(input_data!AB41="","",input_data!AB41) | S77: =IF(input_data!Z41="","",input_data!Z41) | T77: =IF(input_data!AB75="","",input_data!AB75) | U77: =IF(input_data!Z75="","",input_data!Z75) | V77: =IF(input_data!AB109="","",input_data!AB109) | W77: =IF(input_data!Z109="","",input_data!Z109) | X77: =IF(input_data!AB142="","",input_data!AB142) | Y77: =IF(input_data!Z142="","",input_data!Z142) | Z77: =IF(input_data!AB175="","",input_data!AB175) | AA77: =IF(input_data!Z175="","",input_data!Z175) | AB77: ---------- | AC77: =IF(input_data!AB6="","",input_data!AB6) | AD77: =IF(input_data!AA6="","",input_data!AA6) | AE77: =IF(input_data!AB41="","",input_data!AB41) | AF77: =IF(input_data!AA41="","",input_data!AA41) | AG77: =IF(input_data!AB75="","",input_data!AB75) | AH77: =IF(input_data!AA75="","",input_data!AA75) | AI77: =IF(input_data!AB109="","",input_data!AB109) | AJ77: =IF(input_data!AA109="","",input_data!AA109) | AK77: =IF(input_data!AB142="","",input_data!AB142) | AL77: =IF(input_data!AA142="","",input_data!AA142) | AM77: =IF(input_data!AB175="","",input_data!AB175) | AN77: =IF(input_data!AA175="","",input_data!AA175) | AO77: ---------- | AP77: =IF(input_data!X6="","",input_data!X6) | AQ77: =IF(input_data!X41="","",input_data!X41) | AR77: =IF(input_data!X75="","",input_data!X75) | AS77: =IF(input_data!X109="","",input_data!X109) | AT77: =IF(input_data!X142="","",input_data!X142) | AU77: =IF(input_data!X175="","",input_data!X175) | AV77: ---------- | AW77: =IF(input_data!Y6="","",input_data!Y6) | AX77: =IF(input_data!Z6="","",input_data!Z6) | AY77: =IFERROR(IF(OR(AW77="",AX77=""),"",AX77/AW77),"") | AZ77: =IF(input_data!Y41="","",input_data!Y41) | BA77: =IF(input_data!Z41="","",input_data!Z41) | BB77: =IFERROR(IF(OR(AZ77="",BA77=""),"",BA77/AZ77),"") | BC77: =IF(input_data!Y75="","",input_data!Y75) | BD77: =IF(input_data!Z75="","",input_data!Z75) | BE77: =IFERROR(IF(OR(BC77="",BD77=""),"",BD77/BC77),"") | BF77: =IF(input_data!Y109="","",input_data!Y109) | BG77: =IF(input_data!Z109="","",input_data!Z109) | BH77: =IFERROR(IF(OR(BF77="",BG77=""),"",BG77/BF77),"") | BI77: =IF(input_data!Y142="","",input_data!Y142) | BJ77: =IF(input_data!Z142="","",input_data!Z142) | BK77: =IFERROR(IF(OR(BI77="",BJ77=""),"",BJ77/BI77),"") | BL77: =IF(input_data!Y175="","",input_data!Y175) | BM77: =IF(input_data!Z175="","",input_data!Z175) | BN77: =IFERROR(IF(OR(BL77="",BM77=""),"",BM77/BL77),"") | BO77: ---------- | BP77: =IF(AY77="","",AY77) | BQ77: =IF(BB77="","",BB77) | BR77: =IF(BE77="","",BE77) | BS77: =IF(BH77="","",BH77) | BT77: =IF(BK77="","",BK77) | BU77: =IF(BN77="","",BN77)
A78: 4 | B78: 5 | C78: =IF(input_data!AB7="","",input_data!AB7) | D78: =IF(input_data!Y7="","",input_data!Y7) | E78: =IF(input_data!AB42="","",input_data!AB42) | F78: =IF(input_data!Y42="","",input_data!Y42) | G78: =IF(input_data!AB76="","",input_data!AB76) | H78: =IF(input_data!Y76="","",input_data!Y76) | I78: =IF(input_data!AB110="","",input_data!AB110) | J78: =IF(input_data!Y110="","",input_data!Y110) | K78: =IF(input_data!AB143="","",input_data!AB143) | L78: =IF(input_data!Y143="","",input_data!Y143) | M78: =IF(input_data!AB176="","",input_data!AB176) | N78: =IF(input_data!Y176="","",input_data!Y176) | O78: ---------- | P78: =IF(input_data!AB7="","",input_data!AB7) | Q78: =IF(input_data!Z7="","",input_data!Z7) | R78: =IF(input_data!AB42="","",input_data!AB42) | S78: =IF(input_data!Z42="","",input_data!Z42) | T78: =IF(input_data!AB76="","",input_data!AB76) | U78: =IF(input_data!Z76="","",input_data!Z76) | V78: =IF(input_data!AB110="","",input_data!AB110) | W78: =IF(input_data!Z110="","",input_data!Z110) | X78: =IF(input_data!AB143="","",input_data!AB143) | Y78: =IF(input_data!Z143="","",input_data!Z143) | Z78: =IF(input_data!AB176="","",input_data!AB176) | AA78: =IF(input_data!Z176="","",input_data!Z176) | AB78: ---------- | AC78: =IF(input_data!AB7="","",input_data!AB7) | AD78: =IF(input_data!AA7="","",input_data!AA7) | AE78: =IF(input_data!AB42="","",input_data!AB42) | AF78: =IF(input_data!AA42="","",input_data!AA42) | AG78: =IF(input_data!AB76="","",input_data!AB76) | AH78: =IF(input_data!AA76="","",input_data!AA76) | AI78: =IF(input_data!AB110="","",input_data!AB110) | AJ78: =IF(input_data!AA110="","",input_data!AA110) | AK78: =IF(input_data!AB143="","",input_data!AB143) | AL78: =IF(input_data!AA143="","",input_data!AA143) | AM78: =IF(input_data!AB176="","",input_data!AB176) | AN78: =IF(input_data!AA176="","",input_data!AA176) | AO78: ---------- | AP78: =IF(input_data!X7="","",input_data!X7) | AQ78: =IF(input_data!X42="","",input_data!X42) | AR78: =IF(input_data!X76="","",input_data!X76) | AS78: =IF(input_data!X110="","",input_data!X110) | AT78: =IF(input_data!X143="","",input_data!X143) | AU78: =IF(input_data!X176="","",input_data!X176) | AV78: ---------- | AW78: =IF(input_data!Y7="","",input_data!Y7) | AX78: =IF(input_data!Z7="","",input_data!Z7) | AY78: =IFERROR(IF(OR(AW78="",AX78=""),"",AX78/AW78),"") | AZ78: =IF(input_data!Y42="","",input_data!Y42) | BA78: =IF(input_data!Z42="","",input_data!Z42) | BB78: =IFERROR(IF(OR(AZ78="",BA78=""),"",BA78/AZ78),"") | BC78: =IF(input_data!Y76="","",input_data!Y76) | BD78: =IF(input_data!Z76="","",input_data!Z76) | BE78: =IFERROR(IF(OR(BC78="",BD78=""),"",BD78/BC78),"") | BF78: =IF(input_data!Y110="","",input_data!Y110) | BG78: =IF(input_data!Z110="","",input_data!Z110) | BH78: =IFERROR(IF(OR(BF78="",BG78=""),"",BG78/BF78),"") | BI78: =IF(input_data!Y143="","",input_data!Y143) | BJ78: =IF(input_data!Z143="","",input_data!Z143) | BK78: =IFERROR(IF(OR(BI78="",BJ78=""),"",BJ78/BI78),"") | BL78: =IF(input_data!Y176="","",input_data!Y176) | BM78: =IF(input_data!Z176="","",input_data!Z176) | BN78: =IFERROR(IF(OR(BL78="",BM78=""),"",BM78/BL78),"") | BO78: ---------- | BP78: =IF(AY78="","",AY78) | BQ78: =IF(BB78="","",BB78) | BR78: =IF(BE78="","",BE78) | BS78: =IF(BH78="","",BH78) | BT78: =IF(BK78="","",BK78) | BU78: =IF(BN78="","",BN78)
A79: 5 | B79: 5 | C79: =IF(input_data!AB8="","",input_data!AB8) | D79: =IF(input_data!Y8="","",input_data!Y8) | E79: =IF(input_data!AB43="","",input_data!AB43) | F79: =IF(input_data!Y43="","",input_data!Y43) | G79: =IF(input_data!AB77="","",input_data!AB77) | H79: =IF(input_data!Y77="","",input_data!Y77) | I79: =IF(input_data!AB111="","",input_data!AB111) | J79: =IF(input_data!Y111="","",input_data!Y111) | K79: =IF(input_data!AB144="","",input_data!AB144) | L79: =IF(input_data!Y144="","",input_data!Y144) | M79: =IF(input_data!AB177="","",input_data!AB177) | N79: =IF(input_data!Y177="","",input_data!Y177) | O79: ---------- | P79: =IF(input_data!AB8="","",input_data!AB8) | Q79: =IF(input_data!Z8="","",input_data!Z8) | R79: =IF(input_data!AB43="","",input_data!AB43) | S79: =IF(input_data!Z43="","",input_data!Z43) | T79: =IF(input_data!AB77="","",input_data!AB77) | U79: =IF(input_data!Z77="","",input_data!Z77) | V79: =IF(input_data!AB111="","",input_data!AB111) | W79: =IF(input_data!Z111="","",input_data!Z111) | X79: =IF(input_data!AB144="","",input_data!AB144) | Y79: =IF(input_data!Z144="","",input_data!Z144) | Z79: =IF(input_data!AB177="","",input_data!AB177) | AA79: =IF(input_data!Z177="","",input_data!Z177) | AB79: ---------- | AC79: =IF(input_data!AB8="","",input_data!AB8) | AD79: =IF(input_data!AA8="","",input_data!AA8) | AE79: =IF(input_data!AB43="","",input_data!AB43) | AF79: =IF(input_data!AA43="","",input_data!AA43) | AG79: =IF(input_data!AB77="","",input_data!AB77) | AH79: =IF(input_data!AA77="","",input_data!AA77) | AI79: =IF(input_data!AB111="","",input_data!AB111) | AJ79: =IF(input_data!AA111="","",input_data!AA111) | AK79: =IF(input_data!AB144="","",input_data!AB144) | AL79: =IF(input_data!AA144="","",input_data!AA144) | AM79: =IF(input_data!AB177="","",input_data!AB177) | AN79: =IF(input_data!AA177="","",input_data!AA177) | AO79: ---------- | AP79: =IF(input_data!X8="","",input_data!X8) | AQ79: =IF(input_data!X43="","",input_data!X43) | AR79: =IF(input_data!X77="","",input_data!X77) | AS79: =IF(input_data!X111="","",input_data!X111) | AT79: =IF(input_data!X144="","",input_data!X144) | AU79: =IF(input_data!X177="","",input_data!X177) | AV79: ---------- | AW79: =IF(input_data!Y8="","",input_data!Y8) | AX79: =IF(input_data!Z8="","",input_data!Z8) | AY79: =IFERROR(IF(OR(AW79="",AX79=""),"",AX79/AW79),"") | AZ79: =IF(input_data!Y43="","",input_data!Y43) | BA79: =IF(input_data!Z43="","",input_data!Z43) | BB79: =IFERROR(IF(OR(AZ79="",BA79=""),"",BA79/AZ79),"") | BC79: =IF(input_data!Y77="","",input_data!Y77) | BD79: =IF(input_data!Z77="","",input_data!Z77) | BE79: =IFERROR(IF(OR(BC79="",BD79=""),"",BD79/BC79),"") | BF79: =IF(input_data!Y111="","",input_data!Y111) | BG79: =IF(input_data!Z111="","",input_data!Z111) | BH79: =IFERROR(IF(OR(BF79="",BG79=""),"",BG79/BF79),"") | BI79: =IF(input_data!Y144="","",input_data!Y144) | BJ79: =IF(input_data!Z144="","",input_data!Z144) | BK79: =IFERROR(IF(OR(BI79="",BJ79=""),"",BJ79/BI79),"") | BL79: =IF(input_data!Y177="","",input_data!Y177) | BM79: =IF(input_data!Z177="","",input_data!Z177) | BN79: =IFERROR(IF(OR(BL79="",BM79=""),"",BM79/BL79),"") | BO79: ---------- | BP79: =IF(AY79="","",AY79) | BQ79: =IF(BB79="","",BB79) | BR79: =IF(BE79="","",BE79) | BS79: =IF(BH79="","",BH79) | BT79: =IF(BK79="","",BK79) | BU79: =IF(BN79="","",BN79)
A80: 6 | B80: 5 | C80: =IF(input_data!AB9="","",input_data!AB9) | D80: =IF(input_data!Y9="","",input_data!Y9) | E80: =IF(input_data!AB44="","",input_data!AB44) | F80: =IF(input_data!Y44="","",input_data!Y44) | G80: =IF(input_data!AB78="","",input_data!AB78) | H80: =IF(input_data!Y78="","",input_data!Y78) | I80: =IF(input_data!AB112="","",input_data!AB112) | J80: =IF(input_data!Y112="","",input_data!Y112) | K80: =IF(input_data!AB145="","",input_data!AB145) | L80: =IF(input_data!Y145="","",input_data!Y145) | M80: =IF(input_data!AB178="","",input_data!AB178) | N80: =IF(input_data!Y178="","",input_data!Y178) | O80: ---------- | P80: =IF(input_data!AB9="","",input_data!AB9) | Q80: =IF(input_data!Z9="","",input_data!Z9) | R80: =IF(input_data!AB44="","",input_data!AB44) | S80: =IF(input_data!Z44="","",input_data!Z44) | T80: =IF(input_data!AB78="","",input_data!AB78) | U80: =IF(input_data!Z78="","",input_data!Z78) | V80: =IF(input_data!AB112="","",input_data!AB112) | W80: =IF(input_data!Z112="","",input_data!Z112) | X80: =IF(input_data!AB145="","",input_data!AB145) | Y80: =IF(input_data!Z145="","",input_data!Z145) | Z80: =IF(input_data!AB178="","",input_data!AB178) | AA80: =IF(input_data!Z178="","",input_data!Z178) | AB80: ---------- | AC80: =IF(input_data!AB9="","",input_data!AB9) | AD80: =IF(input_data!AA9="","",input_data!AA9) | AE80: =IF(input_data!AB44="","",input_data!AB44) | AF80: =IF(input_data!AA44="","",input_data!AA44) | AG80: =IF(input_data!AB78="","",input_data!AB78) | AH80: =IF(input_data!AA78="","",input_data!AA78) | AI80: =IF(input_data!AB112="","",input_data!AB112) | AJ80: =IF(input_data!AA112="","",input_data!AA112) | AK80: =IF(input_data!AB145="","",input_data!AB145) | AL80: =IF(input_data!AA145="","",input_data!AA145) | AM80: =IF(input_data!AB178="","",input_data!AB178) | AN80: =IF(input_data!AA178="","",input_data!AA178) | AO80: ---------- | AP80: =IF(input_data!X9="","",input_data!X9) | AQ80: =IF(input_data!X44="","",input_data!X44) | AR80: =IF(input_data!X78="","",input_data!X78) | AS80: =IF(input_data!X112="","",input_data!X112) | AT80: =IF(input_data!X145="","",input_data!X145) | AU80: =IF(input_data!X178="","",input_data!X178) | AV80: ---------- | AW80: =IF(input_data!Y9="","",input_data!Y9) | AX80: =IF(input_data!Z9="","",input_data!Z9) | AY80: =IFERROR(IF(OR(AW80="",AX80=""),"",AX80/AW80),"") | AZ80: =IF(input_data!Y44="","",input_data!Y44) | BA80: =IF(input_data!Z44="","",input_data!Z44) | BB80: =IFERROR(IF(OR(AZ80="",BA80=""),"",BA80/AZ80),"") | BC80: =IF(input_data!Y78="","",input_data!Y78) | BD80: =IF(input_data!Z78="","",input_data!Z78) | BE80: =IFERROR(IF(OR(BC80="",BD80=""),"",BD80/BC80),"") | BF80: =IF(input_data!Y112="","",input_data!Y112) | BG80: =IF(input_data!Z112="","",input_data!Z112) | BH80: =IFERROR(IF(OR(BF80="",BG80=""),"",BG80/BF80),"") | BI80: =IF(input_data!Y145="","",input_data!Y145) | BJ80: =IF(input_data!Z145="","",input_data!Z145) | BK80: =IFERROR(IF(OR(BI80="",BJ80=""),"",BJ80/BI80),"") | BL80: =IF(input_data!Y178="","",input_data!Y178) | BM80: =IF(input_data!Z178="","",input_data!Z178) | BN80: =IFERROR(IF(OR(BL80="",BM80=""),"",BM80/BL80),"") | BO80: ---------- | BP80: =IF(AY80="","",AY80) | BQ80: =IF(BB80="","",BB80) | BR80: =IF(BE80="","",BE80) | BS80: =IF(BH80="","",BH80) | BT80: =IF(BK80="","",BK80) | BU80: =IF(BN80="","",BN80)
A81: 7 | B81: 5 | C81: =IF(input_data!AB10="","",input_data!AB10) | D81: =IF(input_data!Y10="","",input_data!Y10) | E81: =IF(input_data!AB45="","",input_data!AB45) | F81: =IF(input_data!Y45="","",input_data!Y45) | G81: =IF(input_data!AB79="","",input_data!AB79) | H81: =IF(input_data!Y79="","",input_data!Y79) | I81: =IF(input_data!AB113="","",input_data!AB113) | J81: =IF(input_data!Y113="","",input_data!Y113) | K81: =IF(input_data!AB146="","",input_data!AB146) | L81: =IF(input_data!Y146="","",input_data!Y146) | M81: =IF(input_data!AB179="","",input_data!AB179) | N81: =IF(input_data!Y179="","",input_data!Y179) | O81: ---------- | P81: =IF(input_data!AB10="","",input_data!AB10) | Q81: =IF(input_data!Z10="","",input_data!Z10) | R81: =IF(input_data!AB45="","",input_data!AB45) | S81: =IF(input_data!Z45="","",input_data!Z45) | T81: =IF(input_data!AB79="","",input_data!AB79) | U81: =IF(input_data!Z79="","",input_data!Z79) | V81: =IF(input_data!AB113="","",input_data!AB113) | W81: =IF(input_data!Z113="","",input_data!Z113) | X81: =IF(input_data!AB146="","",input_data!AB146) | Y81: =IF(input_data!Z146="","",input_data!Z146) | Z81: =IF(input_data!AB179="","",input_data!AB179) | AA81: =IF(input_data!Z179="","",input_data!Z179) | AB81: ---------- | AC81: =IF(input_data!AB10="","",input_data!AB10) | AD81: =IF(input_data!AA10="","",input_data!AA10) | AE81: =IF(input_data!AB45="","",input_data!AB45) | AF81: =IF(input_data!AA45="","",input_data!AA45) | AG81: =IF(input_data!AB79="","",input_data!AB79) | AH81: =IF(input_data!AA79="","",input_data!AA79) | AI81: =IF(input_data!AB113="","",input_data!AB113) | AJ81: =IF(input_data!AA113="","",input_data!AA113) | AK81: =IF(input_data!AB146="","",input_data!AB146) | AL81: =IF(input_data!AA146="","",input_data!AA146) | AM81: =IF(input_data!AB179="","",input_data!AB179) | AN81: =IF(input_data!AA179="","",input_data!AA179) | AO81: ---------- | AP81: =IF(input_data!X10="","",input_data!X10) | AQ81: =IF(input_data!X45="","",input_data!X45) | AR81: =IF(input_data!X79="","",input_data!X79) | AS81: =IF(input_data!X113="","",input_data!X113) | AT81: =IF(input_data!X146="","",input_data!X146) | AU81: =IF(input_data!X179="","",input_data!X179) | AV81: ---------- | AW81: =IF(input_data!Y10="","",input_data!Y10) | AX81: =IF(input_data!Z10="","",input_data!Z10) | AY81: =IFERROR(IF(OR(AW81="",AX81=""),"",AX81/AW81),"") | AZ81: =IF(input_data!Y45="","",input_data!Y45) | BA81: =IF(input_data!Z45="","",input_data!Z45) | BB81: =IFERROR(IF(OR(AZ81="",BA81=""),"",BA81/AZ81),"") | BC81: =IF(input_data!Y79="","",input_data!Y79) | BD81: =IF(input_data!Z79="","",input_data!Z79) | BE81: =IFERROR(IF(OR(BC81="",BD81=""),"",BD81/BC81),"") | BF81: =IF(input_data!Y113="","",input_data!Y113) | BG81: =IF(input_data!Z113="","",input_data!Z113) | BH81: =IFERROR(IF(OR(BF81="",BG81=""),"",BG81/BF81),"") | BI81: =IF(input_data!Y146="","",input_data!Y146) | BJ81: =IF(input_data!Z146="","",input_data!Z146) | BK81: =IFERROR(IF(OR(BI81="",BJ81=""),"",BJ81/BI81),"") | BL81: =IF(input_data!Y179="","",input_data!Y179) | BM81: =IF(input_data!Z179="","",input_data!Z179) | BN81: =IFERROR(IF(OR(BL81="",BM81=""),"",BM81/BL81),"") | BO81: ---------- | BP81: =IF(AY81="","",AY81) | BQ81: =IF(BB81="","",BB81) | BR81: =IF(BE81="","",BE81) | BS81: =IF(BH81="","",BH81) | BT81: =IF(BK81="","",BK81) | BU81: =IF(BN81="","",BN81)
A82: 8 | B82: 5 | C82: =IF(input_data!AB11="","",input_data!AB11) | D82: =IF(input_data!Y11="","",input_data!Y11) | E82: =IF(input_data!AB46="","",input_data!AB46) | F82: =IF(input_data!Y46="","",input_data!Y46) | G82: =IF(input_data!AB80="","",input_data!AB80) | H82: =IF(input_data!Y80="","",input_data!Y80) | I82: =IF(input_data!AB114="","",input_data!AB114) | J82: =IF(input_data!Y114="","",input_data!Y114) | K82: =IF(input_data!AB147="","",input_data!AB147) | L82: =IF(input_data!Y147="","",input_data!Y147) | M82: =IF(input_data!AB180="","",input_data!AB180) | N82: =IF(input_data!Y180="","",input_data!Y180) | O82: ---------- | P82: =IF(input_data!AB11="","",input_data!AB11) | Q82: =IF(input_data!Z11="","",input_data!Z11) | R82: =IF(input_data!AB46="","",input_data!AB46) | S82: =IF(input_data!Z46="","",input_data!Z46) | T82: =IF(input_data!AB80="","",input_data!AB80) | U82: =IF(input_data!Z80="","",input_data!Z80) | V82: =IF(input_data!AB114="","",input_data!AB114) | W82: =IF(input_data!Z114="","",input_data!Z114) | X82: =IF(input_data!AB147="","",input_data!AB147) | Y82: =IF(input_data!Z147="","",input_data!Z147) | Z82: =IF(input_data!AB180="","",input_data!AB180) | AA82: =IF(input_data!Z180="","",input_data!Z180) | AB82: ---------- | AC82: =IF(input_data!AB11="","",input_data!AB11) | AD82: =IF(input_data!AA11="","",input_data!AA11) | AE82: =IF(input_data!AB46="","",input_data!AB46) | AF82: =IF(input_data!AA46="","",input_data!AA46) | AG82: =IF(input_data!AB80="","",input_data!AB80) | AH82: =IF(input_data!AA80="","",input_data!AA80) | AI82: =IF(input_data!AB114="","",input_data!AB114) | AJ82: =IF(input_data!AA114="","",input_data!AA114) | AK82: =IF(input_data!AB147="","",input_data!AB147) | AL82: =IF(input_data!AA147="","",input_data!AA147) | AM82: =IF(input_data!AB180="","",input_data!AB180) | AN82: =IF(input_data!AA180="","",input_data!AA180) | AO82: ---------- | AP82: =IF(input_data!X11="","",input_data!X11) | AQ82: =IF(input_data!X46="","",input_data!X46) | AR82: =IF(input_data!X80="","",input_data!X80) | AS82: =IF(input_data!X114="","",input_data!X114) | AT82: =IF(input_data!X147="","",input_data!X147) | AU82: =IF(input_data!X180="","",input_data!X180) | AV82: ---------- | AW82: =IF(input_data!Y11="","",input_data!Y11) | AX82: =IF(input_data!Z11="","",input_data!Z11) | AY82: =IFERROR(IF(OR(AW82="",AX82=""),"",AX82/AW82),"") | AZ82: =IF(input_data!Y46="","",input_data!Y46) | BA82: =IF(input_data!Z46="","",input_data!Z46) | BB82: =IFERROR(IF(OR(AZ82="",BA82=""),"",BA82/AZ82),"") | BC82: =IF(input_data!Y80="","",input_data!Y80) | BD82: =IF(input_data!Z80="","",input_data!Z80) | BE82: =IFERROR(IF(OR(BC82="",BD82=""),"",BD82/BC82),"") | BF82: =IF(input_data!Y114="","",input_data!Y114) | BG82: =IF(input_data!Z114="","",input_data!Z114) | BH82: =IFERROR(IF(OR(BF82="",BG82=""),"",BG82/BF82),"") | BI82: =IF(input_data!Y147="","",input_data!Y147) | BJ82: =IF(input_data!Z147="","",input_data!Z147) | BK82: =IFERROR(IF(OR(BI82="",BJ82=""),"",BJ82/BI82),"") | BL82: =IF(input_data!Y180="","",input_data!Y180) | BM82: =IF(input_data!Z180="","",input_data!Z180) | BN82: =IFERROR(IF(OR(BL82="",BM82=""),"",BM82/BL82),"") | BO82: ---------- | BP82: =IF(AY82="","",AY82) | BQ82: =IF(BB82="","",BB82) | BR82: =IF(BE82="","",BE82) | BS82: =IF(BH82="","",BH82) | BT82: =IF(BK82="","",BK82) | BU82: =IF(BN82="","",BN82)
A83: 9 | B83: 5 | C83: =IF(input_data!AB12="","",input_data!AB12) | D83: =IF(input_data!Y12="","",input_data!Y12) | E83: =IF(input_data!AB47="","",input_data!AB47) | F83: =IF(input_data!Y47="","",input_data!Y47) | G83: =IF(input_data!AB81="","",input_data!AB81) | H83: =IF(input_data!Y81="","",input_data!Y81) | I83: =IF(input_data!AB115="","",input_data!AB115) | J83: =IF(input_data!Y115="","",input_data!Y115) | K83: =IF(input_data!AB148="","",input_data!AB148) | L83: =IF(input_data!Y148="","",input_data!Y148) | M83: =IF(input_data!AB181="","",input_data!AB181) | N83: =IF(input_data!Y181="","",input_data!Y181) | O83: ---------- | P83: =IF(input_data!AB12="","",input_data!AB12) | Q83: =IF(input_data!Z12="","",input_data!Z12) | R83: =IF(input_data!AB47="","",input_data!AB47) | S83: =IF(input_data!Z47="","",input_data!Z47) | T83: =IF(input_data!AB81="","",input_data!AB81) | U83: =IF(input_data!Z81="","",input_data!Z81) | V83: =IF(input_data!AB115="","",input_data!AB115) | W83: =IF(input_data!Z115="","",input_data!Z115) | X83: =IF(input_data!AB148="","",input_data!AB148) | Y83: =IF(input_data!Z148="","",input_data!Z148) | Z83: =IF(input_data!AB181="","",input_data!AB181) | AA83: =IF(input_data!Z181="","",input_data!Z181) | AB83: ---------- | AC83: =IF(input_data!AB12="","",input_data!AB12) | AD83: =IF(input_data!AA12="","",input_data!AA12) | AE83: =IF(input_data!AB47="","",input_data!AB47) | AF83: =IF(input_data!AA47="","",input_data!AA47) | AG83: =IF(input_data!AB81="","",input_data!AB81) | AH83: =IF(input_data!AA81="","",input_data!AA81) | AI83: =IF(input_data!AB115="","",input_data!AB115) | AJ83: =IF(input_data!AA115="","",input_data!AA115) | AK83: =IF(input_data!AB148="","",input_data!AB148) | AL83: =IF(input_data!AA148="","",input_data!AA148) | AM83: =IF(input_data!AB181="","",input_data!AB181) | AN83: =IF(input_data!AA181="","",input_data!AA181) | AO83: ---------- | AP83: =IF(input_data!X12="","",input_data!X12) | AQ83: =IF(input_data!X47="","",input_data!X47) | AR83: =IF(input_data!X81="","",input_data!X81) | AS83: =IF(input_data!X115="","",input_data!X115) | AT83: =IF(input_data!X148="","",input_data!X148) | AU83: =IF(input_data!X181="","",input_data!X181) | AV83: ---------- | AW83: =IF(input_data!Y12="","",input_data!Y12) | AX83: =IF(input_data!Z12="","",input_data!Z12) | AY83: =IFERROR(IF(OR(AW83="",AX83=""),"",AX83/AW83),"") | AZ83: =IF(input_data!Y47="","",input_data!Y47) | BA83: =IF(input_data!Z47="","",input_data!Z47) | BB83: =IFERROR(IF(OR(AZ83="",BA83=""),"",BA83/AZ83),"") | BC83: =IF(input_data!Y81="","",input_data!Y81) | BD83: =IF(input_data!Z81="","",input_data!Z81) | BE83: =IFERROR(IF(OR(BC83="",BD83=""),"",BD83/BC83),"") | BF83: =IF(input_data!Y115="","",input_data!Y115) | BG83: =IF(input_data!Z115="","",input_data!Z115) | BH83: =IFERROR(IF(OR(BF83="",BG83=""),"",BG83/BF83),"") | BI83: =IF(input_data!Y148="","",input_data!Y148) | BJ83: =IF(input_data!Z148="","",input_data!Z148) | BK83: =IFERROR(IF(OR(BI83="",BJ83=""),"",BJ83/BI83),"") | BL83: =IF(input_data!Y181="","",input_data!Y181) | BM83: =IF(input_data!Z181="","",input_data!Z181) | BN83: =IFERROR(IF(OR(BL83="",BM83=""),"",BM83/BL83),"") | BO83: ---------- | BP83: =IF(AY83="","",AY83) | BQ83: =IF(BB83="","",BB83) | BR83: =IF(BE83="","",BE83) | BS83: =IF(BH83="","",BH83) | BT83: =IF(BK83="","",BK83) | BU83: =IF(BN83="","",BN83)
A84: 10 | B84: 5 | C84: =IF(input_data!AB13="","",input_data!AB13) | D84: =IF(input_data!Y13="","",input_data!Y13) | E84: =IF(input_data!AB48="","",input_data!AB48) | F84: =IF(input_data!Y48="","",input_data!Y48) | G84: =IF(input_data!AB82="","",input_data!AB82) | H84: =IF(input_data!Y82="","",input_data!Y82) | I84: =IF(input_data!AB116="","",input_data!AB116) | J84: =IF(input_data!Y116="","",input_data!Y116) | K84: =IF(input_data!AB149="","",input_data!AB149) | L84: =IF(input_data!Y149="","",input_data!Y149) | M84: =IF(input_data!AB182="","",input_data!AB182) | N84: =IF(input_data!Y182="","",input_data!Y182) | O84: ---------- | P84: =IF(input_data!AB13="","",input_data!AB13) | Q84: =IF(input_data!Z13="","",input_data!Z13) | R84: =IF(input_data!AB48="","",input_data!AB48) | S84: =IF(input_data!Z48="","",input_data!Z48) | T84: =IF(input_data!AB82="","",input_data!AB82) | U84: =IF(input_data!Z82="","",input_data!Z82) | V84: =IF(input_data!AB116="","",input_data!AB116) | W84: =IF(input_data!Z116="","",input_data!Z116) | X84: =IF(input_data!AB149="","",input_data!AB149) | Y84: =IF(input_data!Z149="","",input_data!Z149) | Z84: =IF(input_data!AB182="","",input_data!AB182) | AA84: =IF(input_data!Z182="","",input_data!Z182) | AB84: ---------- | AC84: =IF(input_data!AB13="","",input_data!AB13) | AD84: =IF(input_data!AA13="","",input_data!AA13) | AE84: =IF(input_data!AB48="","",input_data!AB48) | AF84: =IF(input_data!AA48="","",input_data!AA48) | AG84: =IF(input_data!AB82="","",input_data!AB82) | AH84: =IF(input_data!AA82="","",input_data!AA82) | AI84: =IF(input_data!AB116="","",input_data!AB116) | AJ84: =IF(input_data!AA116="","",input_data!AA116) | AK84: =IF(input_data!AB149="","",input_data!AB149) | AL84: =IF(input_data!AA149="","",input_data!AA149) | AM84: =IF(input_data!AB182="","",input_data!AB182) | AN84: =IF(input_data!AA182="","",input_data!AA182) | AO84: ---------- | AP84: =IF(input_data!X13="","",input_data!X13) | AQ84: =IF(input_data!X48="","",input_data!X48) | AR84: =IF(input_data!X82="","",input_data!X82) | AS84: =IF(input_data!X116="","",input_data!X116) | AT84: =IF(input_data!X149="","",input_data!X149) | AU84: =IF(input_data!X182="","",input_data!X182) | AV84: ---------- | AW84: =IF(input_data!Y13="","",input_data!Y13) | AX84: =IF(input_data!Z13="","",input_data!Z13) | AY84: =IFERROR(IF(OR(AW84="",AX84=""),"",AX84/AW84),"") | AZ84: =IF(input_data!Y48="","",input_data!Y48) | BA84: =IF(input_data!Z48="","",input_data!Z48) | BB84: =IFERROR(IF(OR(AZ84="",BA84=""),"",BA84/AZ84),"") | BC84: =IF(input_data!Y82="","",input_data!Y82) | BD84: =IF(input_data!Z82="","",input_data!Z82) | BE84: =IFERROR(IF(OR(BC84="",BD84=""),"",BD84/BC84),"") | BF84: =IF(input_data!Y116="","",input_data!Y116) | BG84: =IF(input_data!Z116="","",input_data!Z116) | BH84: =IFERROR(IF(OR(BF84="",BG84=""),"",BG84/BF84),"") | BI84: =IF(input_data!Y149="","",input_data!Y149) | BJ84: =IF(input_data!Z149="","",input_data!Z149) | BK84: =IFERROR(IF(OR(BI84="",BJ84=""),"",BJ84/BI84),"") | BL84: =IF(input_data!Y182="","",input_data!Y182) | BM84: =IF(input_data!Z182="","",input_data!Z182) | BN84: =IFERROR(IF(OR(BL84="",BM84=""),"",BM84/BL84),"") | BO84: ---------- | BP84: =IF(AY84="","",AY84) | BQ84: =IF(BB84="","",BB84) | BR84: =IF(BE84="","",BE84) | BS84: =IF(BH84="","",BH84) | BT84: =IF(BK84="","",BK84) | BU84: =IF(BN84="","",BN84)
A85: 11 | B85: 5 | C85: =IF(input_data!AB14="","",input_data!AB14) | D85: =IF(input_data!Y14="","",input_data!Y14) | E85: =IF(input_data!AB49="","",input_data!AB49) | F85: =IF(input_data!Y49="","",input_data!Y49) | G85: =IF(input_data!AB83="","",input_data!AB83) | H85: =IF(input_data!Y83="","",input_data!Y83) | I85: =IF(input_data!AB117="","",input_data!AB117) | J85: =IF(input_data!Y117="","",input_data!Y117) | K85: =IF(input_data!AB150="","",input_data!AB150) | L85: =IF(input_data!Y150="","",input_data!Y150) | M85: =IF(input_data!AB183="","",input_data!AB183) | N85: =IF(input_data!Y183="","",input_data!Y183) | O85: ---------- | P85: =IF(input_data!AB14="","",input_data!AB14) | Q85: =IF(input_data!Z14="","",input_data!Z14) | R85: =IF(input_data!AB49="","",input_data!AB49) | S85: =IF(input_data!Z49="","",input_data!Z49) | T85: =IF(input_data!AB83="","",input_data!AB83) | U85: =IF(input_data!Z83="","",input_data!Z83) | V85: =IF(input_data!AB117="","",input_data!AB117) | W85: =IF(input_data!Z117="","",input_data!Z117) | X85: =IF(input_data!AB150="","",input_data!AB150) | Y85: =IF(input_data!Z150="","",input_data!Z150) | Z85: =IF(input_data!AB183="","",input_data!AB183) | AA85: =IF(input_data!Z183="","",input_data!Z183) | AB85: ---------- | AC85: =IF(input_data!AB14="","",input_data!AB14) | AD85: =IF(input_data!AA14="","",input_data!AA14) | AE85: =IF(input_data!AB49="","",input_data!AB49) | AF85: =IF(input_data!AA49="","",input_data!AA49) | AG85: =IF(input_data!AB83="","",input_data!AB83) | AH85: =IF(input_data!AA83="","",input_data!AA83) | AI85: =IF(input_data!AB117="","",input_data!AB117) | AJ85: =IF(input_data!AA117="","",input_data!AA117) | AK85: =IF(input_data!AB150="","",input_data!AB150) | AL85: =IF(input_data!AA150="","",input_data!AA150) | AM85: =IF(input_data!AB183="","",input_data!AB183) | AN85: =IF(input_data!AA183="","",input_data!AA183) | AO85: ---------- | AP85: =IF(input_data!X14="","",input_data!X14) | AQ85: =IF(input_data!X49="","",input_data!X49) | AR85: =IF(input_data!X83="","",input_data!X83) | AS85: =IF(input_data!X117="","",input_data!X117) | AT85: =IF(input_data!X150="","",input_data!X150) | AU85: =IF(input_data!X183="","",input_data!X183) | AV85: ---------- | AW85: =IF(input_data!Y14="","",input_data!Y14) | AX85: =IF(input_data!Z14="","",input_data!Z14) | AY85: =IFERROR(IF(OR(AW85="",AX85=""),"",AX85/AW85),"") | AZ85: =IF(input_data!Y49="","",input_data!Y49) | BA85: =IF(input_data!Z49="","",input_data!Z49) | BB85: =IFERROR(IF(OR(AZ85="",BA85=""),"",BA85/AZ85),"") | BC85: =IF(input_data!Y83="","",input_data!Y83) | BD85: =IF(input_data!Z83="","",input_data!Z83) | BE85: =IFERROR(IF(OR(BC85="",BD85=""),"",BD85/BC85),"") | BF85: =IF(input_data!Y117="","",input_data!Y117) | BG85: =IF(input_data!Z117="","",input_data!Z117) | BH85: =IFERROR(IF(OR(BF85="",BG85=""),"",BG85/BF85),"") | BI85: =IF(input_data!Y150="","",input_data!Y150) | BJ85: =IF(input_data!Z150="","",input_data!Z150) | BK85: =IFERROR(IF(OR(BI85="",BJ85=""),"",BJ85/BI85),"") | BL85: =IF(input_data!Y183="","",input_data!Y183) | BM85: =IF(input_data!Z183="","",input_data!Z183) | BN85: =IFERROR(IF(OR(BL85="",BM85=""),"",BM85/BL85),"") | BO85: ---------- | BP85: =IF(AY85="","",AY85) | BQ85: =IF(BB85="","",BB85) | BR85: =IF(BE85="","",BE85) | BS85: =IF(BH85="","",BH85) | BT85: =IF(BK85="","",BK85) | BU85: =IF(BN85="","",BN85)
A86: 12 | B86: 5 | C86: =IF(input_data!AB15="","",input_data!AB15) | D86: =IF(input_data!Y15="","",input_data!Y15) | E86: =IF(input_data!AB50="","",input_data!AB50) | F86: =IF(input_data!Y50="","",input_data!Y50) | G86: =IF(input_data!AB84="","",input_data!AB84) | H86: =IF(input_data!Y84="","",input_data!Y84) | I86: =IF(input_data!AB118="","",input_data!AB118) | J86: =IF(input_data!Y118="","",input_data!Y118) | K86: =IF(input_data!AB151="","",input_data!AB151) | L86: =IF(input_data!Y151="","",input_data!Y151) | M86: =IF(input_data!AB184="","",input_data!AB184) | N86: =IF(input_data!Y184="","",input_data!Y184) | O86: ---------- | P86: =IF(input_data!AB15="","",input_data!AB15) | Q86: =IF(input_data!Z15="","",input_data!Z15) | R86: =IF(input_data!AB50="","",input_data!AB50) | S86: =IF(input_data!Z50="","",input_data!Z50) | T86: =IF(input_data!AB84="","",input_data!AB84) | U86: =IF(input_data!Z84="","",input_data!Z84) | V86: =IF(input_data!AB118="","",input_data!AB118) | W86: =IF(input_data!Z118="","",input_data!Z118) | X86: =IF(input_data!AB151="","",input_data!AB151) | Y86: =IF(input_data!Z151="","",input_data!Z151) | Z86: =IF(input_data!AB184="","",input_data!AB184) | AA86: =IF(input_data!Z184="","",input_data!Z184) | AB86: ---------- | AC86: =IF(input_data!AB15="","",input_data!AB15) | AD86: =IF(input_data!AA15="","",input_data!AA15) | AE86: =IF(input_data!AB50="","",input_data!AB50) | AF86: =IF(input_data!AA50="","",input_data!AA50) | AG86: =IF(input_data!AB84="","",input_data!AB84) | AH86: =IF(input_data!AA84="","",input_data!AA84) | AI86: =IF(input_data!AB118="","",input_data!AB118) | AJ86: =IF(input_data!AA118="","",input_data!AA118) | AK86: =IF(input_data!AB151="","",input_data!AB151) | AL86: =IF(input_data!AA151="","",input_data!AA151) | AM86: =IF(input_data!AB184="","",input_data!AB184) | AN86: =IF(input_data!AA184="","",input_data!AA184) | AO86: ---------- | AP86: =IF(input_data!X15="","",input_data!X15) | AQ86: =IF(input_data!X50="","",input_data!X50) | AR86: =IF(input_data!X84="","",input_data!X84) | AS86: =IF(input_data!X118="","",input_data!X118) | AT86: =IF(input_data!X151="","",input_data!X151) | AU86: =IF(input_data!X184="","",input_data!X184) | AV86: ---------- | AW86: =IF(input_data!Y15="","",input_data!Y15) | AX86: =IF(input_data!Z15="","",input_data!Z15) | AY86: =IFERROR(IF(OR(AW86="",AX86=""),"",AX86/AW86),"") | AZ86: =IF(input_data!Y50="","",input_data!Y50) | BA86: =IF(input_data!Z50="","",input_data!Z50) | BB86: =IFERROR(IF(OR(AZ86="",BA86=""),"",BA86/AZ86),"") | BC86: =IF(input_data!Y84="","",input_data!Y84) | BD86: =IF(input_data!Z84="","",input_data!Z84) | BE86: =IFERROR(IF(OR(BC86="",BD86=""),"",BD86/BC86),"") | BF86: =IF(input_data!Y118="","",input_data!Y118) | BG86: =IF(input_data!Z118="","",input_data!Z118) | BH86: =IFERROR(IF(OR(BF86="",BG86=""),"",BG86/BF86),"") | BI86: =IF(input_data!Y151="","",input_data!Y151) | BJ86: =IF(input_data!Z151="","",input_data!Z151) | BK86: =IFERROR(IF(OR(BI86="",BJ86=""),"",BJ86/BI86),"") | BL86: =IF(input_data!Y184="","",input_data!Y184) | BM86: =IF(input_data!Z184="","",input_data!Z184) | BN86: =IFERROR(IF(OR(BL86="",BM86=""),"",BM86/BL86),"") | BO86: ---------- | BP86: =IF(AY86="","",AY86) | BQ86: =IF(BB86="","",BB86) | BR86: =IF(BE86="","",BE86) | BS86: =IF(BH86="","",BH86) | BT86: =IF(BK86="","",BK86) | BU86: =IF(BN86="","",BN86)
... A94: 20 | B94: 5 | C94: =IF(input_data!AB23="","",input_data!AB23) | D94: =IF(input_data!Y23="","",input_data!Y23) | E94: =IF(input_data!AB58="","",input_data!AB58) | F94: =IF(input_data!Y58="","",input_data!Y58) | G94: =IF(input_data!AB92="","",input_data!AB92) | H94: =IF(input_data!Y92="","",input_data!Y92) | I94: =IF(input_data!AB126="","",input_data!AB126) | J94: =IF(input_data!Y126="","",input_data!Y126) | K94: =IF(input_data!AB159="","",input_data!AB159) | L94: =IF(input_data!Y159="","",input_data!Y159) | M94: =IF(input_data!AB192="","",input_data!AB192) | N94: =IF(input_data!Y192="","",input_data!Y192) | O94: ---------- | P94: =IF(input_data!AB23="","",input_data!AB23) | Q94: =IF(input_data!Z23="","",input_data!Z23) | R94: =IF(input_data!AB58="","",input_data!AB58) | S94: =IF(input_data!Z58="","",input_data!Z58) | T94: =IF(input_data!AB92="","",input_data!AB92) | U94: =IF(input_data!Z92="","",input_data!Z92) | V94: =IF(input_data!AB126="","",input_data!AB126) | W94: =IF(input_data!Z126="","",input_data!Z126) | X94: =IF(input_data!AB159="","",input_data!AB159) | Y94: =IF(input_data!Z159="","",input_data!Z159) | Z94: =IF(input_data!AB192="","",input_data!AB192) | AA94: =IF(input_data!Z192="","",input_data!Z192) | AB94: ---------- | AC94: =IF(input_data!AB23="","",input_data!AB23) | AD94: =IF(input_data!AA23="","",input_data!AA23) | AE94: =IF(input_data!AB58="","",input_data!AB58) | AF94: =IF(input_data!AA58="","",input_data!AA58) | AG94: =IF(input_data!AB92="","",input_data!AB92) | AH94: =IF(input_data!AA92="","",input_data!AA92) | AI94: =IF(input_data!AB126="","",input_data!AB126) | AJ94: =IF(input_data!AA126="","",input_data!AA126) | AK94: =IF(input_data!AB159="","",input_data!AB159) | AL94: =IF(input_data!AA159="","",input_data!AA159) | AM94: =IF(input_data!AB192="","",input_data!AB192) | AN94: =IF(input_data!AA192="","",input_data!AA192) | AO94: ---------- | AP94: =IF(input_data!X23="","",input_data!X23) | AQ94: =IF(input_data!X58="","",input_data!X58) | AR94: =IF(input_data!X92="","",input_data!X92) | AS94: =IF(input_data!X126="","",input_data!X126) | AT94: =IF(input_data!X159="","",input_data!X159) | AU94: =IF(input_data!X192="","",input_data!X192) | AV94: ---------- | AW94: =IF(input_data!Y23="","",input_data!Y23) | AX94: =IF(input_data!Z23="","",input_data!Z23) | AY94: =IFERROR(IF(OR(AW94="",AX94=""),"",AX94/AW94),"") | AZ94: =IF(input_data!Y58="","",input_data!Y58) | BA94: =IF(input_data!Z58="","",input_data!Z58) | BB94: =IFERROR(IF(OR(AZ94="",BA94=""),"",BA94/AZ94),"") | BC94: =IF(input_data!Y92="","",input_data!Y92) | BD94: =IF(input_data!Z92="","",input_data!Z92) | BE94: =IFERROR(IF(OR(BC94="",BD94=""),"",BD94/BC94),"") | BF94: =IF(input_data!Y126="","",input_data!Y126) | BG94: =IF(input_data!Z126="","",input_data!Z126) | BH94: =IFERROR(IF(OR(BF94="",BG94=""),"",BG94/BF94),"") | BI94: =IF(input_data!Y159="","",input_data!Y159) | BJ94: =IF(input_data!Z159="","",input_data!Z159) | BK94: =IFERROR(IF(OR(BI94="",BJ94=""),"",BJ94/BI94),"") | BL94: =IF(input_data!Y192="","",input_data!Y192) | BM94: =IF(input_data!Z192="","",input_data!Z192) | BN94: =IFERROR(IF(OR(BL94="",BM94=""),"",BM94/BL94),"") | BO94: ---------- | BP94: =IF(AY94="","",AY94) | BQ94: =IF(BB94="","",BB94) | BR94: =IF(BE94="","",BE94) | BS94: =IF(BH94="","",BH94) | BT94: =IF(BK94="","",BK94) | BU94: =IF(BN94="","",BN94)
A97: Частота 10 Гц
A98: 1 | B98: 10 | C98: =IF(input_data!AI4="","",input_data!AI4) | D98: =IF(input_data!AF4="","",input_data!AF4) | E98: =IF(input_data!AI39="","",input_data!AI39) | F98: =IF(input_data!AF39="","",input_data!AF39) | G98: =IF(input_data!AI73="","",input_data!AI73) | H98: =IF(input_data!AF73="","",input_data!AF73) | I98: =IF(input_data!AI107="","",input_data!AI107) | J98: =IF(input_data!AF107="","",input_data!AF107) | K98: =IF(input_data!AI140="","",input_data!AI140) | L98: =IF(input_data!AF140="","",input_data!AF140) | M98: =IF(input_data!AI173="","",input_data!AI173) | N98: =IF(input_data!AF173="","",input_data!AF173) | O98: ---------- | P98: =IF(input_data!AI4="","",input_data!AI4) | Q98: =IF(input_data!AG4="","",input_data!AG4) | R98: =IF(input_data!AI39="","",input_data!AI39) | S98: =IF(input_data!AG39="","",input_data!AG39) | T98: =IF(input_data!AI73="","",input_data!AI73) | U98: =IF(input_data!AG73="","",input_data!AG73) | V98: =IF(input_data!AI107="","",input_data!AI107) | W98: =IF(input_data!AG107="","",input_data!AG107) | X98: =IF(input_data!AI140="","",input_data!AI140) | Y98: =IF(input_data!AG140="","",input_data!AG140) | Z98: =IF(input_data!AI173="","",input_data!AI173) | AA98: =IF(input_data!AG173="","",input_data!AG173) | AB98: ---------- | AC98: =IF(input_data!AI4="","",input_data!AI4) | AD98: =IF(input_data!AH4="","",input_data!AH4) | AE98: =IF(input_data!AI39="","",input_data!AI39) | AF98: =IF(input_data!AH39="","",input_data!AH39) | AG98: =IF(input_data!AI73="","",input_data!AI73) | AH98: =IF(input_data!AH73="","",input_data!AH73) | AI98: =IF(input_data!AI107="","",input_data!AI107) | AJ98: =IF(input_data!AH107="","",input_data!AH107) | AK98: =IF(input_data!AI140="","",input_data!AI140) | AL98: =IF(input_data!AH140="","",input_data!AH140) | AM98: =IF(input_data!AI173="","",input_data!AI173) | AN98: =IF(input_data!AH173="","",input_data!AH173) | AO98: ---------- | AP98: =IF(input_data!AE4="","",input_data!AE4) | AQ98: =IF(input_data!AE39="","",input_data!AE39) | AR98: =IF(input_data!AE73="","",input_data!AE73) | AS98: =IF(input_data!AE107="","",input_data!AE107) | AT98: =IF(input_data!AE140="","",input_data!AE140) | AU98: =IF(input_data!AE173="","",input_data!AE173) | AV98: ---------- | AW98: =IF(input_data!AF4="","",input_data!AF4) | AX98: =IF(input_data!AG4="","",input_data!AG4) | AY98: =IFERROR(IF(OR(AW98="",AX98=""),"",AX98/AW98),"") | AZ98: =IF(input_data!AF39="","",input_data!AF39) | BA98: =IF(input_data!AG39="","",input_data!AG39) | BB98: =IFERROR(IF(OR(AZ98="",BA98=""),"",BA98/AZ98),"") | BC98: =IF(input_data!AF73="","",input_data!AF73) | BD98: =IF(input_data!AG73="","",input_data!AG73) | BE98: =IFERROR(IF(OR(BC98="",BD98=""),"",BD98/BC98),"") | BF98: =IF(input_data!AF107="","",input_data!AF107) | BG98: =IF(input_data!AG107="","",input_data!AG107) | BH98: =IFERROR(IF(OR(BF98="",BG98=""),"",BG98/BF98),"") | BI98: =IF(input_data!AF140="","",input_data!AF140) | BJ98: =IF(input_data!AG140="","",input_data!AG140) | BK98: =IFERROR(IF(OR(BI98="",BJ98=""),"",BJ98/BI98),"") | BL98: =IF(input_data!AF173="","",input_data!AF173) | BM98: =IF(input_data!AG173="","",input_data!AG173) | BN98: =IFERROR(IF(OR(BL98="",BM98=""),"",BM98/BL98),"") | BO98: ---------- | BP98: =IF(AY98="","",AY98) | BQ98: =IF(BB98="","",BB98) | BR98: =IF(BE98="","",BE98) | BS98: =IF(BH98="","",BH98) | BT98: =IF(BK98="","",BK98) | BU98: =IF(BN98="","",BN98)
A99: 2 | B99: 10 | C99: =IF(input_data!AI5="","",input_data!AI5) | D99: =IF(input_data!AF5="","",input_data!AF5) | E99: =IF(input_data!AI40="","",input_data!AI40) | F99: =IF(input_data!AF40="","",input_data!AF40) | G99: =IF(input_data!AI74="","",input_data!AI74) | H99: =IF(input_data!AF74="","",input_data!AF74) | I99: =IF(input_data!AI108="","",input_data!AI108) | J99: =IF(input_data!AF108="","",input_data!AF108) | K99: =IF(input_data!AI141="","",input_data!AI141) | L99: =IF(input_data!AF141="","",input_data!AF141) | M99: =IF(input_data!AI174="","",input_data!AI174) | N99: =IF(input_data!AF174="","",input_data!AF174) | O99: ---------- | P99: =IF(input_data!AI5="","",input_data!AI5) | Q99: =IF(input_data!AG5="","",input_data!AG5) | R99: =IF(input_data!AI40="","",input_data!AI40) | S99: =IF(input_data!AG40="","",input_data!AG40) | T99: =IF(input_data!AI74="","",input_data!AI74) | U99: =IF(input_data!AG74="","",input_data!AG74) | V99: =IF(input_data!AI108="","",input_data!AI108) | W99: =IF(input_data!AG108="","",input_data!AG108) | X99: =IF(input_data!AI141="","",input_data!AI141) | Y99: =IF(input_data!AG141="","",input_data!AG141) | Z99: =IF(input_data!AI174="","",input_data!AI174) | AA99: =IF(input_data!AG174="","",input_data!AG174) | AB99: ---------- | AC99: =IF(input_data!AI5="","",input_data!AI5) | AD99: =IF(input_data!AH5="","",input_data!AH5) | AE99: =IF(input_data!AI40="","",input_data!AI40) | AF99: =IF(input_data!AH40="","",input_data!AH40) | AG99: =IF(input_data!AI74="","",input_data!AI74) | AH99: =IF(input_data!AH74="","",input_data!AH74) | AI99: =IF(input_data!AI108="","",input_data!AI108) | AJ99: =IF(input_data!AH108="","",input_data!AH108) | AK99: =IF(input_data!AI141="","",input_data!AI141) | AL99: =IF(input_data!AH141="","",input_data!AH141) | AM99: =IF(input_data!AI174="","",input_data!AI174) | AN99: =IF(input_data!AH174="","",input_data!AH174) | AO99: ---------- | AP99: =IF(input_data!AE5="","",input_data!AE5) | AQ99: =IF(input_data!AE40="","",input_data!AE40) | AR99: =IF(input_data!AE74="","",input_data!AE74) | AS99: =IF(input_data!AE108="","",input_data!AE108) | AT99: =IF(input_data!AE141="","",input_data!AE141) | AU99: =IF(input_data!AE174="","",input_data!AE174) | AV99: ---------- | AW99: =IF(input_data!AF5="","",input_data!AF5) | AX99: =IF(input_data!AG5="","",input_data!AG5) | AY99: =IFERROR(IF(OR(AW99="",AX99=""),"",AX99/AW99),"") | AZ99: =IF(input_data!AF40="","",input_data!AF40) | BA99: =IF(input_data!AG40="","",input_data!AG40) | BB99: =IFERROR(IF(OR(AZ99="",BA99=""),"",BA99/AZ99),"") | BC99: =IF(input_data!AF74="","",input_data!AF74) | BD99: =IF(input_data!AG74="","",input_data!AG74) | BE99: =IFERROR(IF(OR(BC99="",BD99=""),"",BD99/BC99),"") | BF99: =IF(input_data!AF108="","",input_data!AF108) | BG99: =IF(input_data!AG108="","",input_data!AG108) | BH99: =IFERROR(IF(OR(BF99="",BG99=""),"",BG99/BF99),"") | BI99: =IF(input_data!AF141="","",input_data!AF141) | BJ99: =IF(input_data!AG141="","",input_data!AG141) | BK99: =IFERROR(IF(OR(BI99="",BJ99=""),"",BJ99/BI99),"") | BL99: =IF(input_data!AF174="","",input_data!AF174) | BM99: =IF(input_data!AG174="","",input_data!AG174) | BN99: =IFERROR(IF(OR(BL99="",BM99=""),"",BM99/BL99),"") | BO99: ---------- | BP99: =IF(AY99="","",AY99) | BQ99: =IF(BB99="","",BB99) | BR99: =IF(BE99="","",BE99) | BS99: =IF(BH99="","",BH99) | BT99: =IF(BK99="","",BK99) | BU99: =IF(BN99="","",BN99)
A100: 3 | B100: 10 | C100: =IF(input_data!AI6="","",input_data!AI6) | D100: =IF(input_data!AF6="","",input_data!AF6) | E100: =IF(input_data!AI41="","",input_data!AI41) | F100: =IF(input_data!AF41="","",input_data!AF41) | G100: =IF(input_data!AI75="","",input_data!AI75) | H100: =IF(input_data!AF75="","",input_data!AF75) | I100: =IF(input_data!AI109="","",input_data!AI109) | J100: =IF(input_data!AF109="","",input_data!AF109) | K100: =IF(input_data!AI142="","",input_data!AI142) | L100: =IF(input_data!AF142="","",input_data!AF142) | M100: =IF(input_data!AI175="","",input_data!AI175) | N100: =IF(input_data!AF175="","",input_data!AF175) | O100: ---------- | P100: =IF(input_data!AI6="","",input_data!AI6) | Q100: =IF(input_data!AG6="","",input_data!AG6) | R100: =IF(input_data!AI41="","",input_data!AI41) | S100: =IF(input_data!AG41="","",input_data!AG41) | T100: =IF(input_data!AI75="","",input_data!AI75) | U100: =IF(input_data!AG75="","",input_data!AG75) | V100: =IF(input_data!AI109="","",input_data!AI109) | W100: =IF(input_data!AG109="","",input_data!AG109) | X100: =IF(input_data!AI142="","",input_data!AI142) | Y100: =IF(input_data!AG142="","",input_data!AG142) | Z100: =IF(input_data!AI175="","",input_data!AI175) | AA100: =IF(input_data!AG175="","",input_data!AG175) | AB100: ---------- | AC100: =IF(input_data!AI6="","",input_data!AI6) | AD100: =IF(input_data!AH6="","",input_data!AH6) | AE100: =IF(input_data!AI41="","",input_data!AI41) | AF100: =IF(input_data!AH41="","",input_data!AH41) | AG100: =IF(input_data!AI75="","",input_data!AI75) | AH100: =IF(input_data!AH75="","",input_data!AH75) | AI100: =IF(input_data!AI109="","",input_data!AI109) | AJ100: =IF(input_data!AH109="","",input_data!AH109) | AK100: =IF(input_data!AI142="","",input_data!AI142) | AL100: =IF(input_data!AH142="","",input_data!AH142) | AM100: =IF(input_data!AI175="","",input_data!AI175) | AN100: =IF(input_data!AH175="","",input_data!AH175) | AO100: ---------- | AP100: =IF(input_data!AE6="","",input_data!AE6) | AQ100: =IF(input_data!AE41="","",input_data!AE41) | AR100: =IF(input_data!AE75="","",input_data!AE75) | AS100: =IF(input_data!AE109="","",input_data!AE109) | AT100: =IF(input_data!AE142="","",input_data!AE142) | AU100: =IF(input_data!AE175="","",input_data!AE175) | AV100: ---------- | AW100: =IF(input_data!AF6="","",input_data!AF6) | AX100: =IF(input_data!AG6="","",input_data!AG6) | AY100: =IFERROR(IF(OR(AW100="",AX100=""),"",AX100/AW100),"") | AZ100: =IF(input_data!AF41="","",input_data!AF41) | BA100: =IF(input_data!AG41="","",input_data!AG41) | BB100: =IFERROR(IF(OR(AZ100="",BA100=""),"",BA100/AZ100),"") | BC100: =IF(input_data!AF75="","",input_data!AF75) | BD100: =IF(input_data!AG75="","",input_data!AG75) | BE100: =IFERROR(IF(OR(BC100="",BD100=""),"",BD100/BC100),"") | BF100: =IF(input_data!AF109="","",input_data!AF109) | BG100: =IF(input_data!AG109="","",input_data!AG109) | BH100: =IFERROR(IF(OR(BF100="",BG100=""),"",BG100/BF100),"") | BI100: =IF(input_data!AF142="","",input_data!AF142) | BJ100: =IF(input_data!AG142="","",input_data!AG142) | BK100: =IFERROR(IF(OR(BI100="",BJ100=""),"",BJ100/BI100),"") | BL100: =IF(input_data!AF175="","",input_data!AF175) | BM100: =IF(input_data!AG175="","",input_data!AG175) | BN100: =IFERROR(IF(OR(BL100="",BM100=""),"",BM100/BL100),"") | BO100: ---------- | BP100: =IF(AY100="","",AY100) | BQ100: =IF(BB100="","",BB100) | BR100: =IF(BE100="","",BE100) | BS100: =IF(BH100="","",BH100) | BT100: =IF(BK100="","",BK100) | BU100: =IF(BN100="","",BN100)
