Workbook

Sheet freq_diagrams
A1: 0.1Hz | AW1: 0.1Hz
A82: 0.5Hz | AW82: 0.5Hz
A161: 1.0Hz | AW161: 1.0Hz
A243: 5.0Hz | AW243: 5.0Hz
A326: 10.0Hz | AW326: 10.0Hz
A406: 20.0Hz | AW406: 20.0Hz
A488: 30.0Hz | AW488: 30.0Hz
A571: 50.0Hz | AW571: 50.0Hz
A654: 75.0Hz | AW654: 75.0Hz
A736: 100.0Hz | AW736: 100.0Hz

Sheet input_data
B1: Частотные характеристики при 20°С SCTNA_60_PyrO_40_Katal68_3_U=0v_30_points | BM1: 0v
B2: Частота 0,1 Гц | I2: Частота 0,5 Гц | P2: Частота 1 Гц | W2: Частота 5 Гц | AD2: Частота 10 Гц | AK2: Частота 20 Гц | AR2: Частота 30 Гц | AY2: Частота 50 Гц | BF2: Частота 75 Гц | BM2: Частота 100 Гц
B3: t_seg in s | C3: Tau in Pa | D3: G' in Pa | E3: G" in Pa | F3: |eta*| in Pas | G3: gamma | I3: t_seg in s | J3: Tau in Pa | K3: G' in Pa | L3: G" in Pa | M3: |eta*| in Pas | N3: gamma | P3: t_seg in s | Q3: Tau in Pa | R3: G' in Pa | S3: G" in Pa | T3: |eta*| in Pas | U3: gamma | W3: t_seg in s | X3: Tau in Pa | Y3: G' in Pa | Z3: G" in Pa | AA3: |eta*| in Pas | AB3: gamma | AD3: t_seg in s | AE3: Tau in Pa | AF3: G' in Pa | AG3: G" in Pa | AH3: |eta*| in Pas | AI3: gamma | AK3: t_seg in s | AL3: Tau in Pa | AM3: G' in Pa | AN3: G" in Pa | AO3: |eta*| in Pas | AP3: gamma | AR3: t_seg in s | AS3: Tau in Pa | AT3: G' in Pa | AU3: G" in Pa | AV3: |eta*| in Pas | AW3: gamma | AY3: t_seg in s | AZ3: Tau in Pa | BA3: G' in Pa | BB3: G" in Pa | BC3: |eta*| in Pas | BD3: gamma | BF3: t_seg in s | BG3: Tau in Pa | BH3: G' in Pa | BI3: G" in Pa | BJ3: |eta*| in Pas | BK3: gamma | BM3: t_seg in s | BN3: Tau in Pa | BO3: G' in Pa | BP3: G" in Pa | BQ3: |eta*| in Pas | BR3: gamma
A4: 1|1 | B4: 236.6 | C4: 1466 | D4: 121400 | E4: 34680 | F4: 200900 | G4: 0.01161 | H4: 1|1 | I4: 91.12 | J4: 158.7 | K4: 162700 | L4: 5534 | M4: 51830 | N4: 0.0009749 | O4: 1|1 | P4: 73.71 | Q4: 187.4 | R4: 185100 | S4: 11990 | T4: 29520 | U4: 0.00101 | V4: 1|1 | W4: 48.63 | X4: 176.4 | Y4: 178900 | Z4: 8995 | AA4: 5702 | AB4: 0.000985 | AC4: 1|1 | AD4: 44.4 | AE4: 177.8 | AF4: 179500 | AG4: 4606 | AH4: 2857 | AI4: 0.0009901 | AJ4: 1|1 | AK4: 39.36 | AL4: 177.5 | AM4: 176400 | AN4: 9066 | AO4: 1405 | AP4: 0.001005 | AQ4: 1|1 | AR4: 32.56 | AS4: 183.1 | AT4: 177200 | AU4: 9700 | AV4: 921.2 | AW4: 0.001032 | AX4: 1|1 | AY4: 32.7 | AZ4: 179.5 | BA4: 176000 | BB4: 14740 | BC4: 550.1 | BD4: 0.001016 | BE4: 1|1 | BF4: 32.51 | BG4: 164.7 | BH4: 164700 | BI4: 8650 | BJ4: 350 | BK4: 0.0009984 | BL4: 1|1 | BM4: 30.36 | BN4: 155.1 | BO4: 163500 | BP4: 26080 | BQ4: 263.5 | BR4: 0.0009369 | BT4: 100 | BU4: 20.72
A5: 1|2 | B5: 480.5 | C5: 1704 | D5: 119900 | E5: 35400 | F5: 198900 | G5: 0.01363 | H5: 1|2 | I5: 193.1 | J5: 290.2 | K5: 196200 | L5: 10370 | M5: 62530 | N5: 0.001477 | O5: 1|2 | P5: 160.7 | Q5: 251.8 | R5: 168800 | S5: 8619 | T5: 26900 | U5: 0.00149 | V5: 1|2 | W5: 103.8 | X5: 289.1 | Y5: 194200 | Z5: 9992 | AA5: 6190 | AB5: 0.001487 | AC5: 1|2 | AD5: 92.63 | AE5: 285.1 | AF5: 194000 | AG5: 11440 | AH5: 3092 | AI5: 0.001467 | AJ5: 1|2 | AK5: 81.78 | AL5: 255.2 | AM5: 171900 | AN5: 9192 | AO5: 1370 | AP5: 0.001483 | AQ5: 1|2 | AR5: 74.05 | AS5: 266 | AT5: 176000 | AU5: 12430 | AV5: 916 | AW5: 0.001507 | AX5: 1|2 | AY5: 71.76 | AZ5: 255.2 | BA5: 176400 | BB5: 5761 | BC5: 549.6 | BD5: 0.001446 | BE5: 1|2 | BF5: 71.76 | BG5: 237.9 | BH5: 159000 | BI5: 12420 | BJ5: 338.4 | BK5: 0.001492 | BL5: 1|2 | BM5: 68.48 | BN5: 241.7 | BP5: 15330 | BQ5: 24.39 | BR5: 0.00154 | BT5: 100 | BU5: 20.71
A6: 1|3 | B6: 723 | C6: 2062 | D6: 104300 | E6: 36350 | F6: 175900 | G6: 0.01866 | H6: 1|3 | I6: 296.1 | J6: 450 | K6: 203800 | L6: 13420 | M6: 65020 | N6: 0.002203 | O6: 1|3 | P6: 245.5 | Q6: 360.6 | R6: 162400 | S6: 8981 | T6: 25890 | U6: 0.002217 | V6: 1|3 | W6: 159 | X6: 426.3 | Y6: 192900 | Z6: 11200 | AA6: 6149 | AB6: 0.002206 | AC6: 1|3 | AD6: 140.7 | AE6: 428.2 | AF6: 191900 | AG6: 10010 | AH6: 3059 | AI6: 0.002228 | AJ6: 1|3 | AK6: 123.4 | AL6: 371.2 | AM6: 168200 | AN6: 8545 | AO6: 1340 | AP6: 0.002204 | AQ6: 1|3 | AR6: 115.3 | AS6: 385.5 | AT6: 171400 | AU6: 9496 | AV6: 891.2 | AW6: 0.002245 | AX6: 1|3 | AY6: 111.1 | AZ6: 383.8 | BA6: 168100 | BB6: 9548 | BC6: 524.5 | BD6: 0.002279 | BE6: 1|3 | BF6: 109.9 | BG6: 356.9 | BH6: 162100 | BI6: 14930 | BJ6: 345.5 | BK6: 0.002192 | BL6: 1|3 | BM6: 106.8 | BN6: 323.3 | BO6: 149100 | BP6: 15280 | BQ6: 238.6 | BR6: 0.002156 | BT6: 100 | BU6: 20.72
A7: 1|4 | B7: 965.6 | C7: 2415 | D7: 89100 | E7: 36010 | F7: 152900 | G7: 0.02513 | H7: 1|4 | I7: 397.9 | J7: 652.8 | K7: 198100 | L7: 18040 | M7: 63330 | N7: 0.003281 | O7: 1|4 | P7: 332.5 | Q7: 524.5 | R7: 159100 | S7: 10580 | T7: 25380 | U7: 0.003289 | V7: 1|4 | W7: 214.1 | X7: 628.8 | Y7: 190500 | Z7: 13070 | AA7: 6079 | AB7: 0.003292 | AC7: 1|4 | AD7: 187.7 | AE7: 595.9 | AF7: 180700 | AG7: 10630 | AH7: 2881 | AI7: 0.003292 | AJ7: 1|4 | AK7: 166 | AL7: 544.4 | AM7: 166800 | AN7: 10230 | AO7: 1330 | AP7: 0.003257 | AQ7: 1|4 | AR7: 156 | AS7: 555.8 | AT7: 168500 | AU7: 10670 | AV7: 876.5 | AW7: 0.003292 | AX7: 1|4 | AY7: 150.9 | AZ7: 537.3 | BA7: 166700 | BB7: 11010 | BC7: 520.4 | BD7: 0.003216 | BE7: 1|4 | BF7: 148.7 | BG7: 534.4 | BH7: 160600 | BI7: 17300 | BJ7: 342.9 | BK7: 0.003307 | BL7: 1|4 | BM7: 144.9 | BN7: 523.2 | BO7: 154300 | BP7: 13340 | BQ7: 246.6 | BR7: 0.003377 | BT7: 100 | BU7: 20.72
A8: 1|5 | B8: 1209 | C8: 2829 | D8: 74140 | E8: 33790 | F8: 129700 | G8: 0.03473 | H8: 1|5 | I8: 500.5 | J8: 883.9 | K8: 180000 | L8: 23700 | M8: 57800 | N8: 0.004868 | O8: 1|5 | P8: 419.4 | Q8: 782.5 | R8: 159500 | S8: 15040 | T8: 25490 | U8: 0.004886 | V8: 1|5 | W8: 269.2 | X8: 922 | Y8: 188000 | Z8: 16530 | AA8: 6006 | AB8: 0.004887 | AC8: 1|5 | AD8: 238.2 | AE8: 799.6 | AF8: 162700 | AG8: 10630 | AH8: 2595 | AI8: 0.004905 | AJ8: 1|5 | AK8: 209 | AL8: 820.4 | AM8: 167400 | AN8: 11940 | AO8: 1336 | AP8: 0.004887 | AQ8: 1|5 | AR8: 196.2 | AS8: 826.8 | AT8: 169800 | AU8: 14320 | AV8: 884.7 | AW8: 0.004852 | AX8: 1|5 | AY8: 190.1 | AZ8: 797.5 | BA8: 167700 | BB8: 17900 | BC8: 525.4 | BD8: 0.004728 | BE8: 1|5 | BF8: 188.1 | BG8: 811 | BH8: 163800 | BI8: 16660 | BJ8: 349.4 | BK8: 0.004926 | BL8: 1|5 | BM8: 183.1 | BN8: 744.6 | BO8: 158100 | BP8: 15970 | BQ8: 252.9 | BR8: 0.004687 | BT8: 100 | BU8: 20.72
A9: 1|6 | B9: 1452 | C9: 3277 | D9: 62630 | E9: 31160 | F9: 111300 | G9: 0.04684 | H9: 1|6 | I9: 602.4 | J9: 1189 | K9: 161500 | L9: 32870 | M9: 52460 | N9: 0.007215 | O9: 1|6 | P9: 504.3 | Q9: 1139 | R9: 154800 | S9: 23640 | T9: 24930 | U9: 0.007275 | V9: 1|6 | W9: 324.4 | X9: 1294 | Y9: 176600 | Z9: 22150 | AA9: 5664 | AB9: 0.007269 | AC9: 1|6 | AD9: 284.7 | AE9: 1107 | AF9: 151700 | AG9: 12640 | AH9: 2423 | AI9: 0.00727 | AJ9: 1|6 | AK9: 250.6 | AL9: 1234 | AM9: 169100 | AN9: 15150 | AO9: 1351 | AP9: 0.007272 | AQ9: 1|6 | AR9: 237.2 | AS9: 1225 | AT9: 170400 | AU9: 14200 | AV9: 887.7 | AW9: 0.007163 | AX9: 1|6 | AY9: 229.4 | AZ9: 1193 | BA9: 158700 | BB9: 21110 | BC9: 498.5 | BD9: 0.007452 | BE9: 1|6 | BF9: 226.5 | BG9: 1177 | BH9: 161000 | BI9: 21230 | BJ9: 344.6 | BK9: 0.007248 | BL9: 1|6 | BM9: 222.3 | BN9: 1126 | BO9: 149700 | BP9: 25420 | BQ9: 241.7 | BR9: 0.007416 | BT9: 100 | BU9: 20.72
A10: 1|7 | B10: 1695 | C10: 3821 | D10: 52660 | E10: 28390 | F10: 95210 | G10: 0.06387 | H10: 1|7 | I10: 704.4 | J10: 1487 | K10: 139300 | L10: 38490 | M10: 46000 | N10: 0.01029 | O10: 1|7 | P10: 591.2 | Q10: 1562 | R10: 140800 | S10: 32230 | T10: 22990 | U10: 0.01081 | V10: 1|7 | W10: 379.4 | X10: 1760 | Y10: 160200 | Z10: 28710 | AA10: 5181 | AB10: 0.01081 | AC10: 1|7 | AD10: 332.8 | AE10: 1614 | AF10: 148200 | AG10: 17820 | AH10: 2376 | AI10: 0.01081 | AJ10: 1|7 | AK10: 292.3 | AL10: 1733 | AM10: 158200 | AN10: 17530 | AO10: 1267 | AP10: 0.01088 | AQ10: 1|7 | AR10: 278.7 | AS10: 1737 | AT10: 158200 | AU10: 15720 | AV10: 825.1 | AW10: 0.01093 | AX10: 1|7 | AY10: 268.6 | AZ10: 1664 | BA10: 150200 | BB10: 20940 | BC10: 472.4 | BD10: 0.01097 | BE10: 1|7 | BF10: 265.4 | BG10: 1637 | BH10: 149600 | BI10: 18400 | BJ10: 319.9 | BK10: 0.01086 | BL10: 1|7 | BM10: 260.5 | BN10: 1678 | BP10: 73970 | BQ10: 117.7 | BR10: 0.01518 | BT10: 100 | BU10: 20.71
A11: 1|8 | B11: 1943 | C11: 4481 | D11: 44100 | E11: 26200 | F11: 81650 | G11: 0.08735 | H11: 1|8 | I11: 807.2 | J11: 1894 | K11: 113300 | L11: 39700 | M11: 38230 | N11: 0.01577 | O11: 1|8 | P11: 676 | Q11: 2007 | R11: 120400 | S11: 34670 | T11: 19940 | U11: 0.01603 | V11: 1|8 | W11: 434.6 | X11: 2353 | Y11: 142600 | Z11: 33910 | AA11: 4664 | AB11: 0.01606 | AC11: 1|8 | AD11: 380.7 | AE11: 2296 | AF11: 140800 | AG11: 23960 | AH11: 2273 | AI11: 0.01608 | AJ11: 1|8 | AK11: 335.6 | AL11: 2403 | AM11: 147800 | AN11: 19660 | AO11: 1186 | AP11: 0.01612 | AQ11: 1|8 | AR11: 319.3 | AS11: 2443 | AT11: 149800 | AU11: 19250 | AV11: 783.9 | AW11: 0.01618 | AX11: 1|8 | AY11: 307.9 | AZ11: 2422 | BA11: 149000 | BB11: 25020 | BC11: 470.7 | BD11: 0.01603 | BE11: 1|8 | BF11: 304.8 | BG11: 2390 | BH11: 147000 | BI11: 20710 | BJ11: 315 | BK11: 0.0161 | BL11: 1|8 | BM11: 298.7 | BN11: 2256 | BO11: 128600 | BP11: 21140 | BQ11: 207.4 | BR11: 0.01732 | BT11: 100 | BU11: 20.72
A12: 1|9 | B12: 2191 | C12: 5241 | D12: 36650 | E12: 24630 | F12: 70290 | G12: 0.1187 | H12: 1|9 | I12: 909.8 | J12: 2362 | K12: 94020 | L12: 39050 | M12: 32410 | N12: 0.0232 | O12: 1|9 | P12: 760.9 | Q12: 2627 | R12: 104200 | S12: 35920 | T12: 17540 | U12: 0.02384 | V12: 1|9 | W12: 491.2 | X12: 3200 | Y12: 128600 | Z12: 37210 | AA12: 4261 | AB12: 0.0239 | AC12: 1|9 | AD12: 428.8 | AE12: 3162 | AF12: 129300 | AG12: 28930 | AH12: 2108 | AI12: 0.02387 | AJ12: 1|9 | AK12: 379.2 | AL12: 3438 | AM12: 141500 | AN12: 24470 | AO12: 1142 | AP12: 0.02395 | AQ12: 1|9 | AR12: 353.3 | AS12: 3559 | AT12: 145000 | AU12: 22480 | AV12: 761.9 | AW12: 0.02425 | AX12: 1|9 | AY12: 340.7 | AZ12: 3538 | BA12: 140700 | BB12: 26710 | BC12: 446.2 | BD12: 0.0247 | BE12: 1|9 | BF12: 343.8 | BG12: 3461 | BH12: 141900 | BI12: 23480 | BJ12: 305.3 | BK12: 0.02405 | BL12: 1|9 | BM12: 336.8 | BN12: 2995 | BO12: 92190 | BP12: 24240 | BQ12: 151.7 | BR12: 0.03142 | BT12: 100 | BU12: 20.71
A13: 1|10 | B13: 2433 | C13: 5746 | D13: 31680 | E13: 24140 | F13: 63390 | G13: 0.1443 | H13: 1|10 | I13: 1012 | J13: 2965 | K13: 76280 | L13: 36410 | M13: 26910 | N13: 0.03508 | O13: 1|10 | P13: 845.8 | Q13: 3414 | R13: 89240 | S13: 36730 | T13: 15360 | U13: 0.03538 | V13: 1|10 | W13: 547 | X13: 4365 | Y13: 116400 | Z13: 39520 | AA13: 3913 | AB13: 0.03551 | AC13: 1|10 | AD13: 452.9 | AE13: 3564 | AF13: 125600 | AG13: 30250 | AH13: 2056 | AI13: 0.02759 | AJ13: 1|10 | AK13: 401 | AL13: 3619 | AM13: 140600 | AN13: 24730 | AO13: 1136 | AP13: 0.02536 | AQ13: 1|10 | AR13: 373.4 | AS13: 3647 | AT13: 145400 | AU13: 21690 | AV13: 762.9 | AW13: 0.02481 | AX13: 1|10 | AY13: 360.8 | AZ13: 3687 | BA13: 137200 | BB13: 30460 | BC13: 437.6 | BD13: 0.02624 | BE13: 1|10 | BF13: 364 | BG13: 3742 | BH13: 139900 | BI13: 21550 | BJ13: 300.4 | BK13: 0.02644 | BL13: 1|10 | BM13: 373.1 | BN13: 3397 | BO13: 84330 | BP13: 24460 | BQ13: 139.7 | BR13: 0.03869 | BT13: 100 | BU13: 20.72
A14: 1|11 | B14: 2660 | C14: 8755 | D14: 4258 | E14: 4763 | F14: 10170 | G14: 1.37 | H14: 1|11 | I14: 1115 | J14: 3710 | K14: 63080 | L14: 33430 | M14: 22730 | N14: 0.05197 | O14: 1|11 | P14: 930.5 | Q14: 4381 | R14: 75540 | S14: 37250 | T14: 13410 | U14: 0.05201 | V14: 1|11 | W14: 602.3 | X14: 5926 | Y14: 104400 | Z14: 41780 | AA14: 3579 | AB14: 0.0527 | AC14: 1|11 | AD14: 478.8 | AE14: 3564 | AF14: 125500 | AG14: 30090 | AH14: 2054 | AI14: 0.02761 | AJ14: 1|11 | AK14: 426.8 | AL14: 3619 | AM14: 140500 | AN14: 24880 | AO14: 1135 | AP14: 0.02536 | AQ14: 1|11 | AR14: 397.7 | AS14: 3647 | AT14: 144600 | AU14: 21700 | AV14: 758.8 | AW14: 0.02494 | AX14: 1|11 | AY14: 383.2 | AZ14: 3687 | BA14: 136100 | BB14: 30050 | BC14: 434.1 | BD14: 0.02645 | BE14: 1|11 | BF14: 386.3 | BG14: 3742 | BH14: 139100 | BI14: 26460 | BJ14: 300.5 | BK14: 0.02643 | BL14: 1|11 | BM14: 392.3 | BN14: 3885 | BO14: 94990 | BP14: 2036 | BQ14: 151.2 | BR14: 0.04089 | BT14: 100 | BU14: 20.71
A15: 1|12 | B15: 2804 | C15: 17820 | D15: 703.2 | E15: 4845 | F15: 7792 | G15: 3.64 | H15: 1|12 | I15: 1216 | J15: 4577 | K15: 51670 | L15: 29710 | M15: 18970 | N15: 0.07678 | O15: 1|12 | P15: 1015 | Q15: 5560 | R15: 62970 | S15: 36710 | T15: 11600 | U15: 0.07629 | V15: 1|12 | W15: 658.7 | X15: 7886 | Y15: 91750 | Z15: 42940 | AA15: 3225 | AB15: 0.07784 | AC15: 1|12 | AD15: 506.4 | AE15: 3564 | AF15: 125500 | AG15: 30010 | AH15: 2054 | AI15: 0.02762 | AJ15: 1|12 | AK15: 452 | AL15: 3619 | AM15: 140600 | AN15: 24880 | AO15: 1136 | AP15: 0.02535 | AQ15: 1|12 | AR15: 422.1 | AS15: 3647 | AU15: 23080 | AV15: 119.8 | AW15: 0.02476 | AX15: 1|12 | AY15: 406.4 | AZ15: 3687 | BA15: 136600 | BB15: 30120 | BC15: 435.6 | BD15: 0.02636 | BE15: 1|12 | BF15: 407.5 | BG15: 3742 | BH15: 138600 | BI15: 21480 | BJ15: 297.6 | BK15: 0.02668 | BL15: 1|12 | BM15: 414.7 | BN15: 3885 | BO15: 79720 | BP15: 24490 | BQ15: 132.7 | BR15: 0.04658 | BT15: 100 | BU15: 20.72
A16: 1|13 | B16: 2953 | C16: 17820 | D16: 536.6 | E16: 5092 | F16: 8150 | G16: 3.48 | H16: 1|13 | I16: 1319 | J16: 5807 | K16: 42670 | L16: 27130 | M16: 16090 | N16: 0.1148 | O16: 1|13 | P16: 1100 | Q16: 6451 | R16: 47870 | S16: 30640 | T16: 9046 | U16: 0.1135 | V16: 1|13 | W16: 714.9 | X16: 10050 | Y16: 78820 | Z16: 42170 | AA16: 2845 | AB16: 0.1124 | AC16: 1|13 | AD16: 531.9 | AE16: 3564 | AF16: 125800 | AG16: 29890 | AH16: 2058 | AI16: 0.02756 | AJ16: 1|13 | AK16: 476.8 | AL16: 3619 | AM16: 140600 | AN16: 24790 | AO16: 1136 | AP16: 0.02535 | AQ16: 1|13 | AR16: 446.1 | AS16: 3647 | AT16: 145500 | AU16: 22130 | AV16: 763.7 | AW16: 0.02478 | AX16: 1|13 | AY16: 428.9 | AZ16: 3687 | BB16: 30890 | BC16: 96.2 | BD16: 0.02586 | BE16: 1|13 | BF16: 430.3 | BG16: 3742 | BH16: 138700 | BI16: 22710 | BJ16: 298.3 | BK16: 0.02662 | BL16: 1|13 | BM16: 438.6 | BN16: 3885 | BO16: 79640 | BP16: 22350 | BQ16: 131.7 | BR16: 0.04696 | BT16: 100 | BU16: 20.72
A17: 1|14 | B17: 3097 | C17: 17820 | D17: 475.1 | E17: 5201 | F17: 8313 | G17: 3.412 | H17: 1|14 | I17: 1421 | J17: 7470 | K17: 34890 | L17: 25910 | M17: 13830 | N17: 0.1719 | O17: 1|14 | P17: 1187 | Q17: 8275 | R17: 39000 | S17: 28270 | T17: 7666 | U17: 0.1718 | V17: 1|14 | W17: 770.4 | X17: 12440 | Y17: 67530 | Z17: 40400 | AA17: 2505 | AB17: 0.158 | AC17: 1|14 | AD17: 559.6 | AE17: 3564 | AF17: 126200 | AG17: 29590 | AH17: 2063 | AI17: 0.02749 | AJ17: 1|14 | AK17: 502.9 | AL17: 3619 | AM17: 140600 | AN17: 24710 | AO17: 1136 | AP17: 0.02535 | AQ17: 1|14 | AR17: 469.7 | AS17: 3647 | AT17: 145200 | AU17: 23420 | AV17: 763.3 | AW17: 0.0248 | AX17: 1|14 | AY17: 452.1 | AZ17: 3687 | BA17: 135700 | BB17: 29130 | BC17: 432.4 | BD17: 0.02656 | BE17: 1|14 | BF17: 453.7 | BG17: 3742 | BH17: 138300 | BI17: 22100 | BJ17: 297.2 | BK17: 0.02672 | BL17: 1|14 | BM17: 460.9 | BN17: 3885 | BO17: 79070 | BP17: 21650 | BQ17: 130.5 | BR17: 0.04739 | BT17: 100 | BU17: 20.72
A18: 1|15 | B18: 3242 | C18: 17820 | D18: 455.4 | E18: 5277 | F18: 8430 | G18: 3.364 | H18: 1|15 | I18: 1524 | J18: 9286 | K18: 26550 | L18: 25350 | M18: 11690 | N18: 0.2529 | O18: 1|15 | P18: 1272 | Q18: 10340 | R18: 30090 | S18: 26920 | T18: 6425 | U18: 0.256 | V18: 1|15 | W18: 826.9 | X18: 14720 | Y18: 56860 | Z18: 37640 | AA18: 2171 | AB18: 0.2158 | AC18: 1|15 | AD18: 585.9 | AE18: 3564 | AF18: 126300 | AG18: 29520 | AH18: 2065 | AI18: 0.02747 | AJ18: 1|15 | AK18: 528.4 | AL18: 3619 | AM18: 140500 | AN18: 24860 | AO18: 1136 | AP18: 0.02536 | AQ18: 1|15 | AR18: 494.3 | AS18: 3647 | AT18: 145100 | AU18: 22210 | AV18: 762 | AW18: 0.02484 | AX18: 1|15 | AY18: 475.4 | AZ18: 3687 | BA18: 137200 | BB18: 29870 | BC18: 437.3 | BD18: 0.02626 | BE18: 1|15 | BF18: 476.5 | BG18: 3742 | BH18: 138900 | BI18: 23290 | BJ18: 298.8 | BK18: 0.02658 | BL18: 1|15 | BM18: 483.4 | BN18: 3885 | BO18: 79950 | BP18: 24470 | BQ18: 133.1 | BR18: 0.04646 | BT18: 100 | BU18: 20.72
A19: 1|16 | B19: 3390 | C19: 17820 | D19: 490.5 | E19: 5390 | F19: 8614 | G19: 3.292 | H19: 1|16 | I19: 1627 | J19: 10440 | K19: 20550 | L19: 24940 | M19: 10290 | N19: 0.3232 | O19: 1|16 | P19: 1359 | Q19: 13600 | R19: 23900 | S19: 26290 | T19: 5655 | U19: 0.3829 | V19: 1|16 | W19: 856.6 | X19: 18000 | Y19: 46510 | Z19: 32150 | AA19: 1800 | AB19: 0.3183 | AC19: 1|16 | AD19: 611.4 | AE19: 3564 | AF19: 126400 | AG19: 29470 | AH19: 2066 | AI19: 0.02745 | AJ19: 1|16 | AK19: 554.1 | AL19: 3619 | AM19: 140400 | AN19: 24670 | AO19: 1134 | AP19: 0.02539 | AQ19: 1|16 | AR19: 518.6 | AS19: 3647 | AT19: 144900 | AU19: 21420 | AV19: 760.3 | AW19: 0.0249 | AX19: 1|16 | AY19: 497.8 | AZ19: 3687 | BA19: 137900 | BB19: 28450 | BC19: 438.5 | BD19: 0.02619 | BE19: 1|16 | BF19: 499.7 | BG19: 3742 | BH19: 138600 | BI19: 22340 | BJ19: 297.9 | BK19: 0.02665 | BL19: 1|16 | BM19: 505.6 | BN19: 3885 | BO19: 79140 | BP19: 23420 | BQ19: 131.4 | BR19: 0.04707 | BT19: 100 | BU19: 20.73
A20: 1|17 | B20: 3539 | C20: 17820 | D20: 540 | E20: 5569 | F20: 8904 | G20: 3.185 | H20: 1|17 | I20: 1729 | J20: 14240 | K20: 13760 | L20: 22170 | M20: 8306 | N20: 0.5457 | O20: 1|17 | P20: 1406 | Q20: 18000 | R20: 21150 | S20: 26590 | T20: 5408 | U20: 0.5297 | V20: 1|17 | W20: 886.5 | X20: 18000 | Y20: 46010 | Z20: 31480 | AA20: 1775 | AB20: 0.3228 | AC20: 1|17 | AD20: 639.5 | AE20: 3564 | AF20: 126700 | AG20: 29440 | AH20: 2070 | AI20: 0.0274 | AJ20: 1|17 | AK20: 580.3 | AL20: 3619 | AM20: 140500 | AN20: 24630 | AO20: 1135 | AP20: 0.02537 | AQ20: 1|17 | AR20: 543 | AS20: 3647 | AT20: 145200 | AU20: 22320 | AV20: 762.3 | AW20: 0.02483 | AX20: 1|17 | AY20: 520.9 | AZ20: 3687 | BA20: 136900 | BB20: 29320 | BC20: 436.1 | BD20: 0.02633 | BE20: 1|17 | BF20: 522.1 | BG20: 3742 | BH20: 137900 | BI20: 23190 | BJ20: 296.7 | BK20: 0.02676 | BL20: 1|17 | BM20: 526.9 | BN20: 3885 | BO20: 79480 | BP20: 23150 | BQ20: 131.8 | BR20: 0.04692 | BT20: 100 | BU20: 20.73
A21: 1|18 | B21: 3683 | C21: 17820 | D21: 616.8 | E21: 5783 | F21: 9256 | G21: 3.064 | H21: 1|18 | I21: 1786 | J21: 17820 | K21: 10150 | L21: 20100 | M21: 7168 | N21: 0.7914 | O21: 1|18 | P21: 1454 | Q21: 18000 | R21: 20490 | S21: 26340 | T21: 5312 | U21: 0.5393 | V21: 1|18 | W21: 916.9 | X21: 18000 | Y21: 45200 | Z21: 31080 | AA21: 1746 | AB21: 0.3281 | AC21: 1|18 | AD21: 665.5 | AE21: 3564 | AF21: 126500 | AG21: 29520 | AH21: 2067 | AI21: 0.02744 | AJ21: 1|18 | AK21: 605.6 | AL21: 3619 | AM21: 140700 | AN21: 24740 | AO21: 1137 | AP21: 0.02534 | AQ21: 1|18 | AR21: 567.2 | AS21: 3647 | AT21: 145900 | AU21: 23220 | AV21: 767 | AW21: 0.02468 | AX21: 1|18 | AY21: 543.5 | AZ21: 3687 | BA21: 136800 | BB21: 28980 | BC21: 435.5 | BD21: 0.02637 | BE21: 1|18 | BF21: 544.6 | BG21: 3742 | BH21: 137900 | BI21: 22120 | BJ21: 296.4 | BK21: 0.02679 | BL21: 1|18 | BM21: 549.9 | BN21: 3885 | BO21: 79840 | BP21: 23930 | BQ21: 132.7 | BR21: 0.04661 | BT21: 100 | BU21: 20.72
A22: 1|19 | B22: 3827 | C22: 17820 | D22: 675.9 | E22: 5935 | F22: 9508 | G22: 2.983 | H22: 1|19 | I22: 1844 | J22: 17820 | K22: 9588 | L22: 19720 | M22: 6981 | N22: 0.8126 | O22: 1|19 | P22: 1502 | Q22: 18000 | R22: 21430 | S22: 26710 | T22: 5451 | U22: 0.5255 | V22: 1|19 | W22: 947.3 | X22: 18000 | Y22: 45070 | Z22: 30560 | AA22: 1733 | AB22: 0.3305 | AC22: 1|19 | AD22: 690.9 | AE22: 3564 | AF22: 126500 | AG22: 29330 | AH22: 2067 | AI22: 0.02745 | AJ22: 1|19 | AK22: 631.2 | AL22: 3619 | AM22: 140700 | AN22: 24560 | AO22: 1137 | AP22: 0.02533 | AQ22: 1|19 | AR22: 591.4 | AS22: 3647 | AT22: 144800 | AU22: 21970 | AV22: 760.1 | AW22: 0.0249 | AX22: 1|19 | AY22: 566.8 | AZ22: 3687 | BA22: 134800 | BB22: 30010 | BC22: 430.2 | BD22: 0.02669 | BE22: 1|19 | BF22: 566.9 | BG22: 3742 | BH22: 138300 | BI22: 22400 | BJ22: 297.2 | BK22: 0.02672 | BL22: 1|19 | BM22: 572.3 | BN22: 3885 | BO22: 54610 | BP22: 21260 | BQ22: 93.27 | BR22: 0.06629 | BT22: 100 | BU22: 20.73
A23: 1|20 | B23: 3976 | C23: 17820 | D23: 689.4 | E23: 5978 | F23: 9578 | G23: 2.961 | H23: 1|20 | I23: 1902 | J23: 17820 | K23: 9909 | L23: 20030 | M23: 7112 | N23: 0.7975 | O23: 1|20 | P23: 1550 | Q23: 18000 | R23: 21770 | S23: 26920 | T23: 5511 | U23: 0.5198 | V23: 1|20 | W23: 977.7 | X23: 18000 | Y23: 45550 | Z23: 30310 | AA23: 1742 | AB23: 0.329 | AC23: 1|20 | AD23: 717.5 | AE23: 3564 | AF23: 126800 | AG23: 29360 | AH23: 2071 | AI23: 0.02739 | AJ23: 1|20 | AK23: 656.7 | AL23: 3619 | AM23: 140900 | AN23: 24600 | AO23: 1138 | AP23: 0.02531 | AQ23: 1|20 | AR23: 616.2 | AS23: 3647 | AT23: 145900 | AU23: 22720 | AV23: 766.4 | AW23: 0.0247 | AX23: 1|20 | AY23: 590.3 | AZ23: 3687 | BA23: 137300 | BB23: 31550 | BC23: 438.7 | BD23: 0.02617 | BE23: 1|20 | BF23: 589.8 | BG23: 3742 | BH23: 138700 | BI23: 24060 | BJ23: 298.8 | BK23: 0.02657 | BL23: 1|20 | BM23: 595.6 | BN23: 3885 | BO23: 79150 | BP23: 22250 | BQ23: 130.8 | BR23: 0.04725 | BT23: 100 | BU23: 20.73
A24: 1|21 | B24: 4120 | C24: 17820 | D24: 712.4 | E24: 6078 | F24: 9739 | G24: 2.912 | H24: 1|21 | I24: 1959 | J24: 17820 | K24: 10290 | L24: 20350 | M24: 7259 | N24: 0.7814 | O24: 1|21 | P24: 1597 | Q24: 18000 | R24: 22400 | S24: 27170 | T24: 5605 | U24: 0.5111 | V24: 1|21 | W24: 1008 | X24: 18000 | Y24: 45490 | Z24: 29950 | AA24: 1734 | AB24: 0.3305 | AC24: 1|21 | AD24: 745.5 | AE24: 3564 | AF24: 126800 | AG24: 29370 | AH24: 2071 | AI24: 0.02739 | AJ24: 1|21 | AK24: 682.2 | AL24: 3619 | AM24: 140700 | AN24: 24440 | AO24: 1136 | AP24: 0.02535 | AQ24: 1|21 | AR24: 641 | AS24: 3647 | AT24: 145200 | AU24: 21930 | AV24: 762.3 | AW24: 0.02483 | AX24: 1|21 | AY24: 613.8 | AZ24: 3687 | BA24: 135200 | BB24: 30030 | BC24: 431.4 | BD24: 0.02662 | BE24: 1|21 | BF24: 612.2 | BG24: 3742 | BH24: 138400 | BI24: 22310 | BJ24: 297.6 | BK24: 0.02669 | BL24: 1|21 | BM24: 617.8 | BN24: 3885 | BO24: 53780 | BP24: 21700 | BQ24: 92.3 | BR24: 0.06698 | BT24: 100 | BU24: 20.73
A25: 1|22 | B25: 4264 | C25: 17820 | D25: 729.2 | E25: 6114 | F25: 9799 | G25: 2.894 | H25: 1|22 | I25: 2017 | J25: 17820 | K25: 10540 | L25: 20560 | M25: 7354 | N25: 0.7713 | O25: 1|22 | P25: 1645 | Q25: 18000 | R25: 22880 | S25: 27330 | T25: 5673 | U25: 0.505 | V25: 1|22 | W25: 1039 | X25: 18000 | Y25: 45780 | Z25: 29970 | AA25: 1742 | AB25: 0.3289 | AC25: 1|22 | AD25: 771 | AE25: 3564 | AF25: 126900 | AG25: 29360 | AH25: 2074 | AI25: 0.02735 | AJ25: 1|22 | AK25: 707.6 | AL25: 3619 | AM25: 140500 | AN25: 24520 | AO25: 1135 | AP25: 0.02537 | AQ25: 1|22 | AR25: 664.5 | AS25: 3647 | AT25: 145500 | AU25: 21530 | AV25: 763.4 | AW25: 0.0248 | AX25: 1|22 | AY25: 636.9 | AZ25: 3687 | BA25: 136800 | BB25: 30700 | BC25: 436.5 | BD25: 0.02631 | BE25: 1|22 | BF25: 634.9 | BG25: 3742 | BH25: 137100 | BI25: 21400 | BJ25: 294.4 | BK25: 0.02698 | BL25: 1|22 | BM25: 640.2 | BN25: 3885 | BO25: 54640 | BP25: 22090 | BQ25: 93.8 | BR25: 0.06591 | BT25: 100 | BU25: 20.73
A26: 1|23 | B26: 4408 | C26: 17820 | D26: 730.9 | E26: 6164 | F26: 9880 | G26: 2.871 | H26: 1|23 | I26: 2074 | J26: 17820 | K26: 10820 | L26: 20760 | M26: 7453 | N26: 0.7611 | O26: 1|23 | P26: 1694 | Q26: 18000 | R26: 23190 | S26: 27450 | T26: 5719 | U26: 0.5008 | V26: 1|23 | W26: 1069 | X26: 18000 | Y26: 45790 | Z26: 29670 | AA26: 1737 | AB26: 0.3299 | AC26: 1|23 | AD26: 795.4 | AE26: 3564 | AF26: 127200 | AG26: 29220 | AH26: 2077 | AI26: 0.02731 | AJ26: 1|23 | AK26: 733 | AL26: 3619 | AM26: 140700 | AN26: 24510 | AO26: 1137 | AP26: 0.02533 | AQ26: 1|23 | AR26: 688.9 | AS26: 3647 | AT26: 146200 | AU26: 24350 | AV26: 769.4 | AW26: 0.0246 | AX26: 1|23 | AY26: 660 | AZ26: 3687 | BA26: 135700 | BB26: 28690 | BC26: 432 | BD26: 0.02658 | BE26: 1|23 | BF26: 658.3 | BG26: 3742 | BH26: 137900 | BI26: 23280 | BJ26: 296.7 | BK26: 0.02677 | BL26: 1|23 | BM26: 662.4 | BN26: 3885 | BO26: 80160 | BP26: 22550 | BQ26: 132.5 | BR26: 0.04665 | BT26: 100 | BU26: 20.72
A27: 1|24 | B27: 4557 | C27: 17820 | D27: 750.6 | E27: 6217 | F27: 9967 | G27: 2.846 | H27: 1|24 | I27: 2133 | J27: 17820 | K27: 11050 | L27: 20940 | M27: 7536 | N27: 0.7527 | O27: 1|24 | P27: 1741 | Q27: 18000 | R27: 23460 | S27: 27580 | T27: 5763 | U27: 0.497 | V27: 1|24 | W27: 1098 | X27: 18000 | Y27: 45840 | Z27: 29470 | AA27: 1735 | AB27: 0.3302 | AC27: 1|24 | AD27: 820.3 | AE27: 3564 | AF27: 127000 | AG27: 29160 | AH27: 2075 | AI27: 0.02734 | AJ27: 1|24 | AK27: 758.8 | AL27: 3619 | AM27: 140600 | AN27: 24410 | AO27: 1136 | AP27: 0.02536 | AQ27: 1|24 | AR27: 712.9 | AS27: 3647 | AT27: 144200 | AU27: 22130 | AV27: 757.5 | AW27: 0.02499 | AX27: 1|24 | AY27: 683.2 | AZ27: 3687 | BA27: 136700 | BB27: 31760 | BC27: 437 | BD27: 0.02627 | BE27: 1|24 | BF27: 681.2 | BG27: 3742 | BH27: 137300 | BI27: 20610 | BJ27: 294.7 | BK27: 0.02695 | BL27: 1|24 | BM27: 685.1 | BN27: 3885 | BO27: 53490 | BP27: 23130 | BQ27: 92.76 | BR27: 0.06665 | BT27: 100 | BU27: 20.73
A28: 1|25 | B28: 4706 | C28: 17820 | D28: 785.2 | E28: 6283 | F28: 10080 | G28: 2.814 | H28: 1|25 | I28: 2190 | J28: 17820 | K28: 11300 | L28: 21120 | M28: 7624 | N28: 0.744 | O28: 1|25 | P28: 1789 | Q28: 18000 | R28: 23690 | S28: 27630 | T28: 5792 | U28: 0.4946 | V28: 1|25 | W28: 1128 | X28: 18000 | Y28: 46210 | Z28: 29450 | AA28: 1744 | AB28: 0.3284 | AC28: 1|25 | AD28: 846.3 | AE28: 3564 | AF28: 126800 | AG28: 29180 | AH28: 2071 | AI28: 0.02739 | AJ28: 1|25 | AK28: 783.8 | AL28: 3619 | AM28: 140900 | AN28: 24470 | AO28: 1138 | AP28: 0.02531 | AQ28: 1|25 | AR28: 736.7 | AS28: 3647 | AT28: 145100 | AU28: 22950 | AV28: 762.8 | AW28: 0.02482 | AX28: 1|25 | AY28: 705.6 | AZ28: 3687 | BA28: 137100 | BB28: 28910 | BC28: 436.5 | BD28: 0.02631 | BE28: 1|25 | BF28: 704.6 | BG28: 3742 | BH28: 137700 | BI28: 20690 | BJ28: 295.5 | BK28: 0.02687 | BL28: 1|25 | BM28: 708 | BN28: 3885 | BO28: 81180 | BP28: 24320 | BQ28: 134.9 | BR28: 0.04584 | BT28: 100 | BU28: 20.73
... A30: 1|27 | B30: 4993 | C30: 17820 | D30: 807.5 | E30: 6424 | F30: 10300 | G30: 2.752 | H30: 1|27 | I30: 2304 | J30: 17820 | K30: 11780 | L30: 21500 | M30: 7803 | N30: 0.727 | O30: 1|27 | P30: 1885 | Q30: 18000 | R30: 23970 | S30: 27750 | T30: 5836 | U30: 0.4908 | V30: 1|27 | W30: 1188 | X30: 18000 | Y30: 46070 | Z30: 29130 | AA30: 1735 | AB30: 0.3302 | AC30: 1|27 | AD30: 897 | AE30: 3564 | AF30: 127100 | AG30: 29090 | AH30: 2076 | AI30: 0.02733 | AJ30: 1|27 | AK30: 834.7 | AL30: 3619 | AM30: 140800 | AN30: 24530 | AO30: 1138 | AP30: 0.02531 | AQ30: 1|27 | AR30: 784.9 | AS30: 3647 | AT30: 144700 | AU30: 21630 | AV30: 759.7 | AW30: 0.02492 | AX30: 1|27 | AY30: 751.5 | AZ30: 3687 | BA30: 133900 | BB30: 28780 | BC30: 426.4 | BD30: 0.02693 | BE30: 1|27 | BF30: 750 | BG30: 3742 | BH30: 137400 | BI30: 20260 | BJ30: 294.6 | BK30: 0.02695 | BL30: 1|27 | BM30: 753.1 | BN30: 3885 | BO30: 79820 | BP30: 21940 | BQ30: 131.8 | BR30: 0.04693 | BT30: 100 | BU30: 20.73
A31: 1|28 | B31: 5138 | C31: 17820 | D31: 822.1 | E31: 6495 | F31: 10420 | G31: 2.722 | H31: 1|28 | I31: 2362 | J31: 17820 | K31: 11950 | L31: 21630 | M31: 7864 | N31: 0.7213 | O31: 1|28 | P31: 1933 | Q31: 18000 | R31: 24340 | S31: 27870 | T31: 5889 | U31: 0.4864 | V31: 1|28 | W31: 1218 | X31: 18000 | Y31: 46140 | Z31: 29060 | AA31: 1736 | AB31: 0.3301 | AC31: 1|28 | AD31: 922.1 | AE31: 3564 | AF31: 127300 | AG31: 29030 | AH31: 2078 | AI31: 0.0273 | AJ31: 1|28 | AK31: 860.3 | AL31: 3619 | AM31: 140700 | AN31: 24360 | AO31: 1137 | AP31: 0.02534 | AQ31: 1|28 | AR31: 808.8 | AS31: 3647 | AT31: 146500 | AU31: 24410 | AV31: 770.8 | AW31: 0.02456 | AX31: 1|28 | AY31: 774.4 | AZ31: 3687 | BB31: 29970 | BC31: 93.36 | BD31: 0.02675 | BE31: 1|28 | BF31: 773.3 | BG31: 3742 | BH31: 138600 | BI31: 24610 | BJ31: 298.7 | BK31: 0.02659 | BL31: 1|28 | BM31: 775.8 | BN31: 3885 | BO31: 80410 | BP31: 21540 | BQ31: 132.5 | BR31: 0.04667 | BT31: 100 | BU31: 20.72
A32: 1|29 | B32: 5282 | C32: 17820 | D32: 813.9 | E32: 6530 | F32: 10470 | G32: 2.708 | H32: 1|29 | I32: 2419 | J32: 17820 | K32: 12060 | L32: 21700 | M32: 7902 | N32: 0.7178 | O32: 1|29 | P32: 1980 | Q32: 18000 | R32: 24480 | S32: 27910 | T32: 5909 | U32: 0.4848 | V32: 1|29 | W32: 1248 | X32: 18000 | Y32: 46870 | Z32: 29160 | AA32: 1757 | AB32: 0.3261 | AC32: 1|29 | AD32: 949.7 | AE32: 3564 | AF32: 127300 | AG32: 29150 | AH32: 2078 | AI32: 0.02729 | AJ32: 1|29 | AK32: 885.9 | AL32: 3619 | AM32: 140700 | AN32: 24330 | AO32: 1136 | AP32: 0.02535 | AQ32: 1|29 | AR32: 833.5 | AS32: 3647 | AT32: 145500 | AU32: 21090 | AV32: 763.2 | AW32: 0.0248 | AX32: 1|29 | AY32: 797.8 | AZ32: 3687 | BA32: 136200 | BB32: 30140 | BC32: 434.4 | BD32: 0.02643 | BE32: 1|29 | BF32: 795.5 | BG32: 3742 | BH32: 138200 | BI32: 21640 | BJ32: 296.8 | BK32: 0.02676 | BL32: 1|29 | BM32: 798.3 | BN32: 3885 | BO32: 79730 | BP32: 22670 | BQ32: 131.9 | BR32: 0.04687 | BT32: 100 | BU32: 20.72
A33: 1|30 | B33: 5431 | C33: 17820 | D33: 864.3 | E33: 6635 | F33: 10650 | G33: 2.663 | H33: 1|30 | I33: 2476 | J33: 17820 | K33: 12330 | L33: 21880 | M33: 7995 | N33: 0.7095 | O33: 1|30 | P33: 2028 | Q33: 18000 | R33: 24910 | S33: 28080 | T33: 5975 | U33: 0.4794 | V33: 1|30 | W33: 1279 | X33: 18000 | Y33: 46990 | Z33: 29230 | AA33: 1761 | AB33: 0.3253 | AC33: 1|30 | AD33: 976.7 | AE33: 3564 | AF33: 127300 | AG33: 29060 | AH33: 2079 | AI33: 0.02729 | AJ33: 1|30 | AK33: 911.6 | AL33: 3619 | AM33: 140800 | AN33: 24350 | AO33: 1137 | AP33: 0.02533 | AQ33: 1|30 | AR33: 857.5 | AS33: 3647 | AT33: 145100 | AU33: 22430 | AV33: 762.4 | AW33: 0.02483 | AX33: 1|30 | AY33: 820.5 | AZ33: 3687 | BA33: 134600 | BB33: 29860 | BC33: 429.5 | BD33: 0.02673 | BE33: 1|30 | BF33: 818.3 | BG33: 3742 | BH33: 138100 | BI33: 23530 | BJ33: 297.2 | BK33: 0.02672 | BL33: 1|30 | BM33: 821.4 | BN33: 3885 | BO33: 81440 | BP33: 22680 | BQ33: 134.5 | BR33: 0.04595 | BT33: 100 | BU33: 20.73
B36: 20°С SCTNA_60_PyrO_40_Katal68_3_U=500v_30_points | BM36: 500v
B37: Частота 0,1 Гц | I37: Частота 0,5 Гц | P37: Частота 1 Гц | W37: Частота 5 Гц | AD37: Частота 10 Гц | AK37: Частота 20 Гц | AR37: Частота 30 Гц | AY37: Частота 50 Гц | BF37: Частота 75 Гц | BM37: Частота 100 Гц
B38: t_seg in s | C38: Tau in Pa | D38: G' in Pa | E38: G" in Pa | F38: |eta*| in Pas | G38: gamma | I38: t_seg in s | J38: Tau in Pa | K38: G' in Pa | L38: G" in Pa | M38: |eta*| in Pas | N38: gamma | P38: t_seg in s | Q38: Tau in Pa | R38: G' in Pa | S38: G" in Pa | T38: |eta*| in Pas | U38: gamma | W38: t_seg in s | X38: Tau in Pa | Y38: G' in Pa | Z38: G" in Pa | AA38: |eta*| in Pas | AB38: gamma | AD38: t_seg in s | AE38: Tau in Pa | AF38: G' in Pa | AG38: G" in Pa | AH38: |eta*| in Pas | AI38: gamma | AK38: t_seg in s | AL38: Tau in Pa | AM38: G' in Pa | AN38: G" in Pa | AO38: |eta*| in Pas | AP38: gamma | AR38: t_seg in s | AS38: Tau in Pa | AT38: G' in Pa | AU38: G" in Pa | AV38: |eta*| in Pas | AW38: gamma | AY38: t_seg in s | AZ38: Tau in Pa | BA38: G' in Pa | BB38: G" in Pa | BC38: |eta*| in Pas | BD38: gamma | BF38: t_seg in s | BG38: Tau in Pa | BH38: G' in Pa | BI38: G" in Pa | BJ38: |eta*| in Pas | BK38: gamma | BM38: t_seg in s | BN38: Tau in Pa | BO38: G' in Pa | BP38: G" in Pa | BQ38: |eta*| in Pas | BR38: gamma
A39: 1|1 | B39: 225.2 | C39: 121.9 | D39: 118400 | E39: 8430 | F39: 189000 | G39: 0.001026 | H39: 1|1 | I39: 91.07 | J39: 116.3 | K39: 116800 | L39: 5757 | M39: 37240 | N39: 0.0009939 | O39: 1|1 | P39: 75.1 | Q39: 83.91 | R39: 83150 | S39: 4075 | T39: 13250 | U39: 0.001008 | V39: 1|1 | W39: 47.24 | X39: 86.71 | Y39: 86670 | Z39: 3917 | AA39: 2762 | AB39: 0.0009994 | AC39: 1|1 | AD39: 38.97 | AE39: 86 | AF39: 91680 | AG39: 877.4 | AH39: 1459 | AI39: 0.000938 | AJ39: 1|1 | AK39: 33.95 | AL39: 101.1 | AM39: 102900 | AN39: 4911 | AO39: 819.9 | AP39: 0.000981 | AQ39: 1|1 | AR39: 32.62 | AS39: 101.7 | AT39: 106300 | AU39: 5478 | AV39: 552.6 | AW39: 0.0009551 | AX39: 1|1 | AY39: 31.68 | AZ39: 94.61 | BA39: 99750 | BB39: 7897 | BC39: 311.7 | BD39: 0.0009455 | BE39: 1|1 | BF39: 30.31 | BG39: 100.2 | BH39: 98510 | BI39: 12660 | BJ39: 210.8 | BK39: 0.001009 | BL39: 1|1 | BM39: 30.56 | BN39: 68.34 | BO39: 67940 | BP39: 11500 | BQ39: 109.7 | BR39: 0.0009918
A40: 1|2 | B40: 467.8 | C40: 151.6 | D40: 119300 | E40: 8262 | F40: 190300 | G40: 0.001268 | H40: 1|2 | I40: 194 | J40: 148.4 | K40: 116700 | L40: 5895 | M40: 37210 | N40: 0.00127 | O40: 1|2 | P40: 159.9 | Q40: 98.19 | R40: 77070 | S40: 3379 | T40: 12280 | U40: 0.001273 | V40: 1|2 | W40: 103.8 | X40: 114.7 | Y40: 90070 | Z40: 4674 | AA40: 2871 | AB40: 0.001272 | AC40: 1|2 | AD40: 85.07 | AE40: 113.5 | AF40: 89930 | AG40: 5579 | AH40: 1434 | AI40: 0.00126 | AJ40: 1|2 | AK40: 77.24 | AL40: 140.5 | AM40: 103800 | AN40: 5401 | AO40: 827.3 | AP40: 0.001351 | AQ40: 1|2 | AR40: 73.02 | AS40: 129 | AT40: 103100 | AU40: 4739 | AV40: 535.6 | AW40: 0.00125 | AX40: 1|2 | AY40: 70.87 | AZ40: 129.1 | BA40: 101900 | BB40: 6972 | BC40: 318 | BD40: 0.001264 | BE40: 1|2 | BF40: 69.59 | BG40: 123.2 | BH40: 99660 | BI40: 10280 | BJ40: 212.6 | BK40: 0.001229 | BL40: 1|2 | BM40: 70.14 | BN40: 88.49 | BO40: 68380 | BP40: 11960 | BQ40: 110.5 | BR40: 0.001275
A41: 1|3 | B41: 711.2 | C41: 191.4 | D41: 117900 | E41: 6455 | F41: 187900 | G41: 0.001622 | H41: 1|3 | I41: 295.8 | J41: 186.3 | K41: 115800 | L41: 5931 | M41: 36910 | N41: 0.001607 | O41: 1|3 | P41: 244.8 | Q41: 122.1 | R41: 75420 | S41: 3439 | T41: 12020 | U41: 0.001617 | V41: 1|3 | W41: 157.5 | X41: 146.6 | Y41: 90760 | Z41: 4840 | AA41: 2893 | AB41: 0.001613 | AC41: 1|3 | AD41: 132.3 | AE41: 147.1 | AF41: 91970 | AG41: 5290 | AH41: 1466 | AI41: 0.001597 | AJ41: 1|3 | AK41: 119 | AL41: 168.5 | AM41: 101900 | AN41: 9076 | AO41: 814.1 | AP41: 0.001647 | AQ41: 1|3 | AR41: 114.3 | AS41: 166.6 | AT41: 104400 | AU41: 4920 | AV41: 542.6 | AW41: 0.001594 | AX41: 1|3 | AY41: 110.1 | AZ41: 166.8 | BA41: 101500 | BB41: 9626 | BC41: 317.6 | BD41: 0.001636 | BE41: 1|3 | BF41: 108.7 | BG41: 154.4 | BH41: 96630 | BI41: 11450 | BJ41: 206.5 | BK41: 0.001586 | BL41: 1|3 | BM41: 108.1 | BN41: 111.1 | BO41: 67730 | BP41: 11780 | BQ41: 109.4 | BR41: 0.001616
A42: 1|4 | B42: 954 | C42: 241.9 | D42: 117700 | E42: 8688 | F42: 187800 | G42: 0.00205 | H42: 1|4 | I42: 398.5 | J42: 233.4 | K42: 114100 | L42: 6295 | M42: 36370 | N42: 0.002043 | O42: 1|4 | P42: 329.6 | Q42: 151.5 | R42: 74180 | S42: 3398 | T42: 11820 | U42: 0.002041 | V42: 1|4 | W42: 213 | X42: 188.2 | Y42: 92130 | Z42: 5358 | AA42: 2937 | AB42: 0.002039 | AC42: 1|4 | AD42: 178.4 | AE42: 182.6 | AF42: 90610 | AG42: 1735 | AH42: 1442 | AI42: 0.002015 | AJ42: 1|4 | AK42: 160.4 | AL42: 213.5 | AM42: 104500 | AN42: 7430 | AO42: 833.5 | AP42: 0.002038 | AQ42: 1|4 | AR42: 155 | AS42: 215.6 | AT42: 104500 | AU42: 8101 | AV42: 544.1 | AW42: 0.002057 | AX42: 1|4 | AY42: 148.8 | AZ42: 207.6 | BA42: 99890 | BB42: 9715 | BC42: 312.6 | BD42: 0.002069 | BE42: 1|4 | BF42: 148.1 | BG42: 197 | BH42: 95150 | BI42: 10820 | BJ42: 203.2 | BK42: 0.002057 | BL42: 1|4 | BM42: 146.2 | BN42: 139.2 | BO42: 67260 | BP42: 12220 | BQ42: 108.8 | BR42: 0.002036
A43: 1|5 | B43: 1197 | C43: 304.4 | D43: 117000 | E43: 8935 | F43: 186800 | G43: 0.002594 | H43: 1|5 | I43: 500.5 | J43: 291.8 | K43: 112100 | L43: 6618 | M43: 35740 | N43: 0.002599 | O43: 1|5 | P43: 414.4 | Q43: 191.4 | R43: 73560 | S43: 3779 | T43: 11720 | U43: 0.002598 | V43: 1|5 | W43: 268.5 | X43: 238.2 | Y43: 91420 | Z43: 5655 | AA43: 2916 | AB43: 0.002601 | AC43: 1|5 | AD43: 226.6 | AE43: 239.8 | AF43: 92750 | AG43: 4867 | AH43: 1478 | AI43: 0.002581 | AJ43: 1|5 | AK43: 202.3 | AL43: 270.6 | AM43: 103900 | AN43: 6753 | AO43: 828.9 | AP43: 0.002598 | AQ43: 1|5 | AR43: 195.9 | AS43: 268.8 | AT43: 104000 | AU43: 7348 | AV43: 541.4 | AW43: 0.002577 | AX43: 1|5 | AY43: 188.6 | AZ43: 259.7 | BA43: 100700 | BB43: 9222 | BC43: 314.9 | BD43: 0.002568 | BE43: 1|5 | BF43: 187.2 | BG43: 240.5 | BH43: 92500 | BI43: 10470 | BJ43: 197.5 | BK43: 0.002583 | BL43: 1|5 | BM43: 184.4 | BN43: 174.9 | BO43: 79560 | BP43: 10190 | BQ43: 127.7 | BR43: 0.00218
A44: 1|6 | B44: 1440 | C44: 380.7 | D44: 115300 | E44: 9489 | F44: 184100 | G44: 0.003292 | H44: 1|6 | I44: 603.3 | J44: 364.1 | K44: 110400 | L44: 7133 | M44: 35200 | N44: 0.003292 | O44: 1|6 | P44: 499.2 | Q44: 240.7 | R44: 73040 | S44: 3988 | T44: 11640 | U44: 0.003291 | V44: 1|6 | W44: 324.4 | X44: 297.1 | Y44: 90330 | Z44: 6144 | AA44: 2882 | AB44: 0.003281 | AC44: 1|6 | AD44: 274.9 | AE44: 299.8 | AF44: 89990 | AG44: 5265 | AH44: 1435 | AI44: 0.003326 | AJ44: 1|6 | AK44: 245.2 | AL44: 345.7 | AM44: 104700 | AN44: 7598 | AO44: 835.3 | AP44: 0.003293 | AQ44: 1|6 | AR44: 237.1 | AS44: 341 | AT44: 103000 | AU44: 8588 | AV44: 536.5 | AW44: 0.003299 | AX44: 1|6 | AY44: 227.2 | AZ44: 332.3 | BA44: 99290 | BB44: 9088 | BC44: 310.6 | BD44: 0.003333 | BE44: 1|6 | BF44: 226.5 | BG44: 297.4 | BH44: 91320 | BI44: 11270 | BJ44: 195.3 | BK44: 0.003232 | BL44: 1|6 | BM44: 222.5 | BN44: 217.6 | BO44: 78800 | BP44: 11680 | BQ44: 126.8 | BR44: 0.002732
A45: 1|7 | B45: 1683 | C45: 475.8 | D45: 113600 | E45: 10090 | F45: 181500 | G45: 0.004171 | H45: 1|7 | I45: 705.9 | J45: 454.8 | K45: 108600 | L45: 7762 | M45: 34650 | N45: 0.004178 | O45: 1|7 | P45: 584.1 | Q45: 304.7 | R45: 72860 | S45: 4386 | T45: 11620 | U45: 0.004174 | V45: 1|7 | W45: 379.2 | X45: 373.1 | Y45: 88850 | Z45: 6656 | AA45: 2836 | AB45: 0.004187 | AC45: 1|7 | AD45: 322.6 | AE45: 382.5 | AF45: 90160 | AG45: 5241 | AH45: 1437 | AI45: 0.004235 | AJ45: 1|7 | AK45: 288.7 | AL45: 441 | AM45: 103700 | AN45: 8265 | AO45: 828.2 | AP45: 0.004238 | AQ45: 1|7 | AR45: 278.5 | AS45: 430.7 | AT45: 102700 | AU45: 9484 | AV45: 535.2 | AW45: 0.004177 | AX45: 1|7 | AY45: 266.1 | AZ45: 413.2 | BA45: 98960 | BB45: 9344 | BC45: 309.6 | BD45: 0.004157 | BE45: 1|7 | BF45: 265.1 | BG45: 371.4 | BH45: 88000 | BI45: 12920 | BJ45: 188.7 | BK45: 0.004176 | BL45: 1|7 | BM45: 260.7 | BN45: 269.8 | BO45: 63100 | BP45: 12550 | BQ45: 102.4 | BR45: 0.004193
A46: 1|8 | B46: 1925 | C46: 585.9 | D46: 110000 | E46: 11070 | F46: 176000 | G46: 0.005298 | H46: 1|8 | I46: 807.8 | J46: 568.5 | K46: 106900 | L46: 8664 | M46: 34150 | N46: 0.005298 | O46: 1|8 | P46: 671 | Q46: 386 | R46: 72680 | S46: 4919 | T46: 11590 | U46: 0.005298 | V46: 1|8 | W46: 435.3 | X46: 461 | Y46: 86530 | Z46: 7003 | AA46: 2763 | AB46: 0.00531 | AC46: 1|8 | AD46: 369.8 | AE46: 473.7 | AF46: 88400 | AG46: 5346 | AH46: 1410 | AI46: 0.005349 | AJ46: 1|8 | AK46: 331.3 | AL46: 544.1 | AM46: 100700 | AN46: 8713 | AO46: 804.6 | AP46: 0.005381 | AQ46: 1|8 | AR46: 320.5 | AS46: 536.2 | AT46: 100700 | AU46: 9143 | AV46: 524.7 | AW46: 0.005305 | AX46: 1|8 | AY46: 305.2 | AZ46: 511 | BA46: 95380 | BB46: 10570 | BC46: 298.9 | BD46: 0.005325 | BE46: 1|8 | BF46: 303.8 | BG46: 458.3 | BH46: 85880 | BI46: 12230 | BJ46: 184.1 | BK46: 0.005283 | BL46: 1|8 | BM46: 298.9 | BN46: 333.9 | BO46: 61630 | BP46: 12540 | BQ46: 100.1 | BR46: 0.005308
A47: 1|9 | B47: 2168 | C47: 717.6 | D47: 105900 | E47: 12060 | F47: 169700 | G47: 0.00673 | H47: 1|9 | I47: 910.8 | J47: 704.7 | K47: 104400 | L47: 9696 | M47: 33370 | N47: 0.006722 | O47: 1|9 | P47: 758 | Q47: 487.6 | R47: 72330 | S47: 5529 | T47: 11550 | U47: 0.006722 | V47: 1|9 | W47: 491.7 | X47: 564.2 | Y47: 83570 | Z47: 7290 | AA47: 2670 | AB47: 0.006725 | AC47: 1|9 | AD47: 417.7 | AE47: 597.8 | AF47: 88050 | AG47: 7402 | AH47: 1406 | AI47: 0.006765 | AJ47: 1|9 | AK47: 373.3 | AL47: 667.5 | AM47: 98300 | AN47: 9841 | AO47: 786.2 | AP47: 0.006757 | AQ47: 1|9 | AR47: 361.3 | AS47: 660.4 | AT47: 97090 | AU47: 9868 | AV47: 506.6 | AW47: 0.006767 | AX47: 1|9 | AY47: 345.9 | AZ47: 631.4 | BA47: 94410 | BB47: 12580 | BC47: 296.6 | BD47: 0.00663 | BE47: 1|9 | BF47: 343.1 | BG47: 565.4 | BH47: 82610 | BI47: 11720 | BJ47: 177.1 | BK47: 0.006777 | BL47: 1|9 | BM47: 337 | BN47: 471.1 | BO47: 76860 | BP47: 17560 | BQ47: 125.5 | BR47: 0.005975
A48: 1|10 | B48: 2416 | C48: 875.1 | D48: 101900 | E48: 13020 | F48: 163500 | G48: 0.008518 | H48: 1|10 | I48: 1013 | J48: 863.8 | K48: 100600 | L48: 10840 | M48: 32220 | N48: 0.008534 | O48: 1|10 | P48: 842.8 | Q48: 607.2 | R48: 70970 | S48: 6332 | T48: 11340 | U48: 0.008522 | V48: 1|10 | W48: 547.7 | X48: 696.2 | Y48: 81060 | Z48: 8006 | AA48: 2593 | AB48: 0.008548 | AC48: 1|10 | AD48: 465.8 | AE48: 745.4 | AF48: 87140 | AG48: 8457 | AH48: 1393 | AI48: 0.008515 | AJ48: 1|10 | AK48: 415.4 | AL48: 814.2 | AM48: 94210 | AN48: 10050 | AO48: 754 | AP48: 0.008593 | AQ48: 1|10 | AR48: 402.1 | AS48: 803.8 | AT48: 93780 | AU48: 10810 | AV48: 490 | AW48: 0.008515 | AX48: 1|10 | AY48: 384.8 | AZ48: 768.9 | BA48: 90450 | BB48: 11480 | BC48: 284 | BD48: 0.008434 | BE48: 1|10 | BF48: 381.6 | BG48: 681.5 | BH48: 79220 | BI48: 11960 | BJ48: 170 | BK48: 0.008506 | BL48: 1|10 | BM48: 375.3 | BN48: 500.2 | BO48: 57880 | BP48: 14120 | BQ48: 94.83 | BR48: 0.008395
A49: 1|11 | B49: 2659 | C49: 1064 | D49: 97130 | E49: 14650 | F49: 156300 | G49: 0.01083 | H49: 1|11 | I49: 1115 | J49: 1050 | K49: 96140 | L49: 12310 | M49: 30850 | N49: 0.01083 | O49: 1|11 | P49: 929.8 | Q49: 745.7 | R49: 68430 | S49: 7452 | T49: 10960 | U49: 0.01083 | V49: 1|11 | W49: 602.8 | X49: 847.1 | Y49: 77590 | Z49: 9532 | AA49: 2488 | AB49: 0.01084 | AC49: 1|11 | AD49: 513.4 | AE49: 923.7 | AF49: 84550 | AG49: 10000 | AH49: 1355 | AI49: 0.01085 | AJ49: 1|11 | AK49: 458.3 | AL49: 985.3 | AM49: 90450 | AN49: 11120 | AO49: 725.2 | AP49: 0.01081 | AQ49: 1|11 | AR49: 443 | AS49: 978.7 | AT49: 90100 | AU49: 11930 | AV49: 471.8 | AW49: 0.01077 | AX49: 1|11 | AY49: 424.2 | AZ49: 953 | BA49: 87160 | BB49: 12210 | BC49: 274.1 | BD49: 0.01083 | BE49: 1|11 | BF49: 419.8 | BG49: 824.3 | BH49: 74570 | BI49: 13790 | BJ49: 160.9 | BK49: 0.01087 | BL49: 1|11 | BM49: 413.4 | BN49: 734.9 | BO49: 74660 | BP49: 20200 | BQ49: 123.1 | BR49: 0.009502
A50: 1|12 | B50: 2902 | C50: 1264 | D50: 90250 | E50: 16890 | F50: 146100 | G50: 0.01377 | H50: 1|12 | I50: 1217 | J50: 1260 | K50: 90610 | L50: 13700 | M50: 29170 | N50: 0.01375 | O50: 1|12 | P50: 1017 | Q50: 907.7 | R50: 65530 | S50: 7920 | T50: 10510 | U50: 0.01375 | V50: 1|12 | W50: 658 | X50: 1018 | Y50: 73380 | Z50: 10610 | AA50: 2360 | AB50: 0.01374 | AC50: 1|12 | AD50: 561.7 | AE50: 1131 | AF50: 81630 | AG50: 11120 | AH50: 1311 | AI50: 0.01373 | AJ50: 1|12 | AK50: 500.9 | AL50: 1197 | AM50: 86640 | AN50: 11540 | AO50: 695.5 | AP50: 0.0137 | AQ50: 1|12 | AR50: 484.2 | AS50: 1200 | AT50: 86560 | AU50: 12360 | AV50: 453.9 | AW50: 0.01372 | AX50: 1|12 | AY50: 462.8 | AZ50: 1162 | BA50: 81940 | BB50: 12620 | BC50: 258.2 | BD50: 0.01402 | BE50: 1|12 | BF50: 460.7 | BG50: 918.4 | BH50: 66850 | BI50: 14720 | BJ50: 145.3 | BK50: 0.01342 | BL50: 1|12 | BM50: 452.7 | BN50: 770.4 | BO50: 73690 | BP50: 20460 | BQ50: 121.7 | BR50: 0.01007
... A67: 1|29 | B67: 6540 | C67: 17820 | D67: 297.7 | E67: 1854 | F67: 2988 | G67: 9.49 | H67: 1|29 | I67: 2946 | J67: 16900 | K67: 3490 | L67: 10730 | M67: 3591 | N67: 1.498 | O67: 1|29 | P67: 2446 | Q67: 17590 | R67: 12560 | S67: 18120 | T67: 3508 | U67: 0.7978 | V67: 1|29 | W67: 1524 | X67: 18000 | Y67: 32520 | Z67: 18710 | AA67: 1194 | AB67: 0.4797 | AC67: 1|29 | AD67: 1140 | AE67: 3564 | AF67: 60600 | AG67: 12080 | AH67: 983.5 | AI67: 0.05767 | AJ67: 1|29 | AK67: 1010 | AL67: 3619 | AM67: 63280 | AN67: 11410 | AO67: 511.7 | AP67: 0.05629 | AQ67: 1|29 | AR67: 999.6 | AS67: 3647 | AT67: 61270 | AU67: 11730 | AV67: 323.8 | AW67: 0.05845 | AX67: 1|29 | AY67: 948 | AZ67: 3687 | BA67: 57920 | BB67: 10400 | BC67: 183.3 | BD67: 0.06265 | BE67: 1|29 | BF67: 954.9 | BG67: 3742 | BH67: 43250 | BI67: 11620 | BJ67: 95.04 | BK67: 0.08356 | BL67: 1|29 | BM67: 942.9 | BN67: 3885 | BO67: 43280 | BP67: 10950 | BQ67: 71.06 | BR67: 0.08701
A68: 1|30 | B68: 6685 | C68: 17820 | D68: 454 | E68: 2040 | F68: 3326 | G68: 8.527 | H68: 1|30 | I68: 3003 | J68: 17820 | K68: 2561 | L68: 9575 | M68: 3155 | N68: 1.798 | O68: 1|30 | P68: 2493 | Q68: 18000 | R68: 12760 | S68: 18360 | T68: 3558 | U68: 0.805 | V68: 1|30 | W68: 1554 | X68: 18000 | Y68: 33160 | Z68: 18610 | AA68: 1210 | AB68: 0.4733 | AC68: 1|30 | AD68: 1165 | AE68: 3564 | AF68: 60490 | AG68: 12050 | AH68: 981.6 | AI68: 0.05779 | AJ68: 1|30 | AK68: 1033 | AL68: 3619 | AM68: 63360 | AN68: 11390 | AO68: 512.3 | AP68: 0.05622 | AQ68: 1|30 | AR68: 1024 | AS68: 3647 | AU68: 11680 | AV68: 60.63 | AW68: 0.05845 | AX68: 1|30 | AY68: 971.2 | AZ68: 3687 | BA68: 57440 | BB68: 10240 | BC68: 181.7 | BD68: 0.06319 | BE68: 1|30 | BF68: 977.6 | BG68: 3742 | BH68: 43020 | BI68: 11880 | BJ68: 94.71 | BK68: 0.08385 | BL68: 1|30 | BM68: 965.8 | BN68: 3885 | BO68: 42250 | BP68: 13170 | BQ68: 70.43 | BR68: 0.08779
B70: 20°С SCTNA_60_PyrO_40_Katal68_3_U=1000v_30_points | AY70: 1000v | BM70: 1000v
B71: Частота 0,1 Гц | I71: Частота 0,5 Гц | P71: Частота 1 Гц | W71: Частота 5 Гц | AD71: Частота 10 Гц | AK71: Частота 20 Гц | AR71: Частота 30 Гц | AY71: Частота 50 Гц | BF71: Частота 75 Гц | BM71: Частота 100 Гц
B72: t_seg in s | C72: Tau in Pa | D72: G' in Pa | E72: G" in Pa | F72: |eta*| in Pas | G72: gamma | I72: t_seg in s | J72: Tau in Pa | K72: G' in Pa | L72: G" in Pa | M72: |eta*| in Pas | N72: gamma | P72: t_seg in s | Q72: Tau in Pa | R72: G' in Pa | S72: G" in Pa | T72: |eta*| in Pas | U72: gamma | W72: t_seg in s | X72: Tau in Pa | Y72: G' in Pa | Z72: G" in Pa | AA72: |eta*| in Pas | AB72: gamma | AD72: t_seg in s | AE72: Tau in Pa | AF72: G' in Pa | AG72: G" in Pa | AH72: |eta*| in Pas | AI72: gamma | AK72: t_seg in s | AL72: Tau in Pa | AM72: G' in Pa | AN72: G" in Pa | AO72: |eta*| in Pas | AP72: gamma | AR72: t_seg in s | AS72: Tau in Pa | AT72: G' in Pa | AU72: G" in Pa | AV72: |eta*| in Pas | AW72: gamma | AY72: t_seg in s | AZ72: Tau in Pa | BA72: G' in Pa | BB72: G" in Pa | BC72: |eta*| in Pas | BD72: gamma | BF72: t_seg in s | BG72: Tau in Pa | BH72: G' in Pa | BI72: G" in Pa | BJ72: |eta*| in Pas | BK72: gamma | BM72: t_seg in s | BN72: Tau in Pa | BO72: G' in Pa | BP72: G" in Pa | BQ72: |eta*| in Pas | BR72: gamma
A73: 1|1 | B73: 226.7 | C73: 104.4 | D73: 105000 | E73: 9161 | F73: 167800 | G73: 0.0009908 | H73: 1|1 | I73: 91.59 | J73: 119.7 | K73: 119800 | L73: 6447 | M73: 38190 | N73: 0.0009976 | O73: 1|1 | P73: 75.55 | Q73: 129.6 | R73: 129800 | S73: 6580 | T73: 20680 | U73: 0.0009978 | V73: 1|1 | W73: 45.68 | X73: 119.4 | Y73: 119600 | Z73: 5707 | AA73: 3811 | AB73: 0.0009972 | AC73: 1|1 | AD73: 41.85 | AE73: 127.5 | AF73: 125800 | AG73: 5484 | AH73: 2004 | AI73: 0.001012 | AJ73: 1|1 | AK73: 36.69 | AL73: 128.7 | AM73: 128000 | AN73: 6371 | AO73: 1020 | AP73: 0.001004 | AQ73: 1|1 | AR73: 32.1 | AS73: 126.8 | AT73: 128500 | AU73: 7469 | AV73: 668.2 | AW73: 0.0009849 | AX73: 1|1 | AY73: 30.97 | AZ73: 125.8 | BA73: 125600 | BB73: 6639 | BC73: 391.7 | BD73: 0.0009999 | BE73: 1|1 | BF73: 30.93 | BG73: 118.4 | BH73: 116500 | BI73: 10930 | BJ73: 248.2 | BK73: 0.001013 | BL73: 1|1 | BM73: 30.09 | BN73: 83.52 | BO73: 98090 | BP73: 10230 | BQ73: 157 | BR73: 0.0008469
A74: 1|2 | B74: 469.3 | C74: 140.9 | D74: 111200 | E74: 9316 | F74: 177500 | G74: 0.001263 | H74: 1|2 | I74: 194.2 | J74: 155.4 | K74: 122600 | L74: 6700 | M74: 39090 | N74: 0.001265 | O74: 1|2 | P74: 160.4 | Q74: 169.3 | R74: 133600 | S74: 6743 | T74: 21290 | U74: 0.001266 | V74: 1|2 | W74: 100.8 | X74: 152.7 | Y74: 121100 | Z74: 5693 | AA74: 3860 | AB74: 0.001259 | AC74: 1|2 | AD74: 89.84 | AE74: 160.8 | AF74: 127200 | AG74: 6284 | AH74: 2027 | AI74: 0.001262 | AJ74: 1|2 | AK74: 78.14 | AL74: 162.7 | AM74: 129000 | AN74: 7732 | AO74: 1029 | AP74: 0.001259 | AQ74: 1|2 | AR74: 73.37 | AS74: 163.4 | AT74: 128400 | AU74: 8340 | AV74: 668.1 | AW74: 0.00127 | AX74: 1|2 | AY74: 69.7 | AZ74: 160.8 | BA74: 124600 | BB74: 7665 | BC74: 388.8 | BD74: 0.001288 | BE74: 1|2 | BF74: 70.56 | BG74: 148.8 | BH74: 117300 | BI74: 8141 | BJ74: 249.6 | BK74: 0.001266 | BL74: 1|2 | BM74: 68.36 | BN74: 99.29 | BO74: 100800 | BP74: 13360 | BQ74: 161.8 | BR74: 0.0009767
A75: 1|3 | B75: 712.2 | C75: 181 | D75: 112100 | E75: 9493 | F75: 179000 | G75: 0.001609 | H75: 1|3 | I75: 296.1 | J75: 198.6 | K75: 123300 | L75: 6980 | M75: 39310 | N75: 0.001608 | O75: 1|3 | P75: 245.2 | Q75: 214.4 | R75: 133100 | S75: 6789 | T75: 21210 | U75: 0.001608 | V75: 1|3 | W75: 157.4 | X75: 193.9 | Y75: 120300 | Z75: 5822 | AA75: 3833 | AB75: 0.001611 | AC75: 1|3 | AD75: 136.3 | AE75: 203.2 | AF75: 127500 | AG75: 6323 | AH75: 2032 | AI75: 0.001592 | AJ75: 1|3 | AK75: 120.9 | AL75: 207.9 | AM75: 128800 | AN75: 6255 | AO75: 1026 | AP75: 0.001613 | AQ75: 1|3 | AR75: 114.1 | AS75: 206.6 | AT75: 128400 | AU75: 7602 | AV75: 667.7 | AW75: 0.001606 | AX75: 1|3 | AY75: 109.4 | AZ75: 200.7 | BA75: 126400 | BB75: 10890 | BC75: 395.1 | BD75: 0.001582 | BE75: 1|3 | BF75: 109.3 | BG75: 192.9 | BH75: 117700 | BI75: 11240 | BJ75: 250.9 | BK75: 0.001631 | BL75: 1|3 | BM75: 106.4 | BN75: 70.77 | BO75: 102800 | BP75: 10360 | BQ75: 164.5 | BR75: 0.0006847
A76: 1|4 | B76: 955 | C76: 229.7 | D76: 111800 | E76: 9758 | F76: 178600 | G76: 0.002047 | H76: 1|4 | I76: 398.1 | J76: 249.2 | K76: 121700 | L76: 7417 | M76: 38800 | N76: 0.002044 | O76: 1|4 | P76: 332.2 | Q76: 271.3 | R76: 132700 | S76: 7065 | T76: 21140 | U76: 0.002042 | V76: 1|4 | W76: 214.1 | X76: 244.7 | Y76: 119700 | Z76: 6090 | AA76: 3816 | AB76: 0.002041 | AC76: 1|4 | AD76: 183.2 | AE76: 262.6 | AF76: 127800 | AG76: 6458 | AH76: 2036 | AI76: 0.002053 | AJ76: 1|4 | AK76: 163.3 | AL76: 264.6 | AM76: 129000 | AN76: 7865 | AO76: 1029 | AP76: 0.002047 | AQ76: 1|4 | AR76: 155 | AS76: 263.1 | AT76: 128200 | AU76: 7881 | AV76: 667 | AW76: 0.002048 | AX76: 1|4 | AY76: 148.6 | AZ76: 257.8 | BA76: 124600 | BB76: 7866 | BC76: 388.9 | BD76: 0.002064 | BE76: 1|4 | BF76: 149.2 | BG76: 239 | BH76: 116800 | BI76: 11430 | BJ76: 249.1 | BK76: 0.002036 | BL76: 1|4 | BM76: 144.6 | BN76: 155.5 | BO76: 93760 | BP76: 10470 | BQ76: 150.2 | BR76: 0.001648
A77: 1|5 | B77: 1198 | C77: 287.2 | D77: 110400 | E77: 9918 | F77: 176400 | G77: 0.00259 | H77: 1|5 | I77: 500.9 | J77: 310.2 | K77: 119600 | L77: 7673 | M77: 38150 | N77: 0.002588 | O77: 1|5 | P77: 417 | Q77: 337.6 | R77: 130100 | S77: 7468 | T77: 20750 | U77: 0.00259 | V77: 1|5 | W77: 269 | X77: 306.5 | Y77: 118300 | Z77: 6331 | AA77: 3771 | AB77: 0.002588 | AC77: 1|5 | AD77: 230.6 | AE77: 334.5 | AF77: 127700 | AG77: 7243 | AH77: 2035 | AI77: 0.002615 | AJ77: 1|5 | AK77: 204.6 | AL77: 335.8 | AM77: 128600 | AN77: 8592 | AO77: 1026 | AP77: 0.002605 | AQ77: 1|5 | AR77: 196.5 | AS77: 333.2 | AT77: 128500 | AU77: 8346 | AV77: 668.6 | AW77: 0.002587 | AX77: 1|5 | AY77: 187.9 | AZ77: 322.8 | BA77: 125400 | BB77: 7935 | BC77: 391.5 | BD77: 0.002568 | BE77: 1|5 | BF77: 188 | BG77: 303.4 | BH77: 116600 | BI77: 12090 | BJ77: 248.8 | BK77: 0.002588 | BL77: 1|5 | BM77: 182.9 | BN77: 240.3 | BO77: 88040 | BP77: 16610 | BQ77: 142.6 | BR77: 0.002683
A78: 1|6 | B78: 1441 | C78: 353.9 | D78: 107200 | E78: 10010 | F78: 171300 | G78: 0.003288 | H78: 1|6 | I78: 603.5 | J78: 385 | K78: 116800 | L78: 8155 | M78: 37280 | N78: 0.003288 | O78: 1|6 | P78: 501.8 | Q78: 421.7 | R78: 127900 | S78: 7982 | T78: 20400 | U78: 0.00329 | V78: 1|6 | W78: 324.9 | X78: 384.4 | Y78: 116500 | Z78: 6697 | AA78: 3713 | AB78: 0.003295 | AC78: 1|6 | AD78: 277.2 | AE78: 422.4 | AF78: 127900 | AG78: 7410 | AH78: 2039 | AI78: 0.003297 | AJ78: 1|6 | AK78: 246.1 | AL78: 425.3 | AM78: 128900 | AN78: 8652 | AO78: 1028 | AP78: 0.003291 | AQ78: 1|6 | AR78: 237.9 | AS78: 424.1 | AT78: 127700 | AU78: 9772 | AV78: 664.7 | AW78: 0.003313 | AX78: 1|6 | AY78: 227.1 | AZ78: 407.6 | BA78: 123800 | BB78: 10760 | BC78: 387.2 | BD78: 0.003279 | BE78: 1|6 | BF78: 227.2 | BG78: 380.6 | BH78: 115700 | BI78: 13460 | BJ78: 247.1 | BK78: 0.003268 | BL78: 1|6 | BM78: 220.9 | BN78: 293.5 | BO78: 60360 | BP78: 20530 | BQ78: 101.5 | BR78: 0.004603
A79: 1|7 | B79: 1684 | C79: 430 | D79: 102700 | E79: 10090 | F79: 164300 | G79: 0.004165 | H79: 1|7 | I79: 705.4 | J79: 473.8 | K79: 113100 | L79: 8880 | M79: 36120 | N79: 0.004175 | O79: 1|7 | P79: 586.7 | Q79: 521.1 | R79: 124500 | S79: 8470 | T79: 19870 | U79: 0.004174 | V79: 1|7 | W79: 380.9 | X79: 478.3 | Y79: 114300 | Z79: 6894 | AA79: 3645 | AB79: 0.004177 | AC79: 1|7 | AD79: 322.9 | AE79: 532.4 | AF79: 127500 | AG79: 8630 | AH79: 2034 | AI79: 0.004167 | AJ79: 1|7 | AK79: 288.1 | AL79: 536.2 | AM79: 128200 | AN79: 9895 | AO79: 1023 | AP79: 0.00417 | AQ79: 1|7 | AR79: 278.3 | AS79: 529.9 | AT79: 127000 | AU79: 10820 | AV79: 661.5 | AW79: 0.004158 | AX79: 1|7 | AY79: 266.4 | AZ79: 508 | BA79: 121100 | BB79: 13200 | BC79: 379.4 | BD79: 0.00417 | BE79: 1|7 | BF79: 265.5 | BG79: 472.1 | BH79: 112000 | BI79: 13490 | BJ79: 239.3 | BK79: 0.004186 | BL79: 1|7 | BM79: 259 | BN79: 331.9 | BO79: 86540 | BP79: 1901 | BQ79: 137.8 | BR79: 0.003835
A80: 1|8 | B80: 1926 | C80: 522.2 | D80: 97970 | E80: 10590 | F80: 156800 | G80: 0.005299 | H80: 1|8 | I80: 808.4 | J80: 581.8 | K80: 109400 | L80: 9615 | M80: 34950 | N80: 0.005299 | O80: 1|8 | P80: 671.5 | Q80: 639.4 | R80: 120300 | S80: 8879 | T80: 19190 | U80: 0.005302 | V80: 1|8 | W80: 434.6 | X80: 590.9 | Y80: 111200 | Z80: 7237 | AA80: 3548 | AB80: 0.005301 | AC80: 1|8 | AD80: 370.6 | AE80: 666.7 | AF80: 125300 | AG80: 9379 | AH80: 2000 | AI80: 0.005306 | AJ80: 1|8 | AK80: 330.6 | AL80: 671.4 | AM80: 126000 | AN80: 10900 | AO80: 1007 | AP80: 0.005308 | AQ80: 1|8 | AR80: 318.8 | AS80: 660.5 | AT80: 124100 | AU80: 11640 | AV80: 646.8 | AW80: 0.0053 | AX80: 1|8 | AY80: 305.1 | AZ80: 631.8 | BA80: 118400 | BB80: 12180 | BC80: 370.7 | BD80: 0.005307 | BE80: 1|8 | BF80: 304.2 | BG80: 580 | BH80: 108100 | BI80: 12710 | BJ80: 231 | BK80: 0.005329 | BL80: 1|8 | BM80: 297.2 | BN80: 376.7 | BO80: 71540 | BP80: 17970 | BQ80: 117.4 | BR80: 0.005107
A81: 1|9 | B81: 2170 | C81: 626.9 | D81: 92540 | E81: 12050 | F81: 148500 | G81: 0.006718 | H81: 1|9 | I81: 910.2 | J81: 715.5 | K81: 106000 | L81: 10700 | M81: 33920 | N81: 0.006714 | O81: 1|9 | P81: 756.3 | Q81: 777 | R81: 115100 | S81: 9572 | T81: 18380 | U81: 0.006729 | V81: 1|9 | W81: 489.6 | X81: 731.1 | Y81: 108300 | Z81: 7771 | AA81: 3457 | AB81: 0.006733 | AC81: 1|9 | AD81: 416.6 | AE81: 820.4 | AF81: 122100 | AG81: 10710 | AH81: 1951 | AI81: 0.006692 | AJ81: 1|9 | AK81: 373.2 | AL81: 821.9 | AM81: 121700 | AN81: 11590 | AO81: 972.8 | AP81: 0.006723 | AQ81: 1|9 | AR81: 360.1 | AS81: 811.2 | AT81: 119800 | AU81: 11560 | AV81: 624.9 | AW81: 0.006738 | AX81: 1|9 | AY81: 344.8 | AZ81: 785.9 | BA81: 113400 | BB81: 13650 | BC81: 355.7 | BD81: 0.006882 | BE81: 1|9 | BF81: 343.5 | BG81: 709.8 | BH81: 103700 | BI81: 15430 | BJ81: 222.6 | BK81: 0.006767 | BL81: 1|9 | BM81: 335.4 | BN81: 470 | BO81: 67610 | BP81: 17910 | BQ81: 111.3 | BR81: 0.00672
A82: 1|10 | B82: 2418 | C82: 749.9 | D82: 86830 | E82: 14160 | F82: 140000 | G82: 0.008524 | H82: 1|10 | I82: 1013 | J82: 873.6 | K82: 101700 | L82: 11780 | M82: 32600 | N82: 0.008531 | O82: 1|10 | P82: 841.2 | Q82: 943.5 | R82: 110100 | S82: 10070 | T82: 17590 | U82: 0.008536 | V82: 1|10 | W82: 544.8 | X82: 906.4 | Y82: 105800 | Z82: 8865 | AA82: 3380 | AB82: 0.008535 | AC82: 1|10 | AD82: 463.2 | AE82: 993.5 | AF82: 116100 | AG82: 11330 | AH82: 1856 | AI82: 0.00852 | AJ82: 1|10 | AK82: 415.1 | AL82: 1000 | AM82: 116200 | AN82: 12250 | AO82: 929.9 | AP82: 0.008561 | AQ82: 1|10 | AR82: 401.1 | AS82: 990.7 | AT82: 115900 | AU82: 12950 | AV82: 605.4 | AW82: 0.008494 | AX82: 1|10 | AY82: 384.2 | AZ82: 942.7 | BA82: 109400 | BB82: 15070 | BC82: 344.1 | BD82: 0.008533 | BE82: 1|10 | BF82: 381.8 | BG82: 849.5 | BH82: 98570 | BI82: 14200 | BJ82: 211.3 | BK82: 0.008531 | BL82: 1|10 | BM82: 375.8 | BN82: 573.5 | BO82: 64630 | BP82: 17150 | BQ82: 106.4 | BR82: 0.008577
A83: 1|11 | B83: 2661 | C83: 892.8 | D83: 81020 | E83: 15410 | F83: 131300 | G83: 0.01083 | H83: 1|11 | I83: 1115 | J83: 1049 | K83: 96050 | L83: 12510 | M83: 30830 | N83: 0.01083 | O83: 1|11 | P83: 928.1 | Q83: 1155 | R83: 106100 | S83: 10670 | T83: 16970 | U83: 0.01083 | V83: 1|11 | W83: 601.4 | X83: 1129 | Y83: 103700 | Z83: 10320 | AA83: 3318 | AB83: 0.01083 | AC83: 1|11 | AD83: 511.2 | AE83: 1194 | AF83: 109700 | AG83: 12080 | AH83: 1756 | AI83: 0.01083 | AJ83: 1|11 | AK83: 458.5 | AL83: 1208 | AM83: 110700 | AN83: 12580 | AO83: 886.9 | AP83: 0.01084 | AQ83: 1|11 | AR83: 441.6 | AS83: 1202 | AT83: 109100 | AU83: 12710 | AV83: 570 | AW83: 0.01095 | AX83: 1|11 | AY83: 423.5 | AZ83: 1161 | BA83: 105100 | BB83: 13210 | BC83: 330 | BD83: 0.01096 | BE83: 1|11 | BF83: 420.8 | BG83: 1000 | BH83: 91020 | BI83: 14720 | BJ83: 195.7 | BK83: 0.01085 | BL83: 1|11 | BM83: 414.4 | BN83: 741.6 | BO83: 60540 | BP83: 16870 | BQ83: 100 | BR83: 0.0118
A84: 1|12 | B84: 2904 | C84: 1057 | D84: 75220 | E84: 16310 | F84: 122500 | G84: 0.01374 | H84: 1|12 | I84: 1218 | J84: 1244 | K84: 89490 | L84: 13340 | M84: 28800 | N84: 0.01375 | O84: 1|12 | P84: 1013 | Q84: 1427 | R84: 103200 | S84: 11660 | T84: 16530 | U84: 0.01374 | V84: 1|12 | W84: 657.1 | X84: 1390 | Y84: 100600 | Z84: 11570 | AA84: 3223 | AB84: 0.01373 | AC84: 1|12 | AD84: 559.3 | AE84: 1434 | AF84: 103500 | AG84: 13090 | AH84: 1661 | AI84: 0.01373 | AJ84: 1|12 | AK84: 500.5 | AL84: 1461 | AM84: 105400 | AN84: 13010 | AO84: 845.2 | AP84: 0.01375 | AQ84: 1|12 | AR84: 482.8 | AS84: 1449 | AT84: 105200 | AU84: 14270 | AV84: 551 | AW84: 0.01365 | AX84: 1|12 | AY84: 462.5 | AZ84: 1389 | BA84: 100000 | BB84: 13450 | BC84: 314.3 | BD84: 0.01377 | BE84: 1|12 | BF84: 459.5 | BG84: 1182 | BH84: 84430 | BI84: 14840 | BJ84: 181.9 | BK84: 0.01378 | BL84: 1|12 | BM84: 452.1 | BN84: 841.5 | BO84: 59170 | BP84: 17490 | BQ84: 98.21 | BR84: 0.01364
... A97: 1|25 | B97: 6065 | C97: 343.4 | D97: 46080 | E97: 7311 | F97: 74260 | G97: 0.007359 | H97: 1|25 | I97: 2526 | J97: 12540 | K97: 2536 | L97: 4531 | M97: 1653 | N97: 2.416 | O97: 1|25 | P97: 2124 | Q97: 11980 | R97: 35500 | S97: 17280 | T97: 6283 | U97: 0.3034 | V97: 1|25 | W97: 1380 | X97: 16100 | Y97: 48670 | Z97: 19510 | AA97: 1669 | AB97: 0.3071 | AC97: 1|25 | AD97: 985.6 | AE97: 3564 | AF97: 80110 | AG97: 14360 | AH97: 1295 | AI97: 0.04379 | AJ97: 1|25 | AK97: 892.8 | AL97: 3619 | AM97: 81340 | AN97: 13390 | AO97: 656 | AP97: 0.0439 | AQ97: 1|25 | AR97: 865.5 | AS97: 3647 | AT97: 78740 | AU97: 13570 | AV97: 414.8 | AW97: 0.04564 | AX97: 1|25 | AY97: 841.3 | AZ97: 3687 | BA97: 73540 | BB97: 13420 | BC97: 232.8 | BD97: 0.04932 | BE97: 1|25 | BF97: 849.2 | BG97: 3742 | BH97: 56030 | BI97: 14930 | BJ97: 123 | BK97: 0.06454 | BL97: 1|25 | BM97: 844 | BN97: 3885 | BO97: 47970 | BP97: 14220 | BQ97: 79.62 | BR97: 0.07765
A98: 1|26 | B98: 6307 | C98: 389.2 | D98: 42090 | E98: 6781 | F98: 67850 | G98: 0.009129 | H98: 1|26 | I98: 2598 | J98: 17730 | K98: 245.5 | L98: 2979 | M98: 951.4 | N98: 5.933 | O98: 1|26 | P98: 2211 | Q98: 14070 | R98: 32010 | S98: 17850 | T98: 5832 | U98: 0.384 | V98: 1|26 | W98: 1410 | X98: 18000 | Y98: 46530 | Z98: 19540 | AA98: 1606 | AB98: 0.3566 | AC98: 1|26 | AD98: 1010 | AE98: 3564 | AF98: 80020 | AG98: 14290 | AH98: 1294 | AI98: 0.04384 | AJ98: 1|26 | AK98: 917.8 | AL98: 3619 | AM98: 81270 | AN98: 13400 | AO98: 655.5 | AP98: 0.04394 | AQ98: 1|26 | AR98: 889.8 | AS98: 3647 | AT98: 78290 | AU98: 13810 | AV98: 412.7 | AW98: 0.04587 | AX98: 1|26 | AY98: 862.7 | AZ98: 3687 | BB98: 13190 | BC98: 41.07 | BD98: 0.04924 | BE98: 1|26 | BF98: 871.9 | BG98: 3742 | BH98: 56450 | BI98: 13940 | BJ98: 123.4 | BK98: 0.06435 | BL98: 1|26 | BM98: 866.8 | BN98: 3885 | BO98: 47900 | BP98: 14580 | BQ98: 79.69 | BR98: 0.07759
A99: 1|27 | B99: 6468 | C99: 17820 | D99: 15 | E99: 916.9 | F99: 1460 | G99: 19.43 | H99: 1|27 | O99: 1|27 | P99: 2279 | Q99: 17790 | R99: 19700 | S99: 21800 | T99: 4675 | U99: 0.6056 | V99: 1|27 | W99: 1440 | X99: 18000 | Y99: 45790 | Z99: 19770 | AA99: 1588 | AB99: 0.3609 | AC99: 1|27 | AD99: 1036 | AE99: 3564 | AF99: 79870 | AG99: 14270 | AH99: 1291 | AI99: 0.04393 | AJ99: 1|27 | AK99: 943.6 | AL99: 3619 | AM99: 81290 | AN99: 13390 | AO99: 655.6 | AP99: 0.04393 | AQ99: 1|27 | AR99: 913.8 | AS99: 3647 | AT99: 78540 | AU99: 12990 | AV99: 413.2 | AW99: 0.04581 | AX99: 1|27 | AY99: 885.9 | AZ99: 3687 | BA99: 73440 | BB99: 13350 | BC99: 232.5 | BD99: 0.04939 | BE99: 1|27 | BF99: 894.2 | BG99: 3742 | BH99: 56280 | BI99: 14610 | BJ99: 123.4 | BK99: 0.06435 | BL99: 1|27 | BM99: 889.1 | BN99: 3885 | BO99: 48090 | BP99: 13670 | BQ99: 79.58 | BR99: 0.0777
A100: 1|28 | B100: 6650 | C100: 14930 | D100: 36.57 | E100: 128.1 | F100: 212 | G100: 112.1 | H100: 1|28 | O100: 1|28 | P100: 2326 | Q100: 18000 | R100: 24150 | S100: 22680 | T100: 5272 | U100: 0.5433 | V100: 1|28 | W100: 1470 | X100: 18000 | Y100: 46620 | Z100: 19330 | AA100: 1606 | AB100: 0.3566 | AC100: 1|28 | AD100: 1062 | AE100: 3564 | AF100: 79850 | AG100: 14240 | AH100: 1291 | AI100: 0.04394 | AJ100: 1|28 | AK100: 968.8 | AL100: 3619 | AM100: 81350 | AN100: 13340 | AO100: 656 | AP100: 0.0439 | AQ100: 1|28 | AR100: 937.7 | AS100: 3647 | AT100: 78480 | AU100: 13440 | AV100: 413.3 | AW100: 0.0458 | AX100: 1|28 | AY100: 909 | AZ100: 3687 | BA100: 72290 | BB100: 13110 | BC100: 228.8 | BD100: 0.05018 | BE100: 1|28 | BF100: 917.1 | BG100: 3742 | BH100: 56260 | BI100: 14570 | BJ100: 123.3 | BK100: 0.06439 | BL100: 1|28 | BM100: 911.6 | BN100: 3885 | BO100: 69980 | BP100: 24210 | BQ100: 117.9 | BR100: 0.05246
A101: 1|29 | H101: 1|29 | O101: 1|29 | P101: 2374 | Q101: 18000 | R101: 21740 | S101: 22470 | T101: 4976 | U101: 0.5756 | V101: 1|29 | W101: 1499 | X101: 18000 | Y101: 47520 | Z101: 18810 | AA101: 1627 | AB101: 0.3522 | AC101: 1|29 | AD101: 1087 | AE101: 3564 | AF101: 79880 | AG101: 14210 | AH101: 1291 | AI101: 0.04393 | AJ101: 1|29 | AK101: 993.2 | AL101: 3619 | AM101: 81400 | AN101: 13370 | AO101: 656.5 | AP101: 0.04387 | AQ101: 1|29 | AR101: 961.9 | AS101: 3647 | AT101: 78620 | AU101: 13880 | AV101: 414.4 | AW101: 0.04567 | AX101: 1|29 | AY101: 931.6 | AZ101: 3687 | BB101: 12830 | BC101: 39.96 | BD101: 0.04918 | BE101: 1|29 | BF101: 939.4 | BG101: 3742 | BH101: 56250 | BI101: 14970 | BJ101: 123.5 | BK101: 0.06429 | BL101: 1|29 | BM101: 933.9 | BN101: 3885 | BO101: 47190 | BP101: 14650 | BQ101: 78.64 | BR101: 0.07862
A102: 1|30 | H102: 1|30 | O102: 1|30 | P102: 2422 | Q102: 18000 | R102: 21350 | S102: 22480 | T102: 4934 | U102: 0.5806 | V102: 1|30 | W102: 1529 | X102: 18000 | Y102: 48240 | Z102: 18220 | AA102: 1641 | AB102: 0.349 | AC102: 1|30 | AD102: 1111 | AE102: 3564 | AF102: 79890 | AG102: 14190 | AH102: 1291 | AI102: 0.04392 | AJ102: 1|30 | AK102: 1019 | AL102: 3619 | AM102: 81430 | AN102: 13320 | AO102: 656.6 | AP102: 0.04386 | AQ102: 1|30 | AR102: 985.8 | AS102: 3647 | AT102: 78410 | AU102: 14150 | AV102: 413.6 | AW102: 0.04577 | AX102: 1|30 | AY102: 952.4 | AZ102: 3687 | BA102: 73050 | BB102: 12740 | BC102: 231 | BD102: 0.04972 | BE102: 1|30 | BF102: 962.2 | BG102: 3742 | BH102: 56360 | BI102: 14570 | BJ102: 123.5 | BK102: 0.06428 | BL102: 1|30 | BM102: 956.9 | BN102: 3885 | BO102: 47830 | BP102: 14250 | BQ102: 79.43 | BR102: 0.07784
B104: 20°С SCTNA_60_PyrO_40_Katal68_3_U=1500v_30_points
B105: Частота 0,1 Гц | I105: Частота 0,5 Гц | P105: Частота 1 Гц | W105: Частота 5 Гц | AD105: Частота 10 Гц | AK105: Частота 20 Гц | AR105: Частота 30 Гц | AY105: Частота 50 Гц | BF105: Частота 75 Гц | BM105: Частота 100 Гц
B106: t_seg in s | C106: Tau in Pa | D106: G' in Pa | E106: G" in Pa | F106: |eta*| in Pas | G106: gamma | I106: t_seg in s | J106: Tau in Pa | K106: G' in Pa | L106: G" in Pa | M106: |eta*| in Pas | N106: gamma | P106: t_seg in s | Q106: Tau in Pa | R106: G' in Pa | S106: G" in Pa | T106: |eta*| in Pas | U106: gamma | W106: t_seg in s | X106: Tau in Pa | Y106: G' in Pa | Z106: G" in Pa | AA106: |eta*| in Pas | AB106: gamma | AD106: t_seg in s | AE106: Tau in Pa | AF106: G' in Pa | AG106: G" in Pa | AH106: |eta*| in Pas | AI106: gamma | AK106: t_seg in s | AL106: Tau in Pa | AM106: G' in Pa | AN106: G" in Pa | AO106: |eta*| in Pas | AP106: gamma | AR106: t_seg in s | AS106: Tau in Pa | AT106: G' in Pa | AU106: G" in Pa | AV106: |eta*| in Pas | AW106: gamma | AY106: t_seg in s | AZ106: Tau in Pa | BA106: G' in Pa | BB106: G" in Pa | BC106: |eta*| in Pas | BD106: gamma | BF106: t_seg in s | BG106: Tau in Pa | BH106: G' in Pa | BI106: G" in Pa | BJ106: |eta*| in Pas | BK106: gamma | BM106: t_seg in s | BN106: Tau in Pa | BO106: G' in Pa | BP106: G" in Pa | BQ106: |eta*| in Pas | BR106: gamma
A107: 1|1 | H107: 1|1 | O107: 1|1 | V107: 1|1 | AC107: 1|1 | AJ107: 1|1 | AQ107: 1|1 | AX107: 1|1 | BE107: 1|1 | BL107: 1|1
A108: 1|2 | H108: 1|2 | O108: 1|2 | V108: 1|2 | AC108: 1|2 | AJ108: 1|2 | AQ108: 1|2 | AX108: 1|2 | BE108: 1|2 | BL108: 1|2
A109: 1|3 | H109: 1|3 | O109: 1|3 | V109: 1|3 | AC109: 1|3 | AJ109: 1|3 | AQ109: 1|3 | AX109: 1|3 | BE109: 1|3 | BL109: 1|3
A110: 1|4 | H110: 1|4 | O110: 1|4 | V110: 1|4 | AC110: 1|4 | AJ110: 1|4 | AQ110: 1|4 | AX110: 1|4 | BE110: 1|4 | BL110: 1|4
A111: 1|5 | H111: 1|5 | O111: 1|5 | V111: 1|5 | AC111: 1|5 | AJ111: 1|5 | AQ111: 1|5 | AX111: 1|5 | BE111: 1|5 | BL111: 1|5
A112: 1|6 | H112: 1|6 | O112: 1|6 | V112: 1|6 | AC112: 1|6 | AJ112: 1|6 | AQ112: 1|6 | AX112: 1|6 | BE112: 1|6 | BL112: 1|6
A113: 1|7 | H113: 1|7 | O113: 1|7 | V113: 1|7 | AC113: 1|7 | AJ113: 1|7 | AQ113: 1|7 | AX113: 1|7 | BE113: 1|7 | BL113: 1|7
A114: 1|8 | H114: 1|8 | O114: 1|8 | V114: 1|8 | AC114: 1|8 | AJ114: 1|8 | AQ114: 1|8 | AX114: 1|8 | BE114: 1|8 | BL114: 1|8
A115: 1|9 | H115: 1|9 | O115: 1|9 | V115: 1|9 | AC115: 1|9 | AJ115: 1|9 | AQ115: 1|9 | AX115: 1|9 | BE115: 1|9 | BL115: 1|9
A116: 1|10 | H116: 1|10 | O116: 1|10 | V116: 1|10 | AC116: 1|10 | AJ116: 1|10 | AQ116: 1|10 | AX116: 1|10 | BE116: 1|10 | BL116: 1|10
A117: 1|11 | H117: 1|11 | O117: 1|11 | V117: 1|11 | AC117: 1|11 | AJ117: 1|11 | AQ117: 1|11 | AX117: 1|11 | BE117: 1|11 | BL117: 1|11
A118: 1|12 | H118: 1|12 | O118: 1|12 | V118: 1|12 | AC118: 1|12 | AJ118: 1|12 | AQ118: 1|12 | AX118: 1|12 | BE118: 1|12 | BL118: 1|12
... A136: 1|30 | H136: 1|30 | O136: 1|30 | V136: 1|30 | AC136: 1|30 | AJ136: 1|30 | AQ136: 1|30 | AX136: 1|30 | BE136: 1|30 | BL136: 1|30
B137: 20°С SCTNA_60_PyrO_40_Katal68_3_U=2000v_30_points
B138: Частота 0,1 Гц | I138: Частота 0,5 Гц | P138: Частота 1 Гц | W138: Частота 5 Гц | AD138: Частота 10 Гц | AK138: Частота 20 Гц | AR138: Частота 30 Гц | AY138: Частота 50 Гц | BF138: Частота 75 Гц | BM138: Частота 100 Гц
B139: t_seg in s | C139: Tau in Pa | D139: G' in Pa | E139: G" in Pa | F139: |eta*| in Pas | G139: gamma | I139: t_seg in s | J139: Tau in Pa | K139: G' in Pa | L139: G" in Pa | M139: |eta*| in Pas | N139: gamma | P139: t_seg in s | Q139: Tau in Pa | R139: G' in Pa | S139: G" in Pa | T139: |eta*| in Pas | U139: gamma | W139: t_seg in s | X139: Tau in Pa | Y139: G' in Pa | Z139: G" in Pa | AA139: |eta*| in Pas | AB139: gamma | AD139: t_seg in s | AE139: Tau in Pa | AF139: G' in Pa | AG139: G" in Pa | AH139: |eta*| in Pas | AI139: gamma | AK139: t_seg in s | AL139: Tau in Pa | AM139: G' in Pa | AN139: G" in Pa | AO139: |eta*| in Pas | AP139: gamma | AR139: t_seg in s | AS139: Tau in Pa | AT139: G' in Pa | AU139: G" in Pa | AV139: |eta*| in Pas | AW139: gamma | AY139: t_seg in s | AZ139: Tau in Pa | BA139: G' in Pa | BB139: G" in Pa | BC139: |eta*| in Pas | BD139: gamma | BF139: t_seg in s | BG139: Tau in Pa | BH139: G' in Pa | BI139: G" in Pa | BJ139: |eta*| in Pas | BK139: gamma | BM139: t_seg in s | BN139: Tau in Pa | BO139: G' in Pa | BP139: G" in Pa | BQ139: |eta*| in Pas | BR139: gamma
A140: 1|1 | H140: 1|1 | O140: 1|1 | V140: 1|1 | AC140: 1|1 | AJ140: 1|1 | AQ140: 1|1 | AX140: 1|1 | BE140: 1|1 | BL140: 1|1
A141: 1|2 | H141: 1|2 | O141: 1|2 | V141: 1|2 | AC141: 1|2 | AJ141: 1|2 | AQ141: 1|2 | AX141: 1|2 | BE141: 1|2 | BL141: 1|2
A142: 1|3 | H142: 1|3 | O142: 1|3 | V142: 1|3 | AC142: 1|3 | AJ142: 1|3 | AQ142: 1|3 | AX142: 1|3 | BE142: 1|3 | BL142: 1|3
A143: 1|4 | H143: 1|4 | O143: 1|4 | V143: 1|4 | AC143: 1|4 | AJ143: 1|4 | AQ143: 1|4 | AX143: 1|4 | BE143: 1|4 | BL143: 1|4
A144: 1|5 | H144: 1|5 | O144: 1|5 | V144: 1|5 | AC144: 1|5 | AJ144: 1|5 | AQ144: 1|5 | AX144: 1|5 | BE144: 1|5 | BL144: 1|5
A145: 1|6 | H145: 1|6 | O145: 1|6 | V145: 1|6 | AC145: 1|6 | AJ145: 1|6 | AQ145: 1|6 | AX145: 1|6 | BE145: 1|6 | BL145: 1|6
A146: 1|7 | H146: 1|7 | O146: 1|7 | V146: 1|7 | AC146: 1|7 | AJ146: 1|7 | AQ146: 1|7 | AX146: 1|7 | BE146: 1|7 | BL146: 1|7
A147: 1|8 | H147: 1|8 | O147: 1|8 | V147: 1|8 | AC147: 1|8 | AJ147: 1|8 | AQ147: 1|8 | AX147: 1|8 | BE147: 1|8 | BL147: 1|8
A148: 1|9 | H148: 1|9 | O148: 1|9 | V148: 1|9 | AC148: 1|9 | AJ148: 1|9 | AQ148: 1|9 | AX148: 1|9 | BE148: 1|9 | BL148: 1|9
A149: 1|10 | H149: 1|10 | O149: 1|10 | V149: 1|10 | AC149: 1|10 | AJ149: 1|10 | AQ149: 1|10 | AX149: 1|10 | BE149: 1|10 | BL149: 1|10
A150: 1|11 | H150: 1|11 | O150: 1|11 | V150: 1|11 | AC150: 1|11 | AJ150: 1|11 | AQ150: 1|11 | AX150: 1|11 | BE150: 1|11 | BL150: 1|11
...

Sheet output_data
B1: f | C1: Gamma_0v | D1: G'_0v | E1: Gamma_500v | F1: G'_500v | G1: Gamma_1000v | H1: G'_1000v | I1: Gamma_1500v | J1: G'_1500v | K1: Gamma_2000v | L1: G'_2000v | M1: Gamma_2500v | N1: G'_2500v | O1: ---------- | P1: Gamma_0v | Q1: G''_0v | R1: Gamma_500v | S1: G''_500v | T1: Gamma_1000v | U1: G''_1000v | V1: Gamma_1500v | W1: G''_1500v | X1: Gamma_2000v | Y1: G''_2000v | Z1: Gamma_2500v | AA1: G''_2500v | AB1: ---------- | AC1: Gamma_0v | AD1: |Eta*|_0v | AE1: Gamma_500v | AF1: |Eta*|_500v | AG1: Gamma_1000v | AH1: |Eta*|_1000v | AI1: Gamma_1500v | AJ1: |Eta*|_1500v | AK1: Gamma_2000v | AL1: |Eta*|_2000v | AM1: Gamma_2500v | AN1: |Eta*|_2500v | AO1: ---------- | AP1: Tau_0v | AQ1: Tau_500v | AR1: Tau_1000v | AS1: Tau_1500v | AT1: Tau_2000v | AU1: Tau_2500v | AV1: ---------- | AW1: G'_0v | AX1: G''_0v | AY1: tan_δ_0v | AZ1: G'_500v | BA1: G''_500v | BB1: tan_δ_500v | BC1: G'_1000v | BD1: G''_1000v | BE1: tan_δ_1000v | BF1: G'_1500v | BG1: G''_1500v | BH1: tan_δ_1500v | BI1: G'_2000v | BJ1: G''_2000v | BK1: tan_δ_2000v | BL1: G'_2500v | BM1: G''_2500v | BN1: tan_δ_2500v | BO1: ---------- | BQ1: tan_δ_500v | BR1: tan_δ_1000v | BS1: tan_δ_1500v | BT1: tan_δ_2000v | BU1: tan_δ_2500v | BV1: ----------
B2: Hz | D2: Pa | F2: Pa | H2: Pa | J2: Pa | L2: Pa | N2: Pa | Q2: Pa | S2: Pa | U2: Pa | W2: Pa | Y2: Pa | AA2: Pa | AD2: Pas | AF2: Pas | AH2: Pas | AJ2: Pas | AL2: Pas | AN2: Pas | AP2: Pa | AQ2: Pa | AR2: Pa | AS2: Pa | AT2: Pa | AU2: Pa | AW2: Pa | AX2: Pa | AZ2: Pa | BA2: Pa | BC2: Pa | BD2: Pa | BF2: Pa | BG2: Pa | BI2: Pa | BJ2: Pa | BL2: Pa | BM2: Pa
C3: SCTNA_60_PyrO_40_Katal68_3_0v | D3: SCTNA_60_PyrO_40_Katal68_3_0v | E3: SCTNA_60_PyrO_40_Katal68_3_500v | F3: SCTNA_60_PyrO_40_Katal68_3_500v | G3: SCTNA_60_PyrO_40_Katal68_3_1000v | H3: SCTNA_60_PyrO_40_Katal68_3_1000v | I3: SCTNA_60_PyrO_40_Katal68_3_1500v | J3: SCTNA_60_PyrO_40_Katal68_3_1500v | K3: SCTNA_60_PyrO_40_Katal68_3_2000v | L3: SCTNA_60_PyrO_40_Katal68_3_2000v | M3: SCTNA_60_PyrO_40_Katal68_3_2500v | N3: SCTNA_60_PyrO_40_Katal68_3_2500v | P3: SCTNA_60_PyrO_40_Katal68_3_0v | Q3: SCTNA_60_PyrO_40_Katal68_3_0v | R3: SCTNA_60_PyrO_40_Katal68_3_500v | S3: SCTNA_60_PyrO_40_Katal68_3_500v | T3: SCTNA_60_PyrO_40_Katal68_3_1000v | U3: SCTNA_60_PyrO_40_Katal68_3_1000v | V3: SCTNA_60_PyrO_40_Katal68_3_1500v | W3: SCTNA_60_PyrO_40_Katal68_3_1500v | X3: SCTNA_60_PyrO_40_Katal68_3_2000v | Y3: SCTNA_60_PyrO_40_Katal68_3_2000v | Z3: SCTNA_60_PyrO_40_Katal68_3_2500v | AA3: SCTNA_60_PyrO_40_Katal68_3_2500v | AC3: SCTNA_60_PyrO_40_Katal68_3_0v | AD3: SCTNA_60_PyrO_40_Katal68_3_0v | AE3: SCTNA_60_PyrO_40_Katal68_3_500v | AF3: SCTNA_60_PyrO_40_Katal68_3_500v | AG3: SCTNA_60_PyrO_40_Katal68_3_1000v | AH3: SCTNA_60_PyrO_40_Katal68_3_1000v | AI3: SCTNA_60_PyrO_40_Katal68_3_1500v | AJ3: SCTNA_60_PyrO_40_Katal68_3_1500v | AK3: SCTNA_60_PyrO_40_Katal68_3_2000v | AL3: SCTNA_60_PyrO_40_Katal68_3_2000v | AM3: SCTNA_60_PyrO_40_Katal68_3_2500v | AN3: SCTNA_60_PyrO_40_Katal68_3_2500v | AP3: SCTNA_60_PyrO_40_Katal68_3_0v | AQ3: SCTNA_60_PyrO_40_Katal68_3_500v | AR3: SCTNA_60_PyrO_40_Katal68_3_1000v | AS3: SCTNA_60_PyrO_40_Katal68_3_1500v | AT3: SCTNA_60_PyrO_40_Katal68_3_2000v | AU3: SCTNA_60_PyrO_40_Katal68_3_2500v | AW3: SCTNA_60_PyrO_40_Katal68_3_0v | AX3: SCTNA_60_PyrO_40_Katal68_3_0v | AY3: SCTNA_60_PyrO_40_Katal68_3_0v | AZ3: SCTNA_60_PyrO_40_Katal68_3_500v | BA3: SCTNA_60_PyrO_40_Katal68_3_500v | BB3: SCTNA_60_PyrO_40_Katal68_3_500v | BC3: SCTNA_60_PyrO_40_Katal68_3_1000v | BD3: SCTNA_60_PyrO_40_Katal68_3_1000v | BE3: SCTNA_60_PyrO_40_Katal68_3_1000v | BF3: SCTNA_60_PyrO_40_Katal68_3_1500v | BG3: SCTNA_60_PyrO_40_Katal68_3_1500v | BH3: SCTNA_60_PyrO_40_Katal68_3_1500v | BI3: SCTNA_60_PyrO_40_Katal68_3_2000v | BJ3: SCTNA_60_PyrO_40_Katal68_3_2000v | BK3: SCTNA_60_PyrO_40_Katal68_3_2000v | BL3: SCTNA_60_PyrO_40_Katal68_3_2500v | BM3: SCTNA_60_PyrO_40_Katal68_3_2500v | BN3: SCTNA_60_PyrO_40_Katal68_3_2500v | BP3: SCTNA_60_PyrO_40_Katal68_3_0v | BQ3: SCTNA_60_PyrO_40_Katal68_3_500v | BR3: SCTNA_60_PyrO_40_Katal68_3_1000v | BS3: SCTNA_60_PyrO_40_Katal68_3_1500v | BT3: SCTNA_60_PyrO_40_Katal68_3_2000v | BU3: SCTNA_60_PyrO_40_Katal68_3_2500v
A4: Частота 0,1 Гц | O4: Частота 0,1 Гц | AB4: Частота 0,1 Гц | AV4: Частота 0,1 Гц | BO4: Частота 0,1 Гц
A5: 1 | B5: 0.1 | C5: =IF(input_data!G4="","",input_data!G4) -> 0.01161 | D5: =IF(input_data!D4="","",input_data!D4) -> 121400 | E5: =IF(input_data!G39="","",input_data!G39) -> 0.001026 | F5: =IF(input_data!D39="","",input_data!D39) -> 118400 | G5: =IF(input_data!G73="","",input_data!G73) -> 0.0009908 | H5: =IF(input_data!D73="","",input_data!D73) -> 105000 | I5: =IF(input_data!G107="","",input_data!G107) | J5: =IF(input_data!D107="","",input_data!D107) | K5: =IF(input_data!G140="","",input_data!G140) | L5: =IF(input_data!D140="","",input_data!D140) | M5: =IF(input_data!G173="","",input_data!G173) | N5: =IF(input_data!D173="","",input_data!D173) | O5: ---------- | P5: =IF(input_data!G4="","",input_data!G4) -> 0.01161 | Q5: =IF(input_data!E4="","",input_data!E4) -> 34680 | R5: =IF(input_data!G39="","",input_data!G39) -> 0.001026 | S5: =IF(input_data!E39="","",input_data!E39) -> 8430 | T5: =IF(input_data!G73="","",input_data!G73) -> 0.0009908 | U5: =IF(input_data!E73="","",input_data!E73) -> 9161 | V5: =IF(input_data!G107="","",input_data!G107) | W5: =IF(input_data!E107="","",input_data!E107) | X5: =IF(input_data!G140="","",input_data!G140) | Y5: =IF(input_data!E140="","",input_data!E140) | Z5: =IF(input_data!G173="","",input_data!G173) | AA5: =IF(input_data!E173="","",input_data!E173) | AC5: =IF(input_data!G4="","",input_data!G4) -> 0.01161 | AD5: =IF(input_data!F4="","",input_data!F4) -> 200900 | AE5: =IF(input_data!G39="","",input_data!G39) -> 0.001026 | AF5: =IF(input_data!F39="","",input_data!F39) -> 189000 | AG5: =IF(input_data!G73="","",input_data!G73) -> 0.0009908 | AH5: =IF(input_data!F73="","",input_data!F73) -> 167800 | AI5: =IF(input_data!G107="","",input_data!G107) | AJ5: =IF(input_data!F107="","",input_data!F107) | AK5: =IF(input_data!G140="","",input_data!G140) | AL5: =IF(input_data!F140="","",input_data!F140) | AM5: =IF(input_data!G173="","",input_data!G173) | AN5: =IF(input_data!F173="","",input_data!F173) | AP5: =IF(input_data!C4="","",input_data!C4) -> 1466 | AQ5: =IF(input_data!C39="","",input_data!C39) -> 121.9 | AR5: =IF(input_data!C73="","",input_data!C73) -> 104.4 | AS5: =IF(input_data!C107="","",input_data!C107) | AT5: =IF(input_data!C140="","",input_data!C140) | AU5: =IF(input_data!C173="","",input_data!C173) | AW5: =IF(input_data!D4="","",input_data!D4) -> 121400 | AX5: =IF(input_data!E4="","",input_data!E4) -> 34680 | AY5: =IFERROR(IF(OR(AW5="",AX5=""),"",AX5/AW5),"") -> 0.28566722 | AZ5: =IF(input_data!D39="","",input_data!D39) -> 118400 | BA5: =IF(input_data!E39="","",input_data!E39) -> 8430 | BB5: =IFERROR(IF(OR(AZ5="",BA5=""),"",BA5/AZ5),"") -> 0.071199324 | BC5: =IF(input_data!D73="","",input_data!D73) -> 105000 | BD5: =IF(input_data!E73="","",input_data!E73) -> 9161 | BE5: =IFERROR(IF(OR(BC5="",BD5=""),"",BD5/BC5),"") -> 0.087247619 | BF5: =IF(input_data!D107="","",input_data!D107) | BG5: =IF(input_data!E107="","",input_data!E107) | BH5: =IFERROR(IF(OR(BF5="",BG5=""),"",BG5/BF5),"") | BI5: =IF(input_data!D140="","",input_data!D140) | BJ5: =IF(input_data!E140="","",input_data!E140) | BK5: =IFERROR(IF(OR(BI5="",BJ5=""),"",BJ5/BI5),"") | BL5: =IF(input_data!D173="","",input_data!D173) | BM5: =IF(input_data!E173="","",input_data!E173) | BN5: =IFERROR(IF(OR(BL5="",BM5=""),"",BM5/BL5),"") | BP5: =AY5 -> 0.28566722 | BQ5: =BB5 -> 0.071199324 | BR5: =BE5 -> 0.087247619 | BS5: =BH5 | BT5: =BK5 | BU5: =BN5 | BV5: ----------
A6: 2 | B6: 0.1 | C6: =IF(input_data!G5="","",input_data!G5) -> 0.01363 | D6: =IF(input_data!D5="","",input_data!D5) -> 119900 | E6: =IF(input_data!G40="","",input_data!G40) -> 0.001268 | F6: =IF(input_data!D40="","",input_data!D40) -> 119300 | G6: =IF(input_data!G74="","",input_data!G74) -> 0.001263 | H6: =IF(input_data!D74="","",input_data!D74) -> 111200 | I6: =IF(input_data!G108="","",input_data!G108) | J6: =IF(input_data!D108="","",input_data!D108) | K6: =IF(input_data!G141="","",input_data!G141) | L6: =IF(input_data!D141="","",input_data!D141) | M6: =IF(input_data!G174="","",input_data!G174) | N6: =IF(input_data!D174="","",input_data!D174) | O6: ---------- | P6: =IF(input_data!G5="","",input_data!G5) -> 0.01363 | Q6: =IF(input_data!E5="","",input_data!E5) -> 35400 | R6: =IF(input_data!G40="","",input_data!G40) -> 0.001268 | S6: =IF(input_data!E40="","",input_data!E40) -> 8262 | T6: =IF(input_data!G74="","",input_data!G74) -> 0.001263 | U6: =IF(input_data!E74="","",input_data!E74) -> 9316 | V6: =IF(input_data!G108="","",input_data!G108) | W6: =IF(input_data!E108="","",input_data!E108) | X6: =IF(input_data!G141="","",input_data!G141) | Y6: =IF(input_data!E141="","",input_data!E141) | Z6: =IF(input_data!G174="","",input_data!G174) | AA6: =IF(input_data!E174="","",input_data!E174) | AC6: =IF(input_data!G5="","",input_data!G5) -> 0.01363 | AD6: =IF(input_data!F5="","",input_data!F5) -> 198900 | AE6: =IF(input_data!G40="","",input_data!G40) -> 0.001268 | AF6: =IF(input_data!F40="","",input_data!F40) -> 190300 | AG6: =IF(input_data!G74="","",input_data!G74) -> 0.001263 | AH6: =IF(input_data!F74="","",input_data!F74) -> 177500 | AI6: =IF(input_data!G108="","",input_data!G108) | AJ6: =IF(input_data!F108="","",input_data!F108) | AK6: =IF(input_data!G141="","",input_data!G141) | AL6: =IF(input_data!F141="","",input_data!F141) | AM6: =IF(input_data!G174="","",input_data!G174) | AN6: =IF(input_data!F174="","",input_data!F174) | AP6: =IF(input_data!C5="","",input_data!C5) -> 1704 | AQ6: =IF(input_data!C40="","",input_data!C40) -> 151.6 | AR6: =IF(input_data!C74="","",input_data!C74) -> 140.9 | AS6: =IF(input_data!C108="","",input_data!C108) | AT6: =IF(input_data!C141="","",input_data!C141) | AU6: =IF(input_data!C174="","",input_data!C174) | AW6: =IF(input_data!D5="","",input_data!D5) -> 119900 | AX6: =IF(input_data!E5="","",input_data!E5) -> 35400 | AY6: =IFERROR(IF(OR(AW6="",AX6=""),"",AX6/AW6),"") -> 0.29524604 | AZ6: =IF(input_data!D40="","",input_data!D40) -> 119300 | BA6: =IF(input_data!E40="","",input_data!E40) -> 8262 | BB6: =IFERROR(IF(OR(AZ6="",BA6=""),"",BA6/AZ6),"") -> 0.069253982 | BC6: =IF(input_data!D74="","",input_data!D74) -> 111200 | BD6: =IF(input_data!E74="","",input_data!E74) -> 9316 | BE6: =IFERROR(IF(OR(BC6="",BD6=""),"",BD6/BC6),"") -> 0.083776978 | BF6: =IF(input_data!D108="","",input_data!D108) | BG6: =IF(input_data!E108="","",input_data!E108) | BH6: =IFERROR(IF(OR(BF6="",BG6=""),"",BG6/BF6),"") | BI6: =IF(input_data!D141="","",input_data!D141) | BJ6: =IF(input_data!E141="","",input_data!E141) | BK6: =IFERROR(IF(OR(BI6="",BJ6=""),"",BJ6/BI6),"") | BL6: =IF(input_data!D174="","",input_data!D174) | BM6: =IF(input_data!E174="","",input_data!E174) | BN6: =IFERROR(IF(OR(BL6="",BM6=""),"",BM6/BL6),"") | BP6: =AY6 -> 0.29524604 | BQ6: =BB6 -> 0.069253982 | BR6: =BE6 -> 0.083776978 | BS6: =BH6 | BT6: =BK6 | BU6: =BN6 | BV6: ----------
A7: 3 | B7: 0.1 | C7: =IF(input_data!G6="","",input_data!G6) -> 0.01866 | D7: =IF(input_data!D6="","",input_data!D6) -> 104300 | E7: =IF(input_data!G41="","",input_data!G41) -> 0.001622 | F7: =IF(input_data!D41="","",input_data!D41) -> 117900 | G7: =IF(input_data!G75="","",input_data!G75) -> 0.001609 | H7: =IF(input_data!D75="","",input_data!D75) -> 112100 | I7: =IF(input_data!G109="","",input_data!G109) | J7: =IF(input_data!D109="","",input_data!D109) | K7: =IF(input_data!G142="","",input_data!G142) | L7: =IF(input_data!D142="","",input_data!D142) | M7: =IF(input_data!G175="","",input_data!G175) | N7: =IF(input_data!D175="","",input_data!D175) | O7: ---------- | P7: =IF(input_data!G6="","",input_data!G6) -> 0.01866 | Q7: =IF(input_data!E6="","",input_data!E6) -> 36350 | R7: =IF(input_data!G41="","",input_data!G41) -> 0.001622 | S7: =IF(input_data!E41="","",input_data!E41) -> 6455 | T7: =IF(input_data!G75="","",input_data!G75) -> 0.001609 | U7: =IF(input_data!E75="","",input_data!E75) -> 9493 | V7: =IF(input_data!G109="","",input_data!G109) | W7: =IF(input_data!E109="","",input_data!E109) | X7: =IF(input_data!G142="","",input_data!G142) | Y7: =IF(input_data!E142="","",input_data!E142) | Z7: =IF(input_data!G175="","",input_data!G175) | AA7: =IF(input_data!E175="","",input_data!E175) | AC7: =IF(input_data!G6="","",input_data!G6) -> 0.01866 | AD7: =IF(input_data!F6="","",input_data!F6) -> 175900 | AE7: =IF(input_data!G41="","",input_data!G41) -> 0.001622 | AF7: =IF(input_data!F41="","",input_data!F41) -> 187900 | AG7: =IF(input_data!G75="","",input_data!G75) -> 0.001609 | AH7: =IF(input_data!F75="","",input_data!F75) -> 179000 | AI7: =IF(input_data!G109="","",input_data!G109) | AJ7: =IF(input_data!F109="","",input_data!F109) | AK7: =IF(input_data!G142="","",input_data!G142) | AL7: =IF(input_data!F142="","",input_data!F142) | AM7: =IF(input_data!G175="","",input_data!G175) | AN7: =IF(input_data!F175="","",input_data!F175) | AP7: =IF(input_data!C6="","",input_data!C6) -> 2062 | AQ7: =IF(input_data!C41="","",input_data!C41) -> 191.4 | AR7: =IF(input_data!C75="","",input_data!C75) -> 181 | AS7: =IF(input_data!C109="","",input_data!C109) | AT7: =IF(input_data!C142="","",input_data!C142) | AU7: =IF(input_data!C175="","",input_data!C175) | AW7: =IF(input_data!D6="","",input_data!D6) -> 104300 | AX7: =IF(input_data!E6="","",input_data!E6) -> 36350 | AY7: =IFERROR(IF(OR(AW7="",AX7=""),"",AX7/AW7),"") -> 0.3485139 | AZ7: =IF(input_data!D41="","",input_data!D41) -> 117900 | BA7: =IF(input_data!E41="","",input_data!E41) -> 6455 | BB7: =IFERROR(IF(OR(AZ7="",BA7=""),"",BA7/AZ7),"") -> 0.054749788 | BC7: =IF(input_data!D75="","",input_data!D75) -> 112100 | BD7: =IF(input_data!E75="","",input_data!E75) -> 9493 | BE7: =IFERROR(IF(OR(BC7="",BD7=""),"",BD7/BC7),"") -> 0.084683318 | BF7: =IF(input_data!D109="","",input_data!D109) | BG7: =IF(input_data!E109="","",input_data!E109) | BH7: =IFERROR(IF(OR(BF7="",BG7=""),"",BG7/BF7),"") | BI7: =IF(input_data!D142="","",input_data!D142) | BJ7: =IF(input_data!E142="","",input_data!E142) | BK7: =IFERROR(IF(OR(BI7="",BJ7=""),"",BJ7/BI7),"") | BL7: =IF(input_data!D175="","",input_data!D175) | BM7: =IF(input_data!E175="","",input_data!E175) | BN7: =IFERROR(IF(OR(BL7="",BM7=""),"",BM7/BL7),"") | BP7: =AY7 -> 0.3485139 | BQ7: =BB7 -> 0.054749788 | BR7: =BE7 -> 0.084683318 | BS7: =BH7 | BT7: =BK7 | BU7: =BN7 | BV7: ----------
A8: 4 | B8: 0.1 | C8: =IF(input_data!G7="","",input_data!G7) -> 0.02513 | D8: =IF(input_data!D7="","",input_data!D7) -> 89100 | E8: =IF(input_data!G42="","",input_data!G42) -> 0.00205 | F8: =IF(input_data!D42="","",input_data!D42) -> 117700 | G8: =IF(input_data!G76="","",input_data!G76) -> 0.002047 | H8: =IF(input_data!D76="","",input_data!D76) -> 111800 | I8: =IF(input_data!G110="","",input_data!G110) | J8: =IF(input_data!D110="","",input_data!D110) | K8: =IF(input_data!G143="","",input_data!G143) | L8: =IF(input_data!D143="","",input_data!D143) | M8: =IF(input_data!G176="","",input_data!G176) | N8: =IF(input_data!D176="","",input_data!D176) | O8: ---------- | P8: =IF(input_data!G7="","",input_data!G7) -> 0.02513 | Q8: =IF(input_data!E7="","",input_data!E7) -> 36010 | R8: =IF(input_data!G42="","",input_data!G42) -> 0.00205 | S8: =IF(input_data!E42="","",input_data!E42) -> 8688 | T8: =IF(input_data!G76="","",input_data!G76) -> 0.002047 | U8: =IF(input_data!E76="","",input_data!E76) -> 9758 | V8: =IF(input_data!G110="","",input_data!G110) | W8: =IF(input_data!E110="","",input_data!E110) | X8: =IF(input_data!G143="","",input_data!G143) | Y8: =IF(input_data!E143="","",input_data!E143) | Z8: =IF(input_data!G176="","",input_data!G176) | AA8: =IF(input_data!E176="","",input_data!E176) | AC8: =IF(input_data!G7="","",input_data!G7) -> 0.02513 | AD8: =IF(input_data!F7="","",input_data!F7) -> 152900 | AE8: =IF(input_data!G42="","",input_data!G42) -> 0.00205 | AF8: =IF(input_data!F42="","",input_data!F42) -> 187800 | AG8: =IF(input_data!G76="","",input_data!G76) -> 0.002047 | AH8: =IF(input_data!F76="","",input_data!F76) -> 178600 | AI8: =IF(input_data!G110="","",input_data!G110) | AJ8: =IF(input_data!F110="","",input_data!F110) | AK8: =IF(input_data!G143="","",input_data!G143) | AL8: =IF(input_data!F143="","",input_data!F143) | AM8: =IF(input_data!G176="","",input_data!G176) | AN8: =IF(input_data!F176="","",input_data!F176) | AP8: =IF(input_data!C7="","",input_data!C7) -> 2415 | AQ8: =IF(input_data!C42="","",input_data!C42) -> 241.9 | AR8: =IF(input_data!C76="","",input_data!C76) -> 229.7 | AS8: =IF(input_data!C110="","",input_data!C110) | AT8: =IF(input_data!C143="","",input_data!C143) | AU8: =IF(input_data!C176="","",input_data!C176) | AW8: =IF(input_data!D7="","",input_data!D7) -> 89100 | AX8: =IF(input_data!E7="","",input_data!E7) -> 36010 | AY8: =IFERROR(IF(OR(AW8="",AX8=""),"",AX8/AW8),"") -> 0.40415264 | AZ8: =IF(input_data!D42="","",input_data!D42) -> 117700 | BA8: =IF(input_data!E42="","",input_data!E42) -> 8688 | BB8: =IFERROR(IF(OR(AZ8="",BA8=""),"",BA8/AZ8),"") -> 0.073814783 | BC8: =IF(input_data!D76="","",input_data!D76) -> 111800 | BD8: =IF(input_data!E76="","",input_data!E76) -> 9758 | BE8: =IFERROR(IF(OR(BC8="",BD8=""),"",BD8/BC8),"") -> 0.087280859 | BF8: =IF(input_data!D110="","",input_data!D110) | BG8: =IF(input_data!E110="","",input_data!E110) | BH8: =IFERROR(IF(OR(BF8="",BG8=""),"",BG8/BF8),"") | BI8: =IF(input_data!D143="","",input_data!D143) | BJ8: =IF(input_data!E143="","",input_data!E143) | BK8: =IFERROR(IF(OR(BI8="",BJ8=""),"",BJ8/BI8),"") | BL8: =IF(input_data!D176="","",input_data!D176) | BM8: =IF(input_data!E176="","",input_data!E176) | BN8: =IFERROR(IF(OR(BL8="",BM8=""),"",BM8/BL8),"") | BP8: =AY8 -> 0.40415264 | BQ8: =BB8 -> 0.073814783 | BR8: =BE8 -> 0.087280859 | BS8: =BH8 | BT8: =BK8 | BU8: =BN8 | BV8: ----------
A9: 5 | B9: 0.1 | C9: =IF(input_data!G8="","",input_data!G8) -> 0.03473 | D9: =IF(input_data!D8="","",input_data!D8) -> 74140 | E9: =IF(input_data!G43="","",input_data!G43) -> 0.002594 | F9: =IF(input_data!D43="","",input_data!D43) -> 117000 | G9: =IF(input_data!G77="","",input_data!G77) -> 0.00259 | H9: =IF(input_data!D77="","",input_data!D77) -> 110400 | I9: =IF(input_data!G111="","",input_data!G111) | J9: =IF(input_data!D111="","",input_data!D111) | K9: =IF(input_data!G144="","",input_data!G144) | L9: =IF(input_data!D144="","",input_data!D144) | M9: =IF(input_data!G177="","",input_data!G177) | N9: =IF(input_data!D177="","",input_data!D177) | O9: ---------- | P9: =IF(input_data!G8="","",input_data!G8) -> 0.03473 | Q9: =IF(input_data!E8="","",input_data!E8) -> 33790 | R9: =IF(input_data!G43="","",input_data!G43) -> 0.002594 | S9: =IF(input_data!E43="","",input_data!E43) -> 8935 | T9: =IF(input_data!G77="","",input_data!G77) -> 0.00259 | U9: =IF(input_data!E77="","",input_data!E77) -> 9918 | V9: =IF(input_data!G111="","",input_data!G111) | W9: =IF(input_data!E111="","",input_data!E111) | X9: =IF(input_data!G144="","",input_data!G144) | Y9: =IF(input_data!E144="","",input_data!E144) | Z9: =IF(input_data!G177="","",input_data!G177) | AA9: =IF(input_data!E177="","",input_data!E177) | AC9: =IF(input_data!G8="","",input_data!G8) -> 0.03473 | AD9: =IF(input_data!F8="","",input_data!F8) -> 129700 | AE9: =IF(input_data!G43="","",input_data!G43) -> 0.002594 | AF9: =IF(input_data!F43="","",input_data!F43) -> 186800 | AG9: =IF(input_data!G77="","",input_data!G77) -> 0.00259 | AH9: =IF(input_data!F77="","",input_data!F77) -> 176400 | AI9: =IF(input_data!G111="","",input_data!G111) | AJ9: =IF(input_data!F111="","",input_data!F111) | AK9: =IF(input_data!G144="","",input_data!G144) | AL9: =IF(input_data!F144="","",input_data!F144) | AM9: =IF(input_data!G177="","",input_data!G177) | AN9: =IF(input_data!F177="","",input_data!F177) | AP9: =IF(input_data!C8="","",input_data!C8) -> 2829 | AQ9: =IF(input_data!C43="","",input_data!C43) -> 304.4 | AR9: =IF(input_data!C77="","",input_data!C77) -> 287.2 | AS9: =IF(input_data!C111="","",input_data!C111) | AT9: =IF(input_data!C144="","",input_data!C144) | AU9: =IF(input_data!C177="","",input_data!C177) | AW9: =IF(input_data!D8="","",input_data!D8) -> 74140 | AX9: =IF(input_data!E8="","",input_data!E8) -> 33790 | AY9: =IFERROR(IF(OR(AW9="",AX9=""),"",AX9/AW9),"") -> 0.45575937 | AZ9: =IF(input_data!D43="","",input_data!D43) -> 117000 | BA9: =IF(input_data!E43="","",input_data!E43) -> 8935 | BB9: =IFERROR(IF(OR(AZ9="",BA9=""),"",BA9/AZ9),"") -> 0.076367521 | BC9: =IF(input_data!D77="","",input_data!D77) -> 110400 | BD9: =IF(input_data!E77="","",input_data!E77) -> 9918 | BE9: =IFERROR(IF(OR(BC9="",BD9=""),"",BD9/BC9),"") -> 0.089836957 | BF9: =IF(input_data!D111="","",input_data!D111) | BG9: =IF(input_data!E111="","",input_data!E111) | BH9: =IFERROR(IF(OR(BF9="",BG9=""),"",BG9/BF9),"") | BI9: =IF(input_data!D144="","",input_data!D144) | BJ9: =IF(input_data!E144="","",input_data!E144) | BK9: =IFERROR(IF(OR(BI9="",BJ9=""),"",BJ9/BI9),"") | BL9: =IF(input_data!D177="","",input_data!D177) | BM9: =IF(input_data!E177="","",input_data!E177) | BN9: =IFERROR(IF(OR(BL9="",BM9=""),"",BM9/BL9),"") | BP9: =AY9 -> 0.45575937 | BQ9: =BB9 -> 0.076367521 | BR9: =BE9 -> 0.089836957 | BS9: =BH9 | BT9: =BK9 | BU9: =BN9 | BV9: ----------
A10: 6 | B10: 0.1 | C10: =IF(input_data!G9="","",input_data!G9) -> 0.04684 | D10: =IF(input_data!D9="","",input_data!D9) -> 62630 | E10: =IF(input_data!G44="","",input_data!G44) -> 0.003292 | F10: =IF(input_data!D44="","",input_data!D44) -> 115300 | G10: =IF(input_data!G78="","",input_data!G78) -> 0.003288 | H10: =IF(input_data!D78="","",input_data!D78) -> 107200 | I10: =IF(input_data!G112="","",input_data!G112) | J10: =IF(input_data!D112="","",input_data!D112) | K10: =IF(input_data!G145="","",input_data!G145) | L10: =IF(input_data!D145="","",input_data!D145) | M10: =IF(input_data!G178="","",input_data!G178) | N10: =IF(input_data!D178="","",input_data!D178) | O10: ---------- | P10: =IF(input_data!G9="","",input_data!G9) -> 0.04684 | Q10: =IF(input_data!E9="","",input_data!E9) -> 31160 | R10: =IF(input_data!G44="","",input_data!G44) -> 0.003292 | S10: =IF(input_data!E44="","",input_data!E44) -> 9489 | T10: =IF(input_data!G78="","",input_data!G78) -> 0.003288 | U10: =IF(input_data!E78="","",input_data!E78) -> 10010 | V10: =IF(input_data!G112="","",input_data!G112) | W10: =IF(input_data!E112="","",input_data!E112) | X10: =IF(input_data!G145="","",input_data!G145) | Y10: =IF(input_data!E145="","",input_data!E145) | Z10: =IF(input_data!G178="","",input_data!G178) | AA10: =IF(input_data!E178="","",input_data!E178) | AC10: =IF(input_data!G9="","",input_data!G9) -> 0.04684 | AD10: =IF(input_data!F9="","",input_data!F9) -> 111300 | AE10: =IF(input_data!G44="","",input_data!G44) -> 0.003292 | AF10: =IF(input_data!F44="","",input_data!F44) -> 184100 | AG10: =IF(input_data!G78="","",input_data!G78) -> 0.003288 | AH10: =IF(input_data!F78="","",input_data!F78) -> 171300 | AI10: =IF(input_data!G112="","",input_data!G112) | AJ10: =IF(input_data!F112="","",input_data!F112) | AK10: =IF(input_data!G145="","",input_data!G145) | AL10: =IF(input_data!F145="","",input_data!F145) | AM10: =IF(input_data!G178="","",input_data!G178) | AN10: =IF(input_data!F178="","",input_data!F178) | AP10: =IF(input_data!C9="","",input_data!C9) -> 3277 | AQ10: =IF(input_data!C44="","",input_data!C44) -> 380.7 | AR10: =IF(input_data!C78="","",input_data!C78) -> 353.9 | AS10: =IF(input_data!C112="","",input_data!C112) | AT10: =IF(input_data!C145="","",input_data!C145) | AU10: =IF(input_data!C178="","",input_data!C178) | AW10: =IF(input_data!D9="","",input_data!D9) -> 62630 | AX10: =IF(input_data!E9="","",input_data!E9) -> 31160 | AY10: =IFERROR(IF(OR(AW10="",AX10=""),"",AX10/AW10),"") -> 0.49752515 | AZ10: =IF(input_data!D44="","",input_data!D44) -> 115300 | BA10: =IF(input_data!E44="","",input_data!E44) -> 9489 | BB10: =IFERROR(IF(OR(AZ10="",BA10=""),"",BA10/AZ10),"") -> 0.082298352 | BC10: =IF(input_data!D78="","",input_data!D78) -> 107200 | BD10: =IF(input_data!E78="","",input_data!E78) -> 10010 | BE10: =IFERROR(IF(OR(BC10="",BD10=""),"",BD10/BC10),"") -> 0.093376866 | BF10: =IF(input_data!D112="","",input_data!D112) | BG10: =IF(input_data!E112="","",input_data!E112) | BH10: =IFERROR(IF(OR(BF10="",BG10=""),"",BG10/BF10),"") | BI10: =IF(input_data!D145="","",input_data!D145) | BJ10: =IF(input_data!E145="","",input_data!E145) | BK10: =IFERROR(IF(OR(BI10="",BJ10=""),"",BJ10/BI10),"") | BL10: =IF(input_data!D178="","",input_data!D178) | BM10: =IF(input_data!E178="","",input_data!E178) | BN10: =IFERROR(IF(OR(BL10="",BM10=""),"",BM10/BL10),"") | BP10: =AY10 -> 0.49752515 | BQ10: =BB10 -> 0.082298352 | BR10: =BE10 -> 0.093376866 | BS10: =BH10 | BT10: =BK10 | BU10: =BN10 | BV10: ----------
A11: 7 | B11: 0.1 | C11: =IF(input_data!G10="","",input_data!G10) -> 0.06387 | D11: =IF(input_data!D10="","",input_data!D10) -> 52660 | E11: =IF(input_data!G45="","",input_data!G45) -> 0.004171 | F11: =IF(input_data!D45="","",input_data!D45) -> 113600 | G11: =IF(input_data!G79="","",input_data!G79) -> 0.004165 | H11: =IF(input_data!D79="","",input_data!D79) -> 102700 | I11: =IF(input_data!G113="","",input_data!G113) | J11: =IF(input_data!D113="","",input_data!D113) | K11: =IF(input_data!G146="","",input_data!G146) | L11: =IF(input_data!D146="","",input_data!D146) | M11: =IF(input_data!G179="","",input_data!G179) | N11: =IF(input_data!D179="","",input_data!D179) | O11: ---------- | P11: =IF(input_data!G10="","",input_data!G10) -> 0.06387 | Q11: =IF(input_data!E10="","",input_data!E10) -> 28390 | R11: =IF(input_data!G45="","",input_data!G45) -> 0.004171 | S11: =IF(input_data!E45="","",input_data!E45) -> 10090 | T11: =IF(input_data!G79="","",input_data!G79) -> 0.004165 | U11: =IF(input_data!E79="","",input_data!E79) -> 10090 | V11: =IF(input_data!G113="","",input_data!G113) | W11: =IF(input_data!E113="","",input_data!E113) | X11: =IF(input_data!G146="","",input_data!G146) | Y11: =IF(input_data!E146="","",input_data!E146) | Z11: =IF(input_data!G179="","",input_data!G179) | AA11: =IF(input_data!E179="","",input_data!E179) | AC11: =IF(input_data!G10="","",input_data!G10) -> 0.06387 | AD11: =IF(input_data!F10="","",input_data!F10) -> 95210 | AE11: =IF(input_data!G45="","",input_data!G45) -> 0.004171 | AF11: =IF(input_data!F45="","",input_data!F45) -> 181500 | AG11: =IF(input_data!G79="","",input_data!G79) -> 0.004165 | AH11: =IF(input_data!F79="","",input_data!F79) -> 164300 | AI11: =IF(input_data!G113="","",input_data!G113) | AJ11: =IF(input_data!F113="","",input_data!F113) | AK11: =IF(input_data!G146="","",input_data!G146) | AL11: =IF(input_data!F146="","",input_data!F146) | AM11: =IF(input_data!G179="","",input_data!G179) | AN11: =IF(input_data!F179="","",input_data!F179) | AP11: =IF(input_data!C10="","",input_data!C10) -> 3821 | AQ11: =IF(input_data!C45="","",input_data!C45) -> 475.8 | AR11: =IF(input_data!C79="","",input_data!C79) -> 430 | AS11: =IF(input_data!C113="","",input_data!C113) | AT11: =IF(input_data!C146="","",input_data!C146) | AU11: =IF(input_data!C179="","",input_data!C179) | AW11: =IF(input_data!D10="","",input_data!D10) -> 52660 | AX11: =IF(input_data!E10="","",input_data!E10) -> 28390 | AY11: =IFERROR(IF(OR(AW11="",AX11=""),"",AX11/AW11),"") -> 0.53911888 | AZ11: =IF(input_data!D45="","",input_data!D45) -> 113600 | BA11: =IF(input_data!E45="","",input_data!E45) -> 10090 | BB11: =IFERROR(IF(OR(AZ11="",BA11=""),"",BA11/AZ11),"") -> 0.088820423 | BC11: =IF(input_data!D79="","",input_data!D79) -> 102700 | BD11: =IF(input_data!E79="","",input_data!E79) -> 10090 | BE11: =IFERROR(IF(OR(BC11="",BD11=""),"",BD11/BC11),"") -> 0.098247322 | BF11: =IF(input_data!D113="","",input_data!D113) | BG11: =IF(input_data!E113="","",input_data!E113) | BH11: =IFERROR(IF(OR(BF11="",BG11=""),"",BG11/BF11),"") | BI11: =IF(input_data!D146="","",input_data!D146) | BJ11: =IF(input_data!E146="","",input_data!E146) | BK11: =IFERROR(IF(OR(BI11="",BJ11=""),"",BJ11/BI11),"") | BL11: =IF(input_data!D179="","",input_data!D179) | BM11: =IF(input_data!E179="","",input_data!E179) | BN11: =IFERROR(IF(OR(BL11="",BM11=""),"",BM11/BL11),"") | BP11: =AY11 -> 0.53911888 | BQ11: =BB11 -> 0.088820423 | BR11: =BE11 -> 0.098247322 | BS11: =BH11 | BT11: =BK11 | BU11: =BN11 | BV11: ----------
A12: 8 | B12: 0.1 | C12: =IF(input_data!G11="","",input_data!G11) -> 0.08735 | D12: =IF(input_data!D11="","",input_data!D11) -> 44100 | E12: =IF(input_data!G46="","",input_data!G46) -> 0.005298 | F12: =IF(input_data!D46="","",input_data!D46) -> 110000 | G12: =IF(input_data!G80="","",input_data!G80) -> 0.005299 | H12: =IF(input_data!D80="","",input_data!D80) -> 97970 | I12: =IF(input_data!G114="","",input_data!G114) | J12: =IF(input_data!D114="","",input_data!D114) | K12: =IF(input_data!G147="","",input_data!G147) | L12: =IF(input_data!D147="","",input_data!D147) | M12: =IF(input_data!G180="","",input_data!G180) | N12: =IF(input_data!D180="","",input_data!D180) | O12: ---------- | P12: =IF(input_data!G11="","",input_data!G11) -> 0.08735 | Q12: =IF(input_data!E11="","",input_data!E11) -> 26200 | R12: =IF(input_data!G46="","",input_data!G46) -> 0.005298 | S12: =IF(input_data!E46="","",input_data!E46) -> 11070 | T12: =IF(input_data!G80="","",input_data!G80) -> 0.005299 | U12: =IF(input_data!E80="","",input_data!E80) -> 10590 | V12: =IF(input_data!G114="","",input_data!G114) | W12: =IF(input_data!E114="","",input_data!E114) | X12: =IF(input_data!G147="","",input_data!G147) | Y12: =IF(input_data!E147="","",input_data!E147) | Z12: =IF(input_data!G180="","",input_data!G180) | AA12: =IF(input_data!E180="","",input_data!E180) | AC12: =IF(input_data!G11="","",input_data!G11) -> 0.08735 | AD12: =IF(input_data!F11="","",input_data!F11) -> 81650 | AE12: =IF(input_data!G46="","",input_data!G46) -> 0.005298 | AF12: =IF(input_data!F46="","",input_data!F46) -> 176000 | AG12: =IF(input_data!G80="","",input_data!G80) -> 0.005299 | AH12: =IF(input_data!F80="","",input_data!F80) -> 156800 | AI12: =IF(input_data!G114="","",input_data!G114) | AJ12: =IF(input_data!F114="","",input_data!F114) | AK12: =IF(input_data!G147="","",input_data!G147) | AL12: =IF(input_data!F147="","",input_data!F147) | AM12: =IF(input_data!G180="","",input_data!G180) | AN12: =IF(input_data!F180="","",input_data!F180) | AP12: =IF(input_data!C11="","",input_data!C11) -> 4481 | AQ12: =IF(input_data!C46="","",input_data!C46) -> 585.9 | AR12: =IF(input_data!C80="","",input_data!C80) -> 522.2 | AS12: =IF(input_data!C114="","",input_data!C114) | AT12: =IF(input_data!C147="","",input_data!C147) | AU12: =IF(input_data!C180="","",input_data!C180) | AW12: =IF(input_data!D11="","",input_data!D11) -> 44100 | AX12: =IF(input_data!E11="","",input_data!E11) -> 26200 | AY12: =IFERROR(IF(OR(AW12="",AX12=""),"",AX12/AW12),"") -> 0.59410431 | AZ12: =IF(input_data!D46="","",input_data!D46) -> 110000 | BA12: =IF(input_data!E46="","",input_data!E46) -> 11070 | BB12: =IFERROR(IF(OR(AZ12="",BA12=""),"",BA12/AZ12),"") -> 0.10063636 | BC12: =IF(input_data!D80="","",input_data!D80) -> 97970 | BD12: =IF(input_data!E80="","",input_data!E80) -> 10590 | BE12: =IFERROR(IF(OR(BC12="",BD12=""),"",BD12/BC12),"") -> 0.10809431 | BF12: =IF(input_data!D114="","",input_data!D114) | BG12: =IF(input_data!E114="","",input_data!E114) | BH12: =IFERROR(IF(OR(BF12="",BG12=""),"",BG12/BF12),"") | BI12: =IF(input_data!D147="","",input_data!D147) | BJ12: =IF(input_data!E147="","",input_data!E147) | BK12: =IFERROR(IF(OR(BI12="",BJ12=""),"",BJ12/BI12),"") | BL12: =IF(input_data!D180="","",input_data!D180) | BM12: =IF(input_data!E180="","",input_data!E180) | BN12: =IFERROR(IF(OR(BL12="",BM12=""),"",BM12/BL12),"") | BP12: =AY12 -> 0.59410431 | BQ12: =BB12 -> 0.10063636 | BR12: =BE12 -> 0.10809431 | BS12: =BH12 | BT12: =BK12 | BU12: =BN12 | BV12: ----------
A13: 9 | B13: 0.1 | C13: =IF(input_data!G12="","",input_data!G12) -> 0.1187 | D13: =IF(input_data!D12="","",input_data!D12) -> 36650 | E13: =IF(input_data!G47="","",input_data!G47) -> 0.00673 | F13: =IF(input_data!D47="","",input_data!D47) -> 105900 | G13: =IF(input_data!G81="","",input_data!G81) -> 0.006718 | H13: =IF(input_data!D81="","",input_data!D81) -> 92540 | I13: =IF(input_data!G115="","",input_data!G115) | J13: =IF(input_data!D115="","",input_data!D115) | K13: =IF(input_data!G148="","",input_data!G148) | L13: =IF(input_data!D148="","",input_data!D148) | M13: =IF(input_data!G181="","",input_data!G181) | N13: =IF(input_data!D181="","",input_data!D181) | O13: ---------- | P13: =IF(input_data!G12="","",input_data!G12) -> 0.1187 | Q13: =IF(input_data!E12="","",input_data!E12) -> 24630 | R13: =IF(input_data!G47="","",input_data!G47) -> 0.00673 | S13: =IF(input_data!E47="","",input_data!E47) -> 12060 | T13: =IF(input_data!G81="","",input_data!G81) -> 0.006718 | U13: =IF(input_data!E81="","",input_data!E81) -> 12050 | V13: =IF(input_data!G115="","",input_data!G115) | W13: =IF(input_data!E115="","",input_data!E115) | X13: =IF(input_data!G148="","",input_data!G148) | Y13: =IF(input_data!E148="","",input_data!E148) | Z13: =IF(input_data!G181="","",input_data!G181) | AA13: =IF(input_data!E181="","",input_data!E181) | AC13: =IF(input_data!G12="","",input_data!G12) -> 0.1187 | AD13: =IF(input_data!F12="","",input_data!F12) -> 70290 | AE13: =IF(input_data!G47="","",input_data!G47) -> 0.00673 | AF13: =IF(input_data!F47="","",input_data!F47) -> 169700 | AG13: =IF(input_data!G81="","",input_data!G81) -> 0.006718 | AH13: =IF(input_data!F81="","",input_data!F81) -> 148500 | AI13: =IF(input_data!G115="","",input_data!G115) | AJ13: =IF(input_data!F115="","",input_data!F115) | AK13: =IF(input_data!G148="","",input_data!G148) | AL13: =IF(input_data!F148="","",input_data!F148) | AM13: =IF(input_data!G181="","",input_data!G181) | AN13: =IF(input_data!F181="","",input_data!F181) | AP13: =IF(input_data!C12="","",input_data!C12) -> 5241 | AQ13: =IF(input_data!C47="","",input_data!C47) -> 717.6 | AR13: =IF(input_data!C81="","",input_data!C81) -> 626.9 | AS13: =IF(input_data!C115="","",input_data!C115) | AT13: =IF(input_data!C148="","",input_data!C148) | AU13: =IF(input_data!C181="","",input_data!C181) | AW13: =IF(input_data!D12="","",input_data!D12) -> 36650 | AX13: =IF(input_data!E12="","",input_data!E12) -> 24630 | AY13: =IFERROR(IF(OR(AW13="",AX13=""),"",AX13/AW13),"") -> 0.67203274 | AZ13: =IF(input_data!D47="","",input_data!D47) -> 105900 | BA13: =IF(input_data!E47="","",input_data!E47) -> 12060 | BB13: =IFERROR(IF(OR(AZ13="",BA13=""),"",BA13/AZ13),"") -> 0.11388102 | BC13: =IF(input_data!D81="","",input_data!D81) -> 92540 | BD13: =IF(input_data!E81="","",input_data!E81) -> 12050 | BE13: =IFERROR(IF(OR(BC13="",BD13=""),"",BD13/BC13),"") -> 0.13021396 | BF13: =IF(input_data!D115="","",input_data!D115) | BG13: =IF(input_data!E115="","",input_data!E115) | BH13: =IFERROR(IF(OR(BF13="",BG13=""),"",BG13/BF13),"") | BI13: =IF(input_data!D148="","",input_data!D148) | BJ13: =IF(input_data!E148="","",input_data!E148) | BK13: =IFERROR(IF(OR(BI13="",BJ13=""),"",BJ13/BI13),"") | BL13: =IF(input_data!D181="","",input_data!D181) | BM13: =IF(input_data!E181="","",input_data!E181) | BN13: =IFERROR(IF(OR(BL13="",BM13=""),"",BM13/BL13),"") | BP13: =AY13 -> 0.67203274 | BQ13: =BB13 -> 0.11388102 | BR13: =BE13 -> 0.13021396 | BS13: =BH13 | BT13: =BK13 | BU13: =BN13 | BV13: ----------
A14: 10 | B14: 0.1 | C14: =IF(input_data!G13="","",input_data!G13) -> 0.1443 | D14: =IF(input_data!D13="","",input_data!D13) -> 31680 | E14: =IF(input_data!G48="","",input_data!G48) -> 0.008518 | F14: =IF(input_data!D48="","",input_data!D48) -> 101900 | G14: =IF(input_data!G82="","",input_data!G82) -> 0.008524 | H14: =IF(input_data!D82="","",input_data!D82) -> 86830 | I14: =IF(input_data!G116="","",input_data!G116) | J14: =IF(input_data!D116="","",input_data!D116) | K14: =IF(input_data!G149="","",input_data!G149) | L14: =IF(input_data!D149="","",input_data!D149) | M14: =IF(input_data!G182="","",input_data!G182) | N14: =IF(input_data!D182="","",input_data!D182) | O14: ---------- | P14: =IF(input_data!G13="","",input_data!G13) -> 0.1443 | Q14: =IF(input_data!E13="","",input_data!E13) -> 24140 | R14: =IF(input_data!G48="","",input_data!G48) -> 0.008518 | S14: =IF(input_data!E48="","",input_data!E48) -> 13020 | T14: =IF(input_data!G82="","",input_data!G82) -> 0.008524 | U14: =IF(input_data!E82="","",input_data!E82) -> 14160 | V14: =IF(input_data!G116="","",input_data!G116) | W14: =IF(input_data!E116="","",input_data!E116) | X14: =IF(input_data!G149="","",input_data!G149) | Y14: =IF(input_data!E149="","",input_data!E149) | Z14: =IF(input_data!G182="","",input_data!G182) | AA14: =IF(input_data!E182="","",input_data!E182) | AC14: =IF(input_data!G13="","",input_data!G13) -> 0.1443 | AD14: =IF(input_data!F13="","",input_data!F13) -> 63390 | AE14: =IF(input_data!G48="","",input_data!G48) -> 0.008518 | AF14: =IF(input_data!F48="","",input_data!F48) -> 163500 | AG14: =IF(input_data!G82="","",input_data!G82) -> 0.008524 | AH14: =IF(input_data!F82="","",input_data!F82) -> 140000 | AI14: =IF(input_data!G116="","",input_data!G116) | AJ14: =IF(input_data!F116="","",input_data!F116) | AK14: =IF(input_data!G149="","",input_data!G149) | AL14: =IF(input_data!F149="","",input_data!F149) | AM14: =IF(input_data!G182="","",input_data!G182) | AN14: =IF(input_data!F182="","",input_data!F182) | AP14: =IF(input_data!C13="","",input_data!C13) -> 5746 | AQ14: =IF(input_data!C48="","",input_data!C48) -> 875.1 | AR14: =IF(input_data!C82="","",input_data!C82) -> 749.9 | AS14: =IF(input_data!C116="","",input_data!C116) | AT14: =IF(input_data!C149="","",input_data!C149) | AU14: =IF(input_data!C182="","",input_data!C182) | AW14: =IF(input_data!D13="","",input_data!D13) -> 31680 | AX14: =IF(input_data!E13="","",input_data!E13) -> 24140 | AY14: =IFERROR(IF(OR(AW14="",AX14=""),"",AX14/AW14),"") -> 0.76199495 | AZ14: =IF(input_data!D48="","",input_data!D48) -> 101900 | BA14: =IF(input_data!E48="","",input_data!E48) -> 13020 | BB14: =IFERROR(IF(OR(AZ14="",BA14=""),"",BA14/AZ14),"") -> 0.12777233 | BC14: =IF(input_data!D82="","",input_data!D82) -> 86830 | BD14: =IF(input_data!E82="","",input_data!E82) -> 14160 | BE14: =IFERROR(IF(OR(BC14="",BD14=""),"",BD14/BC14),"") -> 0.16307728 | BF14: =IF(input_data!D116="","",input_data!D116) | BG14: =IF(input_data!E116="","",input_data!E116) | BH14: =IFERROR(IF(OR(BF14="",BG14=""),"",BG14/BF14),"") | BI14: =IF(input_data!D149="","",input_data!D149) | BJ14: =IF(input_data!E149="","",input_data!E149) | BK14: =IFERROR(IF(OR(BI14="",BJ14=""),"",BJ14/BI14),"") | BL14: =IF(input_data!D182="","",input_data!D182) | BM14: =IF(input_data!E182="","",input_data!E182) | BN14: =IFERROR(IF(OR(BL14="",BM14=""),"",BM14/BL14),"") | BP14: =AY14 -> 0.76199495 | BQ14: =BB14 -> 0.12777233 | BR14: =BE14 -> 0.16307728 | BS14: =BH14 | BT14: =BK14 | BU14: =BN14 | BV14: ----------
A15: 11 | B15: 0.1 | C15: =IF(input_data!G14="","",input_data!G14) -> 1.37 | D15: =IF(input_data!D14="","",input_data!D14) -> 4258 | E15: =IF(input_data!G49="","",input_data!G49) -> 0.01083 | F15: =IF(input_data!D49="","",input_data!D49) -> 97130 | G15: =IF(input_data!G83="","",input_data!G83) -> 0.01083 | H15: =IF(input_data!D83="","",input_data!D83) -> 81020 | I15: =IF(input_data!G117="","",input_data!G117) | J15: =IF(input_data!D117="","",input_data!D117) | K15: =IF(input_data!G150="","",input_data!G150) | L15: =IF(input_data!D150="","",input_data!D150) | M15: =IF(input_data!G183="","",input_data!G183) | N15: =IF(input_data!D183="","",input_data!D183) | O15: ---------- | P15: =IF(input_data!G14="","",input_data!G14) -> 1.37 | Q15: =IF(input_data!E14="","",input_data!E14) -> 4763 | R15: =IF(input_data!G49="","",input_data!G49) -> 0.01083 | S15: =IF(input_data!E49="","",input_data!E49) -> 14650 | T15: =IF(input_data!G83="","",input_data!G83) -> 0.01083 | U15: =IF(input_data!E83="","",input_data!E83) -> 15410 | V15: =IF(input_data!G117="","",input_data!G117) | W15: =IF(input_data!E117="","",input_data!E117) | X15: =IF(input_data!G150="","",input_data!G150) | Y15: =IF(input_data!E150="","",input_data!E150) | Z15: =IF(input_data!G183="","",input_data!G183) | AA15: =IF(input_data!E183="","",input_data!E183) | AC15: =IF(input_data!G14="","",input_data!G14) -> 1.37 | AD15: =IF(input_data!F14="","",input_data!F14) -> 10170 | AE15: =IF(input_data!G49="","",input_data!G49) -> 0.01083 | AF15: =IF(input_data!F49="","",input_data!F49) -> 156300 | AG15: =IF(input_data!G83="","",input_data!G83) -> 0.01083 | AH15: =IF(input_data!F83="","",input_data!F83) -> 131300 | AI15: =IF(input_data!G117="","",input_data!G117) | AJ15: =IF(input_data!F117="","",input_data!F117) | AK15: =IF(input_data!G150="","",input_data!G150) | AL15: =IF(input_data!F150="","",input_data!F150) | AM15: =IF(input_data!G183="","",input_data!G183) | AN15: =IF(input_data!F183="","",input_data!F183) | AP15: =IF(input_data!C14="","",input_data!C14) -> 8755 | AQ15: =IF(input_data!C49="","",input_data!C49) -> 1064 | AR15: =IF(input_data!C83="","",input_data!C83) -> 892.8 | AS15: =IF(input_data!C117="","",input_data!C117) | AT15: =IF(input_data!C150="","",input_data!C150) | AU15: =IF(input_data!C183="","",input_data!C183) | AW15: =IF(input_data!D14="","",input_data!D14) -> 4258 | AX15: =IF(input_data!E14="","",input_data!E14) -> 4763 | AY15: =IFERROR(IF(OR(AW15="",AX15=""),"",AX15/AW15),"") -> 1.1186003 | AZ15: =IF(input_data!D49="","",input_data!D49) -> 97130 | BA15: =IF(input_data!E49="","",input_data!E49) -> 14650 | BB15: =IFERROR(IF(OR(AZ15="",BA15=""),"",BA15/AZ15),"") -> 0.15082879 | BC15: =IF(input_data!D83="","",input_data!D83) -> 81020 | BD15: =IF(input_data!E83="","",input_data!E83) -> 15410 | BE15: =IFERROR(IF(OR(BC15="",BD15=""),"",BD15/BC15),"") -> 0.19019995 | BF15: =IF(input_data!D117="","",input_data!D117) | BG15: =IF(input_data!E117="","",input_data!E117) | BH15: =IFERROR(IF(OR(BF15="",BG15=""),"",BG15/BF15),"") | BI15: =IF(input_data!D150="","",input_data!D150) | BJ15: =IF(input_data!E150="","",input_data!E150) | BK15: =IFERROR(IF(OR(BI15="",BJ15=""),"",BJ15/BI15),"") | BL15: =IF(input_data!D183="","",input_data!D183) | BM15: =IF(input_data!E183="","",input_data!E183) | BN15: =IFERROR(IF(OR(BL15="",BM15=""),"",BM15/BL15),"") | BP15: =AY15 -> 1.1186003 | BQ15: =BB15 -> 0.15082879 | BR15: =BE15 -> 0.19019995 | BS15: =BH15 | BT15: =BK15 | BU15: =BN15 | BV15: ----------
A16: 12 | B16: 0.1 | C16: =IF(input_data!G15="","",input_data!G15) -> 3.64 | D16: =IF(input_data!D15="","",input_data!D15) -> 703.2 | E16: =IF(input_data!G50="","",input_data!G50) -> 0.01377 | F16: =IF(input_data!D50="","",input_data!D50) -> 90250 | G16: =IF(input_data!G84="","",input_data!G84) -> 0.01374 | H16: =IF(input_data!D84="","",input_data!D84) -> 75220 | I16: =IF(input_data!G118="","",input_data!G118) | J16: =IF(input_data!D118="","",input_data!D118) | K16: =IF(input_data!G151="","",input_data!G151) | L16: =IF(input_data!D151="","",input_data!D151) | M16: =IF(input_data!G184="","",input_data!G184) | N16: =IF(input_data!D184="","",input_data!D184) | O16: ---------- | P16: =IF(input_data!G15="","",input_data!G15) -> 3.64 | Q16: =IF(input_data!E15="","",input_data!E15) -> 4845 | R16: =IF(input_data!G50="","",input_data!G50) -> 0.01377 | S16: =IF(input_data!E50="","",input_data!E50) -> 16890 | T16: =IF(input_data!G84="","",input_data!G84) -> 0.01374 | U16: =IF(input_data!E84="","",input_data!E84) -> 16310 | V16: =IF(input_data!G118="","",input_data!G118) | W16: =IF(input_data!E118="","",input_data!E118) | X16: =IF(input_data!G151="","",input_data!G151) | Y16: =IF(input_data!E151="","",input_data!E151) | Z16: =IF(input_data!G184="","",input_data!G184) | AA16: =IF(input_data!E184="","",input_data!E184) | AC16: =IF(input_data!G15="","",input_data!G15) -> 3.64 | AD16: =IF(input_data!F15="","",input_data!F15) -> 7792 | AE16: =IF(input_data!G50="","",input_data!G50) -> 0.01377 | AF16: =IF(input_data!F50="","",input_data!F50) -> 146100 | AG16: =IF(input_data!G84="","",input_data!G84) -> 0.01374 | AH16: =IF(input_data!F84="","",input_data!F84) -> 122500 | AI16: =IF(input_data!G118="","",input_data!G118) | AJ16: =IF(input_data!F118="","",input_data!F118) | AK16: =IF(input_data!G151="","",input_data!G151) | AL16: =IF(input_data!F151="","",input_data!F151) | AM16: =IF(input_data!G184="","",input_data!G184) | AN16: =IF(input_data!F184="","",input_data!F184) | AP16: =IF(input_data!C15="","",input_data!C15) -> 17820 | AQ16: =IF(input_data!C50="","",input_data!C50) -> 1264 | AR16: =IF(input_data!C84="","",input_data!C84) -> 1057 | AS16: =IF(input_data!C118="","",input_data!C118) | AT16: =IF(input_data!C151="","",input_data!C151) | AU16: =IF(input_data!C184="","",input_data!C184) | AW16: =IF(input_data!D15="","",input_data!D15) -> 703.2 | AX16: =IF(input_data!E15="","",input_data!E15) -> 4845 | AY16: =IFERROR(IF(OR(AW16="",AX16=""),"",AX16/AW16),"") -> 6.8899317 | AZ16: =IF(input_data!D50="","",input_data!D50) -> 90250 | BA16: =IF(input_data!E50="","",input_data!E50) -> 16890 | BB16: =IFERROR(IF(OR(AZ16="",BA16=""),"",BA16/AZ16),"") -> 0.18714681 | BC16: =IF(input_data!D84="","",input_data!D84) -> 75220 | BD16: =IF(input_data!E84="","",input_data!E84) -> 16310 | BE16: =IFERROR(IF(OR(BC16="",BD16=""),"",BD16/BC16),"") -> 0.21683063 | BF16: =IF(input_data!D118="","",input_data!D118) | BG16: =IF(input_data!E118="","",input_data!E118) | BH16: =IFERROR(IF(OR(BF16="",BG16=""),"",BG16/BF16),"") | BI16: =IF(input_data!D151="","",input_data!D151) | BJ16: =IF(input_data!E151="","",input_data!E151) | BK16: =IFERROR(IF(OR(BI16="",BJ16=""),"",BJ16/BI16),"") | BL16: =IF(input_data!D184="","",input_data!D184) | BM16: =IF(input_data!E184="","",input_data!E184) | BN16: =IFERROR(IF(OR(BL16="",BM16=""),"",BM16/BL16),"") | BP16: =AY16 -> 6.8899317 | BQ16: =BB16 -> 0.18714681 | BR16: =BE16 -> 0.21683063 | BS16: =BH16 | BT16: =BK16 | BU16: =BN16 | BV16: ----------
... A24: 20 | B24: 0.1 | C24: =IF(input_data!G23="","",input_data!G23) -> 2.961 | D24: =IF(input_data!D23="","",input_data!D23) -> 689.4 | E24: =IF(input_data!G58="","",input_data!G58) -> 0.08864 | F24: =IF(input_data!D58="","",input_data!D58) -> 34290 | G24: =IF(input_data!G92="","",input_data!G92) -> 0.09257 | H24: =IF(input_data!D92="","",input_data!D92) -> 29850 | I24: =IF(input_data!G126="","",input_data!G126) | J24: =IF(input_data!D126="","",input_data!D126) | K24: =IF(input_data!G159="","",input_data!G159) | L24: =IF(input_data!D159="","",input_data!D159) | M24: =IF(input_data!G192="","",input_data!G192) | N24: =IF(input_data!D192="","",input_data!D192) | O24: ---------- | P24: =IF(input_data!G23="","",input_data!G23) -> 2.961 | Q24: =IF(input_data!E23="","",input_data!E23) -> 5978 | R24: =IF(input_data!G58="","",input_data!G58) -> 0.08864 | S24: =IF(input_data!E58="","",input_data!E58) -> 21630 | T24: =IF(input_data!G92="","",input_data!G92) -> 0.09257 | U24: =IF(input_data!E92="","",input_data!E92) -> 7190 | V24: =IF(input_data!G126="","",input_data!G126) | W24: =IF(input_data!E126="","",input_data!E126) | X24: =IF(input_data!G159="","",input_data!G159) | Y24: =IF(input_data!E159="","",input_data!E159) | Z24: =IF(input_data!G192="","",input_data!G192) | AA24: =IF(input_data!E192="","",input_data!E192) | AC24: =IF(input_data!G23="","",input_data!G23) -> 2.961 | AD24: =IF(input_data!F23="","",input_data!F23) -> 9578 | AE24: =IF(input_data!G58="","",input_data!G58) -> 0.08864 | AF24: =IF(input_data!F58="","",input_data!F58) -> 64520 | AG24: =IF(input_data!G92="","",input_data!G92) -> 0.09257 | AH24: =IF(input_data!F92="","",input_data!F92) -> 48860 | AI24: =IF(input_data!G126="","",input_data!G126) | AJ24: =IF(input_data!F126="","",input_data!F126) | AK24: =IF(input_data!G159="","",input_data!G159) | AL24: =IF(input_data!F159="","",input_data!F159) | AM24: =IF(input_data!G192="","",input_data!G192) | AN24: =IF(input_data!F192="","",input_data!F192) | AP24: =IF(input_data!C23="","",input_data!C23) -> 17820 | AQ24: =IF(input_data!C58="","",input_data!C58) -> 3593 | AR24: =IF(input_data!C92="","",input_data!C92) -> 2842 | AS24: =IF(input_data!C126="","",input_data!C126) | AT24: =IF(input_data!C159="","",input_data!C159) | AU24: =IF(input_data!C192="","",input_data!C192) | AW24: =IF(input_data!D23="","",input_data!D23) -> 689.4 | AX24: =IF(input_data!E23="","",input_data!E23) -> 5978 | AY24: =IFERROR(IF(OR(AW24="",AX24=""),"",AX24/AW24),"") -> 8.6713084 | AZ24: =IF(input_data!D58="","",input_data!D58) -> 34290 | BA24: =IF(input_data!E58="","",input_data!E58) -> 21630 | BB24: =IFERROR(IF(OR(AZ24="",BA24=""),"",BA24/AZ24),"") -> 0.63079615 | BC24: =IF(input_data!D92="","",input_data!D92) -> 29850 | BD24: =IF(input_data!E92="","",input_data!E92) -> 7190 | BE24: =IFERROR(IF(OR(BC24="",BD24=""),"",BD24/BC24),"") -> 0.24087102 | BF24: =IF(input_data!D126="","",input_data!D126) | BG24: =IF(input_data!E126="","",input_data!E126) | BH24: =IFERROR(IF(OR(BF24="",BG24=""),"",BG24/BF24),"") | BI24: =IF(input_data!D159="","",input_data!D159) | BJ24: =IF(input_data!E159="","",input_data!E159) | BK24: =IFERROR(IF(OR(BI24="",BJ24=""),"",BJ24/BI24),"") | BL24: =IF(input_data!D192="","",input_data!D192) | BM24: =IF(input_data!E192="","",input_data!E192) | BN24: =IFERROR(IF(OR(BL24="",BM24=""),"",BM24/BL24),"") | BP24: =AY24 -> 8.6713084 | BQ24: =BB24 -> 0.63079615 | BR24: =BE24 -> 0.24087102 | BS24: =BH24 | BT24: =BK24 | BU24: =BN24 | BV24: ----------
O25: ----------
O26: ----------
O27: ----------
O28: ----------
O29: ----------
O30: ----------
O31: ----------
O32: ----------
O33: ----------
O34: ----------
O35: ----------
A36: Частота 0,5 Гц | O36: Частота 0,5 Гц | AB36: Частота 0,5 Гц | AV36: Частота 0,5 Гц | BO36: Частота 0,5 Гц
A37: 1 | B37: 0.5 | C37: =IF(input_data!N4="","",input_data!N4) -> 0.0009749 | D37: =IF(input_data!K4="","",input_data!K4) -> 162700 | E37: =IF(input_data!N39="","",input_data!N39) -> 0.0009939 | F37: =IF(input_data!K39="","",input_data!K39) -> 116800 | G37: =IF(input_data!N73="","",input_data!N73) -> 0.0009976 | H37: =IF(input_data!K73="","",input_data!K73) -> 119800 | I37: =IF(input_data!N107="","",input_data!N107) | J37: =IF(input_data!K107="","",input_data!K107) | K37: =IF(input_data!N140="","",input_data!N140) | L37: =IF(input_data!K140="","",input_data!K140) | M37: =IF(input_data!N173="","",input_data!N173) | N37: =IF(input_data!K173="","",input_data!K173) | O37: ---------- | P37: =IF(input_data!N4="","",input_data!N4) -> 0.0009749 | Q37: =IF(input_data!L4="","",input_data!L4) -> 5534 | R37: =IF(input_data!N39="","",input_data!N39) -> 0.0009939 | S37: =IF(input_data!L39="","",input_data!L39) -> 5757 | T37: =IF(input_data!N73="","",input_data!N73) -> 0.0009976 | U37: =IF(input_data!L73="","",input_data!L73) -> 6447 | V37: =IF(input_data!N107="","",input_data!N107) | W37: =IF(input_data!L107="","",input_data!L107) | X37: =IF(input_data!N140="","",input_data!N140) | Y37: =IF(input_data!L140="","",input_data!L140) | Z37: =IF(input_data!N173="","",input_data!N173) | AA37: =IF(input_data!L173="","",input_data!L173) | AC37: =IF(input_data!N4="","",input_data!N4) -> 0.0009749 | AD37: =IF(input_data!M4="","",input_data!M4) -> 51830 | AE37: =IF(input_data!N39="","",input_data!N39) -> 0.0009939 | AF37: =IF(input_data!M39="","",input_data!M39) -> 37240 | AG37: =IF(input_data!N73="","",input_data!N73) -> 0.0009976 | AH37: =IF(input_data!M73="","",input_data!M73) -> 38190 | AI37: =IF(input_data!N107="","",input_data!N107) | AJ37: =IF(input_data!M107="","",input_data!M107) | AK37: =IF(input_data!N140="","",input_data!N140) | AL37: =IF(input_data!M140="","",input_data!M140) | AM37: =IF(input_data!N173="","",input_data!N173) | AN37: =IF(input_data!M173="","",input_data!M173) | AP37: =IF(input_data!J4="","",input_data!J4) -> 158.7 | AQ37: =IF(input_data!J39="","",input_data!J39) -> 116.3 | AR37: =IF(input_data!J73="","",input_data!J73) -> 119.7 | AS37: =IF(input_data!J107="","",input_data!J107) | AT37: =IF(input_data!J140="","",input_data!J140) | AU37: =IF(input_data!J173="","",input_data!J173) | AW37: =IF(input_data!K4="","",input_data!K4) -> 162700 | AX37: =IF(input_data!L4="","",input_data!L4) -> 5534 | AY37: =IFERROR(IF(OR(AW37="",AX37=""),"",AX37/AW37),"") -> 0.034013522 | AZ37: =IF(input_data!K39="","",input_data!K39) -> 116800 | BA37: =IF(input_data!L39="","",input_data!L39) -> 5757 | BB37: =IFERROR(IF(OR(AZ37="",BA37=""),"",BA37/AZ37),"") -> 0.049289384 | BC37: =IF(input_data!K73="","",input_data!K73) -> 119800 | BD37: =IF(input_data!L73="","",input_data!L73) -> 6447 | BE37: =IFERROR(IF(OR(BC37="",BD37=""),"",BD37/BC37),"") -> 0.053814691 | BF37: =IF(input_data!K107="","",input_data!K107) | BG37: =IF(input_data!L107="","",input_data!L107) | BH37: =IFERROR(IF(OR(BF37="",BG37=""),"",BG37/BF37),"") | BI37: =IF(input_data!K140="","",input_data!K140) | BJ37: =IF(input_data!L140="","",input_data!L140) | BK37: =IFERROR(IF(OR(BI37="",BJ37=""),"",BJ37/BI37),"") | BL37: =IF(input_data!K173="","",input_data!K173) | BM37: =IF(input_data!L173="","",input_data!L173) | BN37: =IFERROR(IF(OR(BL37="",BM37=""),"",BM37/BL37),"") | BP37: =AY37 -> 0.034013522 | BQ37: =BB37 -> 0.049289384 | BR37: =BE37 -> 0.053814691 | BS37: =BH37 | BT37: =BK37 | BU37: =BN37 | BV37: ----------
A38: 2 | B38: 0.5 | C38: =IF(input_data!N5="","",input_data!N5) -> 0.001477 | D38: =IF(input_data!K5="","",input_data!K5) -> 196200 | E38: =IF(input_data!N40="","",input_data!N40) -> 0.00127 | F38: =IF(input_data!K40="","",input_data!K40) -> 116700 | G38: =IF(input_data!N74="","",input_data!N74) -> 0.001265 | H38: =IF(input_data!K74="","",input_data!K74) -> 122600 | I38: =IF(input_data!N108="","",input_data!N108) | J38: =IF(input_data!K108="","",input_data!K108) | K38: =IF(input_data!N141="","",input_data!N141) | L38: =IF(input_data!K141="","",input_data!K141) | M38: =IF(input_data!N174="","",input_data!N174) | N38: =IF(input_data!K174="","",input_data!K174) | O38: ---------- | P38: =IF(input_data!N5="","",input_data!N5) -> 0.001477 | Q38: =IF(input_data!L5="","",input_data!L5) -> 10370 | R38: =IF(input_data!N40="","",input_data!N40) -> 0.00127 | S38: =IF(input_data!L40="","",input_data!L40) -> 5895 | T38: =IF(input_data!N74="","",input_data!N74) -> 0.001265 | U38: =IF(input_data!L74="","",input_data!L74) -> 6700 | V38: =IF(input_data!N108="","",input_data!N108) | W38: =IF(input_data!L108="","",input_data!L108) | X38: =IF(input_data!N141="","",input_data!N141) | Y38: =IF(input_data!L141="","",input_data!L141) | Z38: =IF(input_data!N174="","",input_data!N174) | AA38: =IF(input_data!L174="","",input_data!L174) | AC38: =IF(input_data!N5="","",input_data!N5) -> 0.001477 | AD38: =IF(input_data!M5="","",input_data!M5) -> 62530 | AE38: =IF(input_data!N40="","",input_data!N40) -> 0.00127 | AF38: =IF(input_data!M40="","",input_data!M40) -> 37210 | AG38: =IF(input_data!N74="","",input_data!N74) -> 0.001265 | AH38: =IF(input_data!M74="","",input_data!M74) -> 39090 | AI38: =IF(input_data!N108="","",input_data!N108) | AJ38: =IF(input_data!M108="","",input_data!M108) | AK38: =IF(input_data!N141="","",input_data!N141) | AL38: =IF(input_data!M141="","",input_data!M141) | AM38: =IF(input_data!N174="","",input_data!N174) | AN38: =IF(input_data!M174="","",input_data!M174) | AP38: =IF(input_data!J5="","",input_data!J5) -> 290.2 | AQ38: =IF(input_data!J40="","",input_data!J40) -> 148.4 | AR38: =IF(input_data!J74="","",input_data!J74) -> 155.4 | AS38: =IF(input_data!J108="","",input_data!J108) | AT38: =IF(input_data!J141="","",input_data!J141) | AU38: =IF(input_data!J174="","",input_data!J174) | AW38: =IF(input_data!K5="","",input_data!K5) -> 196200 | AX38: =IF(input_data!L5="","",input_data!L5) -> 10370 | AY38: =IFERROR(IF(OR(AW38="",AX38=""),"",AX38/AW38),"") -> 0.05285423 | AZ38: =IF(input_data!K40="","",input_data!K40) -> 116700 | BA38: =IF(input_data!L40="","",input_data!L40) -> 5895 | BB38: =IFERROR(IF(OR(AZ38="",BA38=""),"",BA38/AZ38),"") -> 0.050514139 | BC38: =IF(input_data!K74="","",input_data!K74) -> 122600 | BD38: =IF(input_data!L74="","",input_data!L74) -> 6700 | BE38: =IFERROR(IF(OR(BC38="",BD38=""),"",BD38/BC38),"") -> 0.054649266 | BF38: =IF(input_data!K108="","",input_data!K108) | BG38: =IF(input_data!L108="","",input_data!L108) | BH38: =IFERROR(IF(OR(BF38="",BG38=""),"",BG38/BF38),"") | BI38: =IF(input_data!K141="","",input_data!K141) | BJ38: =IF(input_data!L141="","",input_data!L141) | BK38: =IFERROR(IF(OR(BI38="",BJ38=""),"",BJ38/BI38),"") | BL38: =IF(input_data!K174="","",input_data!K174) | BM38: =IF(input_data!L174="","",input_data!L174) | BN38: =IFERROR(IF(OR(BL38="",BM38=""),"",BM38/BL38),"") | BP38: =AY38 -> 0.05285423 | BQ38: =BB38 -> 0.050514139 | BR38: =BE38 -> 0.054649266 | BS38: =BH38 | BT38: =BK38 | BU38: =BN38 | BV38: ----------
A39: 3 | B39: 0.5 | C39: =IF(input_data!N6="","",input_data!N6) -> 0.002203 | D39: =IF(input_data!K6="","",input_data!K6) -> 203800 | E39: =IF(input_data!N41="","",input_data!N41) -> 0.001607 | F39: =IF(input_data!K41="","",input_data!K41) -> 115800 | G39: =IF(input_data!N75="","",input_data!N75) -> 0.001608 | H39: =IF(input_data!K75="","",input_data!K75) -> 123300 | I39: =IF(input_data!N109="","",input_data!N109) | J39: =IF(input_data!K109="","",input_data!K109) | K39: =IF(input_data!N142="","",input_data!N142) | L39: =IF(input_data!K142="","",input_data!K142) | M39: =IF(input_data!N175="","",input_data!N175) | N39: =IF(input_data!K175="","",input_data!K175) | O39: ---------- | P39: =IF(input_data!N6="","",input_data!N6) -> 0.002203 | Q39: =IF(input_data!L6="","",input_data!L6) -> 13420 | R39: =IF(input_data!N41="","",input_data!N41) -> 0.001607 | S39: =IF(input_data!L41="","",input_data!L41) -> 5931 | T39: =IF(input_data!N75="","",input_data!N75) -> 0.001608 | U39: =IF(input_data!L75="","",input_data!L75) -> 6980 | V39: =IF(input_data!N109="","",input_data!N109) | W39: =IF(input_data!L109="","",input_data!L109) | X39: =IF(input_data!N142="","",input_data!N142) | Y39: =IF(input_data!L142="","",input_data!L142) | Z39: =IF(input_data!N175="","",input_data!N175) | AA39: =IF(input_data!L175="","",input_data!L175) | AC39: =IF(input_data!N6="","",input_data!N6) -> 0.002203 | AD39: =IF(input_data!M6="","",input_data!M6) -> 65020 | AE39: =IF(input_data!N41="","",input_data!N41) -> 0.001607 | AF39: =IF(input_data!M41="","",input_data!M41) -> 36910 | AG39: =IF(input_data!N75="","",input_data!N75) -> 0.001608 | AH39: =IF(input_data!M75="","",input_data!M75) -> 39310 | AI39: =IF(input_data!N109="","",input_data!N109) | AJ39: =IF(input_data!M109="","",input_data!M109) | AK39: =IF(input_data!N142="","",input_data!N142) | AL39: =IF(input_data!M142="","",input_data!M142) | AM39: =IF(input_data!N175="","",input_data!N175) | AN39: =IF(input_data!M175="","",input_data!M175) | AP39: =IF(input_data!J6="","",input_data!J6) -> 450 | AQ39: =IF(input_data!J41="","",input_data!J41) -> 186.3 | AR39: =IF(input_data!J75="","",input_data!J75) -> 198.6 | AS39: =IF(input_data!J109="","",input_data!J109) | AT39: =IF(input_data!J142="","",input_data!J142) | AU39: =IF(input_data!J175="","",input_data!J175) | AW39: =IF(input_data!K6="","",input_data!K6) -> 203800 | AX39: =IF(input_data!L6="","",input_data!L6) -> 13420 | AY39: =IFERROR(IF(OR(AW39="",AX39=""),"",AX39/AW39),"") -> 0.065848871 | AZ39: =IF(input_data!K41="","",input_data!K41) -> 115800 | BA39: =IF(input_data!L41="","",input_data!L41) -> 5931 | BB39: =IFERROR(IF(OR(AZ39="",BA39=""),"",BA39/AZ39),"") -> 0.051217617 | BC39: =IF(input_data!K75="","",input_data!K75) -> 123300 | BD39: =IF(input_data!L75="","",input_data!L75) -> 6980 | BE39: =IFERROR(IF(OR(BC39="",BD39=""),"",BD39/BC39),"") -> 0.056609895 | BF39: =IF(input_data!K109="","",input_data!K109) | BG39: =IF(input_data!L109="","",input_data!L109) | BH39: =IFERROR(IF(OR(BF39="",BG39=""),"",BG39/BF39),"") | BI39: =IF(input_data!K142="","",input_data!K142) | BJ39: =IF(input_data!L142="","",input_data!L142) | BK39: =IFERROR(IF(OR(BI39="",BJ39=""),"",BJ39/BI39),"") | BL39: =IF(input_data!K175="","",input_data!K175) | BM39: =IF(input_data!L175="","",input_data!L175) | BN39: =IFERROR(IF(OR(BL39="",BM39=""),"",BM39/BL39),"") | BP39: =AY39 -> 0.065848871 | BQ39: =BB39 -> 0.051217617 | BR39: =BE39 -> 0.056609895 | BS39: =BH39 | BT39: =BK39 | BU39: =BN39 | BV39: ----------
A40: 4 | B40: 0.5 | C40: =IF(input_data!N7="","",input_data!N7) -> 0.003281 | D40: =IF(input_data!K7="","",input_data!K7) -> 198100 | E40: =IF(input_data!N42="","",input_data!N42) -> 0.002043 | F40: =IF(input_data!K42="","",input_data!K42) -> 114100 | G40: =IF(input_data!N76="","",input_data!N76) -> 0.002044 | H40: =IF(input_data!K76="","",input_data!K76) -> 121700 | I40: =IF(input_data!N110="","",input_data!N110) | J40: =IF(input_data!K110="","",input_data!K110) | K40: =IF(input_data!N143="","",input_data!N143) | L40: =IF(input_data!K143="","",input_data!K143) | M40: =IF(input_data!N176="","",input_data!N176) | N40: =IF(input_data!K176="","",input_data!K176) | O40: ---------- | P40: =IF(input_data!N7="","",input_data!N7) -> 0.003281 | Q40: =IF(input_data!L7="","",input_data!L7) -> 18040 | R40: =IF(input_data!N42="","",input_data!N42) -> 0.002043 | S40: =IF(input_data!L42="","",input_data!L42) -> 6295 | T40: =IF(input_data!N76="","",input_data!N76) -> 0.002044 | U40: =IF(input_data!L76="","",input_data!L76) -> 7417 | V40: =IF(input_data!N110="","",input_data!N110) | W40: =IF(input_data!L110="","",input_data!L110) | X40: =IF(input_data!N143="","",input_data!N143) | Y40: =IF(input_data!L143="","",input_data!L143) | Z40: =IF(input_data!N176="","",input_data!N176) | AA40: =IF(input_data!L176="","",input_data!L176) | AC40: =IF(input_data!N7="","",input_data!N7) -> 0.003281 | AD40: =IF(input_data!M7="","",input_data!M7) -> 63330 | AE40: =IF(input_data!N42="","",input_data!N42) -> 0.002043 | AF40: =IF(input_data!M42="","",input_data!M42) -> 36370 | AG40: =IF(input_data!N76="","",input_data!N76) -> 0.002044 | AH40: =IF(input_data!M76="","",input_data!M76) -> 38800 | AI40: =IF(input_data!N110="","",input_data!N110) | AJ40: =IF(input_data!M110="","",input_data!M110) | AK40: =IF(input_data!N143="","",input_data!N143) | AL40: =IF(input_data!M143="","",input_data!M143) | AM40: =IF(input_data!N176="","",input_data!N176) | AN40: =IF(input_data!M176="","",input_data!M176) | AP40: =IF(input_data!J7="","",input_data!J7) -> 652.8 | AQ40: =IF(input_data!J42="","",input_data!J42) -> 233.4 | AR40: =IF(input_data!J76="","",input_data!J76) -> 249.2 | AS40: =IF(input_data!J110="","",input_data!J110) | AT40: =IF(input_data!J143="","",input_data!J143) | AU40: =IF(input_data!J176="","",input_data!J176) | AW40: =IF(input_data!K7="","",input_data!K7) -> 198100 | AX40: =IF(input_data!L7="","",input_data!L7) -> 18040 | AY40: =IFERROR(IF(OR(AW40="",AX40=""),"",AX40/AW40),"") -> 0.091065119 | AZ40: =IF(input_data!K42="","",input_data!K42) -> 114100 | BA40: =IF(input_data!L42="","",input_data!L42) -> 6295 | BB40: =IFERROR(IF(OR(AZ40="",BA40=""),"",BA40/AZ40),"") -> 0.055170903 | BC40: =IF(input_data!K76="","",input_data!K76) -> 121700 | BD40: =IF(input_data!L76="","",input_data!L76) -> 7417 | BE40: =IFERROR(IF(OR(BC40="",BD40=""),"",BD40/BC40),"") -> 0.060944947 | BF40: =IF(input_data!K110="","",input_data!K110) | BG40: =IF(input_data!L110="","",input_data!L110) | BH40: =IFERROR(IF(OR(BF40="",BG40=""),"",BG40/BF40),"") | BI40: =IF(input_data!K143="","",input_data!K143) | BJ40: =IF(input_data!L143="","",input_data!L143) | BK40: =IFERROR(IF(OR(BI40="",BJ40=""),"",BJ40/BI40),"") | BL40: =IF(input_data!K176="","",input_data!K176) | BM40: =IF(input_data!L176="","",input_data!L176) | BN40: =IFERROR(IF(OR(BL40="",BM40=""),"",BM40/BL40),"") | BP40: =AY40 -> 0.091065119 | BQ40: =BB40 -> 0.055170903 | BR40: =BE40 -> 0.060944947 | BS40: =BH40 | BT40: =BK40 | BU40: =BN40 | BV40: ----------
A41: 5 | B41: 0.5 | C41: =IF(input_data!N8="","",input_data!N8) -> 0.004868 | D41: =IF(input_data!K8="","",input_data!K8) -> 180000 | E41: =IF(input_data!N43="","",input_data!N43) -> 0.002599 | F41: =IF(input_data!K43="","",input_data!K43) -> 112100 | G41: =IF(input_data!N77="","",input_data!N77) -> 0.002588 | H41: =IF(input_data!K77="","",input_data!K77) -> 119600 | I41: =IF(input_data!N111="","",input_data!N111) | J41: =IF(input_data!K111="","",input_data!K111) | K41: =IF(input_data!N144="","",input_data!N144) | L41: =IF(input_data!K144="","",input_data!K144) | M41: =IF(input_data!N177="","",input_data!N177) | N41: =IF(input_data!K177="","",input_data!K177) | O41: ---------- | P41: =IF(input_data!N8="","",input_data!N8) -> 0.004868 | Q41: =IF(input_data!L8="","",input_data!L8) -> 23700 | R41: =IF(input_data!N43="","",input_data!N43) -> 0.002599 | S41: =IF(input_data!L43="","",input_data!L43) -> 6618 | T41: =IF(input_data!N77="","",input_data!N77) -> 0.002588 | U41: =IF(input_data!L77="","",input_data!L77) -> 7673 | V41: =IF(input_data!N111="","",input_data!N111) | W41: =IF(input_data!L111="","",input_data!L111) | X41: =IF(input_data!N144="","",input_data!N144) | Y41: =IF(input_data!L144="","",input_data!L144) | Z41: =IF(input_data!N177="","",input_data!N177) | AA41: =IF(input_data!L177="","",input_data!L177) | AC41: =IF(input_data!N8="","",input_data!N8) -> 0.004868 | AD41: =IF(input_data!M8="","",input_data!M8) -> 57800 | AE41: =IF(input_data!N43="","",input_data!N43) -> 0.002599 | AF41: =IF(input_data!M43="","",input_data!M43) -> 35740 | AG41: =IF(input_data!N77="","",input_data!N77) -> 0.002588 | AH41: =IF(input_data!M77="","",input_data!M77) -> 38150 | AI41: =IF(input_data!N111="","",input_data!N111) | AJ41: =IF(input_data!M111="","",input_data!M111) | AK41: =IF(input_data!N144="","",input_data!N144) | AL41: =IF(input_data!M144="","",input_data!M144) | AM41: =IF(input_data!N177="","",input_data!N177) | AN41: =IF(input_data!M177="","",input_data!M177) | AP41: =IF(input_data!J8="","",input_data!J8) -> 883.9 | AQ41: =IF(input_data!J43="","",input_data!J43) -> 291.8 | AR41: =IF(input_data!J77="","",input_data!J77) -> 310.2 | AS41: =IF(input_data!J111="","",input_data!J111) | AT41: =IF(input_data!J144="","",input_data!J144) | AU41: =IF(input_data!J177="","",input_data!J177) | AW41: =IF(input_data!K8="","",input_data!K8) -> 180000 | AX41: =IF(input_data!L8="","",input_data!L8) -> 23700 | AY41: =IFERROR(IF(OR(AW41="",AX41=""),"",AX41/AW41),"") -> 0.13166667 | AZ41: =IF(input_data!K43="","",input_data!K43) -> 112100 | BA41: =IF(input_data!L43="","",input_data!L43) -> 6618 | BB41: =IFERROR(IF(OR(AZ41="",BA41=""),"",BA41/AZ41),"") -> 0.059036574 | BC41: =IF(input_data!K77="","",input_data!K77) -> 119600 | BD41: =IF(input_data!L77="","",input_data!L77) -> 7673 | BE41: =IFERROR(IF(OR(BC41="",BD41=""),"",BD41/BC41),"") -> 0.064155518 | BF41: =IF(input_data!K111="","",input_data!K111) | BG41: =IF(input_data!L111="","",input_data!L111) | BH41: =IFERROR(IF(OR(BF41="",BG41=""),"",BG41/BF41),"") | BI41: =IF(input_data!K144="","",input_data!K144) | BJ41: =IF(input_data!L144="","",input_data!L144) | BK41: =IFERROR(IF(OR(BI41="",BJ41=""),"",BJ41/BI41),"") | BL41: =IF(input_data!K177="","",input_data!K177) | BM41: =IF(input_data!L177="","",input_data!L177) | BN41: =IFERROR(IF(OR(BL41="",BM41=""),"",BM41/BL41),"") | BP41: =AY41 -> 0.13166667 | BQ41: =BB41 -> 0.059036574 | BR41: =BE41 -> 0.064155518 | BS41: =BH41 | BT41: =BK41 | BU41: =BN41 | BV41: ----------
A42: 6 | B42: 0.5 | C42: =IF(input_data!N9="","",input_data!N9) -> 0.007215 | D42: =IF(input_data!K9="","",input_data!K9) -> 161500 | E42: =IF(input_data!N44="","",input_data!N44) -> 0.003292 | F42: =IF(input_data!K44="","",input_data!K44) -> 110400 | G42: =IF(input_data!N78="","",input_data!N78) -> 0.003288 | H42: =IF(input_data!K78="","",input_data!K78) -> 116800 | I42: =IF(input_data!N112="","",input_data!N112) | J42: =IF(input_data!K112="","",input_data!K112) | K42: =IF(input_data!N145="","",input_data!N145) | L42: =IF(input_data!K145="","",input_data!K145) | M42: =IF(input_data!N178="","",input_data!N178) | N42: =IF(input_data!K178="","",input_data!K178) | O42: ---------- | P42: =IF(input_data!N9="","",input_data!N9) -> 0.007215 | Q42: =IF(input_data!L9="","",input_data!L9) -> 32870 | R42: =IF(input_data!N44="","",input_data!N44) -> 0.003292 | S42: =IF(input_data!L44="","",input_data!L44) -> 7133 | T42: =IF(input_data!N78="","",input_data!N78) -> 0.003288 | U42: =IF(input_data!L78="","",input_data!L78) -> 8155 | V42: =IF(input_data!N112="","",input_data!N112) | W42: =IF(input_data!L112="","",input_data!L112) | X42: =IF(input_data!N145="","",input_data!N145) | Y42: =IF(input_data!L145="","",input_data!L145) | Z42: =IF(input_data!N178="","",input_data!N178) | AA42: =IF(input_data!L178="","",input_data!L178) | AC42: =IF(input_data!N9="","",input_data!N9) -> 0.007215 | AD42: =IF(input_data!M9="","",input_data!M9) -> 52460 | AE42: =IF(input_data!N44="","",input_data!N44) -> 0.003292 | AF42: =IF(input_data!M44="","",input_data!M44) -> 35200 | AG42: =IF(input_data!N78="","",input_data!N78) -> 0.003288 | AH42: =IF(input_data!M78="","",input_data!M78) -> 37280 | AI42: =IF(input_data!N112="","",input_data!N112) | AJ42: =IF(input_data!M112="","",input_data!M112) | AK42: =IF(input_data!N145="","",input_data!N145) | AL42: =IF(input_data!M145="","",input_data!M145) | AM42: =IF(input_data!N178="","",input_data!N178) | AN42: =IF(input_data!M178="","",input_data!M178) | AP42: =IF(input_data!J9="","",input_data!J9) -> 1189 | AQ42: =IF(input_data!J44="","",input_data!J44) -> 364.1 | AR42: =IF(input_data!J78="","",input_data!J78) -> 385 | AS42: =IF(input_data!J112="","",input_data!J112) | AT42: =IF(input_data!J145="","",input_data!J145) | AU42: =IF(input_data!J178="","",input_data!J178) | AW42: =IF(input_data!K9="","",input_data!K9) -> 161500 | AX42: =IF(input_data!L9="","",input_data!L9) -> 32870 | AY42: =IFERROR(IF(OR(AW42="",AX42=""),"",AX42/AW42),"") -> 0.20352941 | AZ42: =IF(input_data!K44="","",input_data!K44) -> 110400 | BA42: =IF(input_data!L44="","",input_data!L44) -> 7133 | BB42: =IFERROR(IF(OR(AZ42="",BA42=""),"",BA42/AZ42),"") -> 0.064610507 | BC42: =IF(input_data!K78="","",input_data!K78) -> 116800 | BD42: =IF(input_data!L78="","",input_data!L78) -> 8155 | BE42: =IFERROR(IF(OR(BC42="",BD42=""),"",BD42/BC42),"") -> 0.069820205 | BF42: =IF(input_data!K112="","",input_data!K112) | BG42: =IF(input_data!L112="","",input_data!L112) | BH42: =IFERROR(IF(OR(BF42="",BG42=""),"",BG42/BF42),"") | BI42: =IF(input_data!K145="","",input_data!K145) | BJ42: =IF(input_data!L145="","",input_data!L145) | BK42: =IFERROR(IF(OR(BI42="",BJ42=""),"",BJ42/BI42),"") | BL42: =IF(input_data!K178="","",input_data!K178) | BM42: =IF(input_data!L178="","",input_data!L178) | BN42: =IFERROR(IF(OR(BL42="",BM42=""),"",BM42/BL42),"") | BP42: =AY42 -> 0.20352941 | BQ42: =BB42 -> 0.064610507 | BR42: =BE42 -> 0.069820205 | BS42: =BH42 | BT42: =BK42 | BU42: =BN42 | BV42: ----------
A43: 7 | B43: 0.5 | C43: =IF(input_data!N10="","",input_data!N10) -> 0.01029 | D43: =IF(input_data!K10="","",input_data!K10) -> 139300 | E43: =IF(input_data!N45="","",input_data!N45) -> 0.004178 | F43: =IF(input_data!K45="","",input_data!K45) -> 108600 | G43: =IF(input_data!N79="","",input_data!N79) -> 0.004175 | H43: =IF(input_data!K79="","",input_data!K79) -> 113100 | I43: =IF(input_data!N113="","",input_data!N113) | J43: =IF(input_data!K113="","",input_data!K113) | K43: =IF(input_data!N146="","",input_data!N146) | L43: =IF(input_data!K146="","",input_data!K146) | M43: =IF(input_data!N179="","",input_data!N179) | N43: =IF(input_data!K179="","",input_data!K179) | O43: ---------- | P43: =IF(input_data!N10="","",input_data!N10) -> 0.01029 | Q43: =IF(input_data!L10="","",input_data!L10) -> 38490 | R43: =IF(input_data!N45="","",input_data!N45) -> 0.004178 | S43: =IF(input_data!L45="","",input_data!L45) -> 7762 | T43: =IF(input_data!N79="","",input_data!N79) -> 0.004175 | U43: =IF(input_data!L79="","",input_data!L79) -> 8880 | V43: =IF(input_data!N113="","",input_data!N113) | W43: =IF(input_data!L113="","",input_data!L113) | X43: =IF(input_data!N146="","",input_data!N146) | Y43: =IF(input_data!L146="","",input_data!L146) | Z43: =IF(input_data!N179="","",input_data!N179) | AA43: =IF(input_data!L179="","",input_data!L179) | AC43: =IF(input_data!N10="","",input_data!N10) -> 0.01029 | AD43: =IF(input_data!M10="","",input_data!M10) -> 46000 | AE43: =IF(input_data!N45="","",input_data!N45) -> 0.004178 | AF43: =IF(input_data!M45="","",input_data!M45) -> 34650 | AG43: =IF(input_data!N79="","",input_data!N79) -> 0.004175 | AH43: =IF(input_data!M79="","",input_data!M79) -> 36120 | AI43: =IF(input_data!N113="","",input_data!N113) | AJ43: =IF(input_data!M113="","",input_data!M113) | AK43: =IF(input_data!N146="","",input_data!N146) | AL43: =IF(input_data!M146="","",input_data!M146) | AM43: =IF(input_data!N179="","",input_data!N179) | AN43: =IF(input_data!M179="","",input_data!M179) | AP43: =IF(input_data!J10="","",input_data!J10) -> 1487 | AQ43: =IF(input_data!J45="","",input_data!J45) -> 454.8 | AR43: =IF(input_data!J79="","",input_data!J79) -> 473.8 | AS43: =IF(input_data!J113="","",input_data!J113) | AT43: =IF(input_data!J146="","",input_data!J146) | AU43: =IF(input_data!J179="","",input_data!J179) | AW43: =IF(input_data!K10="","",input_data!K10) -> 139300 | AX43: =IF(input_data!L10="","",input_data!L10) -> 38490 | AY43: =IFERROR(IF(OR(AW43="",AX43=""),"",AX43/AW43),"") -> 0.27631012 | AZ43: =IF(input_data!K45="","",input_data!K45) -> 108600 | BA43: =IF(input_data!L45="","",input_data!L45) -> 7762 | BB43: =IFERROR(IF(OR(AZ43="",BA43=""),"",BA43/AZ43),"") -> 0.071473297 | BC43: =IF(input_data!K79="","",input_data!K79) -> 113100 | BD43: =IF(input_data!L79="","",input_data!L79) -> 8880 | BE43: =IFERROR(IF(OR(BC43="",BD43=""),"",BD43/BC43),"") -> 0.078514589 | BF43: =IF(input_data!K113="","",input_data!K113) | BG43: =IF(input_data!L113="","",input_data!L113) | BH43: =IFERROR(IF(OR(BF43="",BG43=""),"",BG43/BF43),"") | BI43: =IF(input_data!K146="","",input_data!K146) | BJ43: =IF(input_data!L146="","",input_data!L146) | BK43: =IFERROR(IF(OR(BI43="",BJ43=""),"",BJ43/BI43),"") | BL43: =IF(input_data!K179="","",input_data!K179) | BM43: =IF(input_data!L179="","",input_data!L179) | BN43: =IFERROR(IF(OR(BL43="",BM43=""),"",BM43/BL43),"") | BP43: =AY43 -> 0.27631012 | BQ43: =BB43 -> 0.071473297 | BR43: =BE43 -> 0.078514589 | BS43: =BH43 | BT43: =BK43 | BU43: =BN43 | BV43: ----------
A44: 8 | B44: 0.5 | C44: =IF(input_data!N11="","",input_data!N11) -> 0.01577 | D44: =IF(input_data!K11="","",input_data!K11) -> 113300 | E44: =IF(input_data!N46="","",input_data!N46) -> 0.005298 | F44: =IF(input_data!K46="","",input_data!K46) -> 106900 | G44: =IF(input_data!N80="","",input_data!N80) -> 0.005299 | H44: =IF(input_data!K80="","",input_data!K80) -> 109400 | I44: =IF(input_data!N114="","",input_data!N114) | J44: =IF(input_data!K114="","",input_data!K114) | K44: =IF(input_data!N147="","",input_data!N147) | L44: =IF(input_data!K147="","",input_data!K147) | M44: =IF(input_data!N180="","",input_data!N180) | N44: =IF(input_data!K180="","",input_data!K180) | O44: ---------- | P44: =IF(input_data!N11="","",input_data!N11) -> 0.01577 | Q44: =IF(input_data!L11="","",input_data!L11) -> 39700 | R44: =IF(input_data!N46="","",input_data!N46) -> 0.005298 | S44: =IF(input_data!L46="","",input_data!L46) -> 8664 | T44: =IF(input_data!N80="","",input_data!N80) -> 0.005299 | U44: =IF(input_data!L80="","",input_data!L80) -> 9615 | V44: =IF(input_data!N114="","",input_data!N114) | W44: =IF(input_data!L114="","",input_data!L114) | X44: =IF(input_data!N147="","",input_data!N147) | Y44: =IF(input_data!L147="","",input_data!L147) | Z44: =IF(input_data!N180="","",input_data!N180) | AA44: =IF(input_data!L180="","",input_data!L180) | AC44: =IF(input_data!N11="","",input_data!N11) -> 0.01577 | AD44: =IF(input_data!M11="","",input_data!M11) -> 38230 | AE44: =IF(input_data!N46="","",input_data!N46) -> 0.005298 | AF44: =IF(input_data!M46="","",input_data!M46) -> 34150 | AG44: =IF(input_data!N80="","",input_data!N80) -> 0.005299 | AH44: =IF(input_data!M80="","",input_data!M80) -> 34950 | AI44: =IF(input_data!N114="","",input_data!N114) | AJ44: =IF(input_data!M114="","",input_data!M114) | AK44: =IF(input_data!N147="","",input_data!N147) | AL44: =IF(input_data!M147="","",input_data!M147) | AM44: =IF(input_data!N180="","",input_data!N180) | AN44: =IF(input_data!M180="","",input_data!M180) | AP44: =IF(input_data!J11="","",input_data!J11) -> 1894 | AQ44: =IF(input_data!J46="","",input_data!J46) -> 568.5 | AR44: =IF(input_data!J80="","",input_data!J80) -> 581.8 | AS44: =IF(input_data!J114="","",input_data!J114) | AT44: =IF(input_data!J147="","",input_data!J147) | AU44: =IF(input_data!J180="","",input_data!J180) | AW44: =IF(input_data!K11="","",input_data!K11) -> 113300 | AX44: =IF(input_data!L11="","",input_data!L11) -> 39700 | AY44: =IFERROR(IF(OR(AW44="",AX44=""),"",AX44/AW44),"") -> 0.35039718 | AZ44: =IF(input_data!K46="","",input_data!K46) -> 106900 | BA44: =IF(input_data!L46="","",input_data!L46) -> 8664 | BB44: =IFERROR(IF(OR(AZ44="",BA44=""),"",BA44/AZ44),"") -> 0.081047708 | BC44: =IF(input_data!K80="","",input_data!K80) -> 109400 | BD44: =IF(input_data!L80="","",input_data!L80) -> 9615 | BE44: =IFERROR(IF(OR(BC44="",BD44=""),"",BD44/BC44),"") -> 0.087888483 | BF44: =IF(input_data!K114="","",input_data!K114) | BG44: =IF(input_data!L114="","",input_data!L114) | BH44: =IFERROR(IF(OR(BF44="",BG44=""),"",BG44/BF44),"") | BI44: =IF(input_data!K147="","",input_data!K147) | BJ44: =IF(input_data!L147="","",input_data!L147) | BK44: =IFERROR(IF(OR(BI44="",BJ44=""),"",BJ44/BI44),"") | BL44: =IF(input_data!K180="","",input_data!K180) | BM44: =IF(input_data!L180="","",input_data!L180) | BN44: =IFERROR(IF(OR(BL44="",BM44=""),"",BM44/BL44),"") | BP44: =AY44 -> 0.35039718 | BQ44: =BB44 -> 0.081047708 | BR44: =BE44 -> 0.087888483 | BS44: =BH44 | BT44: =BK44 | BU44: =BN44 | BV44: ----------
A45: 9 | B45: 0.5 | C45: =IF(input_data!N12="","",input_data!N12) -> 0.0232 | D45: =IF(input_data!K12="","",input_data!K12) -> 94020 | E45: =IF(input_data!N47="","",input_data!N47) -> 0.006722 | F45: =IF(input_data!K47="","",input_data!K47) -> 104400 | G45: =IF(input_data!N81="","",input_data!N81) -> 0.006714 | H45: =IF(input_data!K81="","",input_data!K81) -> 106000 | I45: =IF(input_data!N115="","",input_data!N115) | J45: =IF(input_data!K115="","",input_data!K115) | K45: =IF(input_data!N148="","",input_data!N148) | L45: =IF(input_data!K148="","",input_data!K148) | M45: =IF(input_data!N181="","",input_data!N181) | N45: =IF(input_data!K181="","",input_data!K181) | O45: ---------- | P45: =IF(input_data!N12="","",input_data!N12) -> 0.0232 | Q45: =IF(input_data!L12="","",input_data!L12) -> 39050 | R45: =IF(input_data!N47="","",input_data!N47) -> 0.006722 | S45: =IF(input_data!L47="","",input_data!L47) -> 9696 | T45: =IF(input_data!N81="","",input_data!N81) -> 0.006714 | U45: =IF(input_data!L81="","",input_data!L81) -> 10700 | V45: =IF(input_data!N115="","",input_data!N115) | W45: =IF(input_data!L115="","",input_data!L115) | X45: =IF(input_data!N148="","",input_data!N148) | Y45: =IF(input_data!L148="","",input_data!L148) | Z45: =IF(input_data!N181="","",input_data!N181) | AA45: =IF(input_data!L181="","",input_data!L181) | AC45: =IF(input_data!N12="","",input_data!N12) -> 0.0232 | AD45: =IF(input_data!M12="","",input_data!M12) -> 32410 | AE45: =IF(input_data!N47="","",input_data!N47) -> 0.006722 | AF45: =IF(input_data!M47="","",input_data!M47) -> 33370 | AG45: =IF(input_data!N81="","",input_data!N81) -> 0.006714 | AH45: =IF(input_data!M81="","",input_data!M81) -> 33920 | AI45: =IF(input_data!N115="","",input_data!N115) | AJ45: =IF(input_data!M115="","",input_data!M115) | AK45: =IF(input_data!N148="","",input_data!N148) | AL45: =IF(input_data!M148="","",input_data!M148) | AM45: =IF(input_data!N181="","",input_data!N181) | AN45: =IF(input_data!M181="","",input_data!M181) | AP45: =IF(input_data!J12="","",input_data!J12) -> 2362 | AQ45: =IF(input_data!J47="","",input_data!J47) -> 704.7 | AR45: =IF(input_data!J81="","",input_data!J81) -> 715.5 | AS45: =IF(input_data!J115="","",input_data!J115) | AT45: =IF(input_data!J148="","",input_data!J148) | AU45: =IF(input_data!J181="","",input_data!J181) | AW45: =IF(input_data!K12="","",input_data!K12) -> 94020 | AX45: =IF(input_data!L12="","",input_data!L12) -> 39050 | AY45: =IFERROR(IF(OR(AW45="",AX45=""),"",AX45/AW45),"") -> 0.41533716 | AZ45: =IF(input_data!K47="","",input_data!K47) -> 104400 | BA45: =IF(input_data!L47="","",input_data!L47) -> 9696 | BB45: =IFERROR(IF(OR(AZ45="",BA45=""),"",BA45/AZ45),"") -> 0.092873563 | BC45: =IF(input_data!K81="","",input_data!K81) -> 106000 | BD45: =IF(input_data!L81="","",input_data!L81) -> 10700 | BE45: =IFERROR(IF(OR(BC45="",BD45=""),"",BD45/BC45),"") -> 0.1009434 | BF45: =IF(input_data!K115="","",input_data!K115) | BG45: =IF(input_data!L115="","",input_data!L115) | BH45: =IFERROR(IF(OR(BF45="",BG45=""),"",BG45/BF45),"") | BI45: =IF(input_data!K148="","",input_data!K148) | BJ45: =IF(input_data!L148="","",input_data!L148) | BK45: =IFERROR(IF(OR(BI45="",BJ45=""),"",BJ45/BI45),"") | BL45: =IF(input_data!K181="","",input_data!K181) | BM45: =IF(input_data!L181="","",input_data!L181) | BN45: =IFERROR(IF(OR(BL45="",BM45=""),"",BM45/BL45),"") | BP45: =AY45 -> 0.41533716 | BQ45: =BB45 -> 0.092873563 | BR45: =BE45 -> 0.1009434 | BS45: =BH45 | BT45: =BK45 | BU45: =BN45 | BV45: ----------
A46: 10 | B46: 0.5 | C46: =IF(input_data!N13="","",input_data!N13) -> 0.03508 | D46: =IF(input_data!K13="","",input_data!K13) -> 76280 | E46: =IF(input_data!N48="","",input_data!N48) -> 0.008534 | F46: =IF(input_data!K48="","",input_data!K48) -> 100600 | G46: =IF(input_data!N82="","",input_data!N82) -> 0.008531 | H46: =IF(input_data!K82="","",input_data!K82) -> 101700 | I46: =IF(input_data!N116="","",input_data!N116) | J46: =IF(input_data!K116="","",input_data!K116) | K46: =IF(input_data!N149="","",input_data!N149) | L46: =IF(input_data!K149="","",input_data!K149) | M46: =IF(input_data!N182="","",input_data!N182) | N46: =IF(input_data!K182="","",input_data!K182) | O46: ---------- | P46: =IF(input_data!N13="","",input_data!N13) -> 0.03508 | Q46: =IF(input_data!L13="","",input_data!L13) -> 36410 | R46: =IF(input_data!N48="","",input_data!N48) -> 0.008534 | S46: =IF(input_data!L48="","",input_data!L48) -> 10840 | T46: =IF(input_data!N82="","",input_data!N82) -> 0.008531 | U46: =IF(input_data!L82="","",input_data!L82) -> 11780 | V46: =IF(input_data!N116="","",input_data!N116) | W46: =IF(input_data!L116="","",input_data!L116) | X46: =IF(input_data!N149="","",input_data!N149) | Y46: =IF(input_data!L149="","",input_data!L149) | Z46: =IF(input_data!N182="","",input_data!N182) | AA46: =IF(input_data!L182="","",input_data!L182) | AC46: =IF(input_data!N13="","",input_data!N13) -> 0.03508 | AD46: =IF(input_data!M13="","",input_data!M13) -> 26910 | AE46: =IF(input_data!N48="","",input_data!N48) -> 0.008534 | AF46: =IF(input_data!M48="","",input_data!M48) -> 32220 | AG46: =IF(input_data!N82="","",input_data!N82) -> 0.008531 | AH46: =IF(input_data!M82="","",input_data!M82) -> 32600 | AI46: =IF(input_data!N116="","",input_data!N116) | AJ46: =IF(input_data!M116="","",input_data!M116) | AK46: =IF(input_data!N149="","",input_data!N149) | AL46: =IF(input_data!M149="","",input_data!M149) | AM46: =IF(input_data!N182="","",input_data!N182) | AN46: =IF(input_data!M182="","",input_data!M182) | AP46: =IF(input_data!J13="","",input_data!J13) -> 2965 | AQ46: =IF(input_data!J48="","",input_data!J48) -> 863.8 | AR46: =IF(input_data!J82="","",input_data!J82) -> 873.6 | AS46: =IF(input_data!J116="","",input_data!J116) | AT46: =IF(input_data!J149="","",input_data!J149) | AU46: =IF(input_data!J182="","",input_data!J182) | AW46: =IF(input_data!K13="","",input_data!K13) -> 76280 | AX46: =IF(input_data!L13="","",input_data!L13) -> 36410 | AY46: =IFERROR(IF(OR(AW46="",AX46=""),"",AX46/AW46),"") -> 0.4773204 | AZ46: =IF(input_data!K48="","",input_data!K48) -> 100600 | BA46: =IF(input_data!L48="","",input_data!L48) -> 10840 | BB46: =IFERROR(IF(OR(AZ46="",BA46=""),"",BA46/AZ46),"") -> 0.10775348 | BC46: =IF(input_data!K82="","",input_data!K82) -> 101700 | BD46: =IF(input_data!L82="","",input_data!L82) -> 11780 | BE46: =IFERROR(IF(OR(BC46="",BD46=""),"",BD46/BC46),"") -> 0.11583088 | BF46: =IF(input_data!K116="","",input_data!K116) | BG46: =IF(input_data!L116="","",input_data!L116) | BH46: =IFERROR(IF(OR(BF46="",BG46=""),"",BG46/BF46),"") | BI46: =IF(input_data!K149="","",input_data!K149) | BJ46: =IF(input_data!L149="","",input_data!L149) | BK46: =IFERROR(IF(OR(BI46="",BJ46=""),"",BJ46/BI46),"") | BL46: =IF(input_data!K182="","",input_data!K182) | BM46: =IF(input_data!L182="","",input_data!L182) | BN46: =IFERROR(IF(OR(BL46="",BM46=""),"",BM46/BL46),"") | BP46: =AY46 -> 0.4773204 | BQ46: =BB46 -> 0.10775348 | BR46: =BE46 -> 0.11583088 | BS46: =BH46 | BT46: =BK46 | BU46: =BN46 | BV46: ----------
A47: 11 | B47: 0.5 | C47: =IF(input_data!N14="","",input_data!N14) -> 0.05197 | D47: =IF(input_data!K14="","",input_data!K14) -> 63080 | E47: =IF(input_data!N49="","",input_data!N49) -> 0.01083 | F47: =IF(input_data!K49="","",input_data!K49) -> 96140 | G47: =IF(input_data!N83="","",input_data!N83) -> 0.01083 | H47: =IF(input_data!K83="","",input_data!K83) -> 96050 | I47: =IF(input_data!N117="","",input_data!N117) | J47: =IF(input_data!K117="","",input_data!K117) | K47: =IF(input_data!N150="","",input_data!N150) | L47: =IF(input_data!K150="","",input_data!K150) | M47: =IF(input_data!N183="","",input_data!N183) | N47: =IF(input_data!K183="","",input_data!K183) | O47: ---------- | P47: =IF(input_data!N14="","",input_data!N14) -> 0.05197 | Q47: =IF(input_data!L14="","",input_data!L14) -> 33430 | R47: =IF(input_data!N49="","",input_data!N49) -> 0.01083 | S47: =IF(input_data!L49="","",input_data!L49) -> 12310 | T47: =IF(input_data!N83="","",input_data!N83) -> 0.01083 | U47: =IF(input_data!L83="","",input_data!L83) -> 12510 | V47: =IF(input_data!N117="","",input_data!N117) | W47: =IF(input_data!L117="","",input_data!L117) | X47: =IF(input_data!N150="","",input_data!N150) | Y47: =IF(input_data!L150="","",input_data!L150) | Z47: =IF(input_data!N183="","",input_data!N183) | AA47: =IF(input_data!L183="","",input_data!L183) | AC47: =IF(input_data!N14="","",input_data!N14) -> 0.05197 | AD47: =IF(input_data!M14="","",input_data!M14) -> 22730 | AE47: =IF(input_data!N49="","",input_data!N49) -> 0.01083 | AF47: =IF(input_data!M49="","",input_data!M49) -> 30850 | AG47: =IF(input_data!N83="","",input_data!N83) -> 0.01083 | AH47: =IF(input_data!M83="","",input_data!M83) -> 30830 | AI47: =IF(input_data!N117="","",input_data!N117) | AJ47: =IF(input_data!M117="","",input_data!M117) | AK47: =IF(input_data!N150="","",input_data!N150) | AL47: =IF(input_data!M150="","",input_data!M150) | AM47: =IF(input_data!N183="","",input_data!N183) | AN47: =IF(input_data!M183="","",input_data!M183) | AP47: =IF(input_data!J14="","",input_data!J14) -> 3710 | AQ47: =IF(input_data!J49="","",input_data!J49) -> 1050 | AR47: =IF(input_data!J83="","",input_data!J83) -> 1049 | AS47: =IF(input_data!J117="","",input_data!J117) | AT47: =IF(input_data!J150="","",input_data!J150) | AU47: =IF(input_data!J183="","",input_data!J183) | AW47: =IF(input_data!K14="","",input_data!K14) -> 63080 | AX47: =IF(input_data!L14="","",input_data!L14) -> 33430 | AY47: =IFERROR(IF(OR(AW47="",AX47=""),"",AX47/AW47),"") -> 0.52996195 | AZ47: =IF(input_data!K49="","",input_data!K49) -> 96140 | BA47: =IF(input_data!L49="","",input_data!L49) -> 12310 | BB47: =IFERROR(IF(OR(AZ47="",BA47=""),"",BA47/AZ47),"") -> 0.12804244 | BC47: =IF(input_data!K83="","",input_data!K83) -> 96050 | BD47: =IF(input_data!L83="","",input_data!L83) -> 12510 | BE47: =IFERROR(IF(OR(BC47="",BD47=""),"",BD47/BC47),"") -> 0.13024466 | BF47: =IF(input_data!K117="","",input_data!K117) | BG47: =IF(input_data!L117="","",input_data!L117) | BH47: =IFERROR(IF(OR(BF47="",BG47=""),"",BG47/BF47),"") | BI47: =IF(input_data!K150="","",input_data!K150) | BJ47: =IF(input_data!L150="","",input_data!L150) | BK47: =IFERROR(IF(OR(BI47="",BJ47=""),"",BJ47/BI47),"") | BL47: =IF(input_data!K183="","",input_data!K183) | BM47: =IF(input_data!L183="","",input_data!L183) | BN47: =IFERROR(IF(OR(BL47="",BM47=""),"",BM47/BL47),"") | BP47: =AY47 -> 0.52996195 | BQ47: =BB47 -> 0.12804244 | BR47: =BE47 -> 0.13024466 | BS47: =BH47 | BT47: =BK47 | BU47: =BN47 | BV47: ----------
A48: 12 | B48: 0.5 | C48: =IF(input_data!N15="","",input_data!N15) -> 0.07678 | D48: =IF(input_data!K15="","",input_data!K15) -> 51670 | E48: =IF(input_data!N50="","",input_data!N50) -> 0.01375 | F48: =IF(input_data!K50="","",input_data!K50) -> 90610 | G48: =IF(input_data!N84="","",input_data!N84) -> 0.01375 | H48: =IF(input_data!K84="","",input_data!K84) -> 89490 | I48: =IF(input_data!N118="","",input_data!N118) | J48: =IF(input_data!K118="","",input_data!K118) | K48: =IF(input_data!N151="","",input_data!N151) | L48: =IF(input_data!K151="","",input_data!K151) | M48: =IF(input_data!N184="","",input_data!N184) | N48: =IF(input_data!K184="","",input_data!K184) | O48: ---------- | P48: =IF(input_data!N15="","",input_data!N15) -> 0.07678 | Q48: =IF(input_data!L15="","",input_data!L15) -> 29710 | R48: =IF(input_data!N50="","",input_data!N50) -> 0.01375 | S48: =IF(input_data!L50="","",input_data!L50) -> 13700 | T48: =IF(input_data!N84="","",input_data!N84) -> 0.01375 | U48: =IF(input_data!L84="","",input_data!L84) -> 13340 | V48: =IF(input_data!N118="","",input_data!N118) | W48: =IF(input_data!L118="","",input_data!L118) | X48: =IF(input_data!N151="","",input_data!N151) | Y48: =IF(input_data!L151="","",input_data!L151) | Z48: =IF(input_data!N184="","",input_data!N184) | AA48: =IF(input_data!L184="","",input_data!L184) | AC48: =IF(input_data!N15="","",input_data!N15) -> 0.07678 | AD48: =IF(input_data!M15="","",input_data!M15) -> 18970 | AE48: =IF(input_data!N50="","",input_data!N50) -> 0.01375 | AF48: =IF(input_data!M50="","",input_data!M50) -> 29170 | AG48: =IF(input_data!N84="","",input_data!N84) -> 0.01375 | AH48: =IF(input_data!M84="","",input_data!M84) -> 28800 | AI48: =IF(input_data!N118="","",input_data!N118) | AJ48: =IF(input_data!M118="","",input_data!M118) | AK48: =IF(input_data!N151="","",input_data!N151) | AL48: =IF(input_data!M151="","",input_data!M151) | AM48: =IF(input_data!N184="","",input_data!N184) | AN48: =IF(input_data!M184="","",input_data!M184) | AP48: =IF(input_data!J15="","",input_data!J15) -> 4577 | AQ48: =IF(input_data!J50="","",input_data!J50) -> 1260 | AR48: =IF(input_data!J84="","",input_data!J84) -> 1244 | AS48: =IF(input_data!J118="","",input_data!J118) | AT48: =IF(input_data!J151="","",input_data!J151) | AU48: =IF(input_data!J184="","",input_data!J184) | AW48: =IF(input_data!K15="","",input_data!K15) -> 51670 | AX48: =IF(input_data!L15="","",input_data!L15) -> 29710 | AY48: =IFERROR(IF(OR(AW48="",AX48=""),"",AX48/AW48),"") -> 0.57499516 | AZ48: =IF(input_data!K50="","",input_data!K50) -> 90610 | BA48: =IF(input_data!L50="","",input_data!L50) -> 13700 | BB48: =IFERROR(IF(OR(AZ48="",BA48=""),"",BA48/AZ48),"") -> 0.15119744 | BC48: =IF(input_data!K84="","",input_data!K84) -> 89490 | BD48: =IF(input_data!L84="","",input_data!L84) -> 13340 | BE48: =IFERROR(IF(OR(BC48="",BD48=""),"",BD48/BC48),"") -> 0.14906693 | BF48: =IF(input_data!K118="","",input_data!K118) | BG48: =IF(input_data!L118="","",input_data!L118) | BH48: =IFERROR(IF(OR(BF48="",BG48=""),"",BG48/BF48),"") | BI48: =IF(input_data!K151="","",input_data!K151) | BJ48: =IF(input_data!L151="","",input_data!L151) | BK48: =IFERROR(IF(OR(BI48="",BJ48=""),"",BJ48/BI48),"") | BL48: =IF(input_data!K184="","",input_data!K184) | BM48: =IF(input_data!L184="","",input_data!L184) | BN48: =IFERROR(IF(OR(BL48="",BM48=""),"",BM48/BL48),"") | BP48: =AY48 -> 0.57499516 | BQ48: =BB48 -> 0.15119744 | BR48: =BE48 -> 0.14906693 | BS48: =BH48 | BT48: =BK48 | BU48: =BN48 | BV48: ----------
... A56: 20 | B56: 0.5 | C56: =IF(input_data!N23="","",input_data!N23) -> 0.7975 | D56: =IF(input_data!K23="","",input_data!K23) -> 9909 | E56: =IF(input_data!N58="","",input_data!N58) -> 0.09154 | F56: =IF(input_data!K58="","",input_data!K58) -> 45160 | G56: =IF(input_data!N92="","",input_data!N92) -> 0.09215 | H56: =IF(input_data!K92="","",input_data!K92) -> 43820 | I56: =IF(input_data!N126="","",input_data!N126) | J56: =IF(input_data!K126="","",input_data!K126) | K56: =IF(input_data!N159="","",input_data!N159) | L56: =IF(input_data!K159="","",input_data!K159) | M56: =IF(input_data!N192="","",input_data!N192) | N56: =IF(input_data!K192="","",input_data!K192) | O56: ---------- | P56: =IF(input_data!N23="","",input_data!N23) -> 0.7975 | Q56: =IF(input_data!L23="","",input_data!L23) -> 20030 | R56: =IF(input_data!N58="","",input_data!N58) -> 0.09154 | S56: =IF(input_data!L58="","",input_data!L58) -> 17440 | T56: =IF(input_data!N92="","",input_data!N92) -> 0.09215 | U56: =IF(input_data!L92="","",input_data!L92) -> 16010 | V56: =IF(input_data!N126="","",input_data!N126) | W56: =IF(input_data!L126="","",input_data!L126) | X56: =IF(input_data!N159="","",input_data!N159) | Y56: =IF(input_data!L159="","",input_data!L159) | Z56: =IF(input_data!N192="","",input_data!N192) | AA56: =IF(input_data!L192="","",input_data!L192) | AC56: =IF(input_data!N23="","",input_data!N23) -> 0.7975 | AD56: =IF(input_data!M23="","",input_data!M23) -> 7112 | AE56: =IF(input_data!N58="","",input_data!N58) -> 0.09154 | AF56: =IF(input_data!M58="","",input_data!M58) -> 15410 | AG56: =IF(input_data!N92="","",input_data!N92) -> 0.09215 | AH56: =IF(input_data!M92="","",input_data!M92) -> 14850 | AI56: =IF(input_data!N126="","",input_data!N126) | AJ56: =IF(input_data!M126="","",input_data!M126) | AK56: =IF(input_data!N159="","",input_data!N159) | AL56: =IF(input_data!M159="","",input_data!M159) | AM56: =IF(input_data!N192="","",input_data!N192) | AN56: =IF(input_data!M192="","",input_data!M192) | AP56: =IF(input_data!J23="","",input_data!J23) -> 17820 | AQ56: =IF(input_data!J58="","",input_data!J58) -> 4432 | AR56: =IF(input_data!J92="","",input_data!J92) -> 4300 | AS56: =IF(input_data!J126="","",input_data!J126) | AT56: =IF(input_data!J159="","",input_data!J159) | AU56: =IF(input_data!J192="","",input_data!J192) | AW56: =IF(input_data!K23="","",input_data!K23) -> 9909 | AX56: =IF(input_data!L23="","",input_data!L23) -> 20030 | AY56: =IFERROR(IF(OR(AW56="",AX56=""),"",AX56/AW56),"") -> 2.0213947 | AZ56: =IF(input_data!K58="","",input_data!K58) -> 45160 | BA56: =IF(input_data!L58="","",input_data!L58) -> 17440 | BB56: =IFERROR(IF(OR(AZ56="",BA56=""),"",BA56/AZ56),"") -> 0.38618246 | BC56: =IF(input_data!K92="","",input_data!K92) -> 43820 | BD56: =IF(input_data!L92="","",input_data!L92) -> 16010 | BE56: =IFERROR(IF(OR(BC56="",BD56=""),"",BD56/BC56),"") -> 0.36535828 | BF56: =IF(input_data!K126="","",input_data!K126) | BG56: =IF(input_data!L126="","",input_data!L126) | BH56: =IFERROR(IF(OR(BF56="",BG56=""),"",BG56/BF56),"") | BI56: =IF(input_data!K159="","",input_data!K159) | BJ56: =IF(input_data!L159="","",input_data!L159) | BK56: =IFERROR(IF(OR(BI56="",BJ56=""),"",BJ56/BI56),"") | BL56: =IF(input_data!K192="","",input_data!K192) | BM56: =IF(input_data!L192="","",input_data!L192) | BN56: =IFERROR(IF(OR(BL56="",BM56=""),"",BM56/BL56),"") | BP56: =AY56 -> 2.0213947 | BQ56: =BB56 -> 0.38618246 | BR56: =BE56 -> 0.36535828 | BS56: =BH56 | BT56: =BK56 | BU56: =BN56 | BV56: ----------
O57: ----------
O58: ----------
O59: ----------
O60: ----------
O61: ----------
O62: ----------
O63: ----------
O64: ----------
O65: ----------
O66: ----------
O67: ----------
A68: Частота 1 Гц | O68: Частота 1 Гц | AB68: Частота 1 Гц | AV68: Частота 1 Гц | BO68: Частота 1 Гц
A69: 1 | B69: 1 | C69: =IF(input_data!U4="","",input_data!U4) -> 0.00101 | D69: =IF(input_data!R4="","",input_data!R4) -> 185100 | E69: =IF(input_data!U39="","",input_data!U39) -> 0.001008 | F69: =IF(input_data!R39="","",input_data!R39) -> 83150 | G69: =IF(input_data!U73="","",input_data!U73) -> 0.0009978 | H69: =IF(input_data!R73="","",input_data!R73) -> 129800 | I69: =IF(input_data!U107="","",input_data!U107) | J69: =IF(input_data!R107="","",input_data!R107) | K69: =IF(input_data!U140="","",input_data!U140) | L69: =IF(input_data!R140="","",input_data!R140) | M69: =IF(input_data!U173="","",input_data!U173) | N69: =IF(input_data!R173="","",input_data!R173) | O69: ---------- | P69: =IF(input_data!U4="","",input_data!U4) -> 0.00101 | Q69: =IF(input_data!S4="","",input_data!S4) -> 11990 | R69: =IF(input_data!U39="","",input_data!U39) -> 0.001008 | S69: =IF(input_data!S39="","",input_data!S39) -> 4075 | T69: =IF(input_data!U73="","",input_data!U73) -> 0.0009978 | U69: =IF(input_data!S73="","",input_data!S73) -> 6580 | V69: =IF(input_data!U107="","",input_data!U107) | W69: =IF(input_data!S107="","",input_data!S107) | X69: =IF(input_data!U140="","",input_data!U140) | Y69: =IF(input_data!S140="","",input_data!S140) | Z69: =IF(input_data!U173="","",input_data!U173) | AA69: =IF(input_data!S173="","",input_data!S173) | AC69: =IF(input_data!U4="","",input_data!U4) -> 0.00101 | AD69: =IF(input_data!T4="","",input_data!T4) -> 29520 | AE69: =IF(input_data!U39="","",input_data!U39) -> 0.001008 | AF69: =IF(input_data!T39="","",input_data!T39) -> 13250 | AG69: =IF(input_data!U73="","",input_data!U73) -> 0.0009978 | AH69: =IF(input_data!T73="","",input_data!T73) -> 20680 | AI69: =IF(input_data!U107="","",input_data!U107) | AJ69: =IF(input_data!T107="","",input_data!T107) | AK69: =IF(input_data!U140="","",input_data!U140) | AL69: =IF(input_data!T140="","",input_data!T140) | AM69: =IF(input_data!U173="","",input_data!U173) | AN69: =IF(input_data!T173="","",input_data!T173) | AP69: =IF(input_data!Q4="","",input_data!Q4) -> 187.4 | AQ69: =IF(input_data!Q39="","",input_data!Q39) -> 83.91 | AR69: =IF(input_data!Q73="","",input_data!Q73) -> 129.6 | AS69: =IF(input_data!Q107="","",input_data!Q107) | AT69: =IF(input_data!Q140="","",input_data!Q140) | AU69: =IF(input_data!Q173="","",input_data!Q173) | AW69: =IF(input_data!R4="","",input_data!R4) -> 185100 | AX69: =IF(input_data!S4="","",input_data!S4) -> 11990 | AY69: =IFERROR(IF(OR(AW69="",AX69=""),"",AX69/AW69),"") -> 0.064775797 | AZ69: =IF(input_data!R39="","",input_data!R39) -> 83150 | BA69: =IF(input_data!S39="","",input_data!S39) -> 4075 | BB69: =IFERROR(IF(OR(AZ69="",BA69=""),"",BA69/AZ69),"") -> 0.049007817 | BC69: =IF(input_data!R73="","",input_data!R73) -> 129800 | BD69: =IF(input_data!S73="","",input_data!S73) -> 6580 | BE69: =IFERROR(IF(OR(BC69="",BD69=""),"",BD69/BC69),"") -> 0.050693374 | BF69: =IF(input_data!R107="","",input_data!R107) | BG69: =IF(input_data!S107="","",input_data!S107) | BH69: =IFERROR(IF(OR(BF69="",BG69=""),"",BG69/BF69),"") | BI69: =IF(input_data!R140="","",input_data!R140) | BJ69: =IF(input_data!S140="","",input_data!S140) | BK69: =IFERROR(IF(OR(BI69="",BJ69=""),"",BJ69/BI69),"") | BL69: =IF(input_data!R173="","",input_data!R173) | BM69: =IF(input_data!S173="","",input_data!S173) | BN69: =IFERROR(IF(OR(BL69="",BM69=""),"",BM69/BL69),"") | BP69: =AY69 -> 0.064775797 | BQ69: =BB69 -> 0.049007817 | BR69: =BE69 -> 0.050693374 | BS69: =BH69 | BT69: =BK69 | BU69: =BN69 | BV69: ----------
A70: 2 | B70: 1 | C70: =IF(input_data!U5="","",input_data!U5) -> 0.00149 | D70: =IF(input_data!R5="","",input_data!R5) -> 168800 | E70: =IF(input_data!U40="","",input_data!U40) -> 0.001273 | F70: =IF(input_data!R40="","",input_data!R40) -> 77070 | G70: =IF(input_data!U74="","",input_data!U74) -> 0.001266 | H70: =IF(input_data!R74="","",input_data!R74) -> 133600 | I70: =IF(input_data!U108="","",input_data!U108) | J70: =IF(input_data!R108="","",input_data!R108) | K70: =IF(input_data!U141="","",input_data!U141) | L70: =IF(input_data!R141="","",input_data!R141) | M70: =IF(input_data!U174="","",input_data!U174) | N70: =IF(input_data!R174="","",input_data!R174) | O70: ---------- | P70: =IF(input_data!U5="","",input_data!U5) -> 0.00149 | Q70: =IF(input_data!S5="","",input_data!S5) -> 8619 | R70: =IF(input_data!U40="","",input_data!U40) -> 0.001273 | S70: =IF(input_data!S40="","",input_data!S40) -> 3379 | T70: =IF(input_data!U74="","",input_data!U74) -> 0.001266 | U70: =IF(input_data!S74="","",input_data!S74) -> 6743 | V70: =IF(input_data!U108="","",input_data!U108) | W70: =IF(input_data!S108="","",input_data!S108) | X70: =IF(input_data!U141="","",input_data!U141) | Y70: =IF(input_data!S141="","",input_data!S141) | Z70: =IF(input_data!U174="","",input_data!U174) | AA70: =IF(input_data!S174="","",input_data!S174) | AC70: =IF(input_data!U5="","",input_data!U5) -> 0.00149 | AD70: =IF(input_data!T5="","",input_data!T5) -> 26900 | AE70: =IF(input_data!U40="","",input_data!U40) -> 0.001273 | AF70: =IF(input_data!T40="","",input_data!T40) -> 12280 | AG70: =IF(input_data!U74="","",input_data!U74) -> 0.001266 | AH70: =IF(input_data!T74="","",input_data!T74) -> 21290 | AI70: =IF(input_data!U108="","",input_data!U108) | AJ70: =IF(input_data!T108="","",input_data!T108) | AK70: =IF(input_data!U141="","",input_data!U141) | AL70: =IF(input_data!T141="","",input_data!T141) | AM70: =IF(input_data!U174="","",input_data!U174) | AN70: =IF(input_data!T174="","",input_data!T174) | AP70: =IF(input_data!Q5="","",input_data!Q5) -> 251.8 | AQ70: =IF(input_data!Q40="","",input_data!Q40) -> 98.19 | AR70: =IF(input_data!Q74="","",input_data!Q74) -> 169.3 | AS70: =IF(input_data!Q108="","",input_data!Q108) | AT70: =IF(input_data!Q141="","",input_data!Q141) | AU70: =IF(input_data!Q174="","",input_data!Q174) | AW70: =IF(input_data!R5="","",input_data!R5) -> 168800 | AX70: =IF(input_data!S5="","",input_data!S5) -> 8619 | AY70: =IFERROR(IF(OR(AW70="",AX70=""),"",AX70/AW70),"") -> 0.051060427 | AZ70: =IF(input_data!R40="","",input_data!R40) -> 77070 | BA70: =IF(input_data!S40="","",input_data!S40) -> 3379 | BB70: =IFERROR(IF(OR(AZ70="",BA70=""),"",BA70/AZ70),"") -> 0.043843259 | BC70: =IF(input_data!R74="","",input_data!R74) -> 133600 | BD70: =IF(input_data!S74="","",input_data!S74) -> 6743 | BE70: =IFERROR(IF(OR(BC70="",BD70=""),"",BD70/BC70),"") -> 0.050471557 | BF70: =IF(input_data!R108="","",input_data!R108) | BG70: =IF(input_data!S108="","",input_data!S108) | BH70: =IFERROR(IF(OR(BF70="",BG70=""),"",BG70/BF70),"") | BI70: =IF(input_data!R141="","",input_data!R141) | BJ70: =IF(input_data!S141="","",input_data!S141) | BK70: =IFERROR(IF(OR(BI70="",BJ70=""),"",BJ70/BI70),"") | BL70: =IF(input_data!R174="","",input_data!R174) | BM70: =IF(input_data!S174="","",input_data!S174) | BN70: =IFERROR(IF(OR(BL70="",BM70=""),"",BM70/BL70),"") | BP70: =AY70 -> 0.051060427 | BQ70: =BB70 -> 0.043843259 | BR70: =BE70 -> 0.050471557 | BS70: =BH70 | BT70: =BK70 | BU70: =BN70 | BV70: ----------
A71: 3 | B71: 1 | C71: =IF(input_data!U6="","",input_data!U6) -> 0.002217 | D71: =IF(input_data!R6="","",input_data!R6) -> 162400 | E71: =IF(input_data!U41="","",input_data!U41) -> 0.001617 | F71: =IF(input_data!R41="","",input_data!R41) -> 75420 | G71: =IF(input_data!U75="","",input_data!U75) -> 0.001608 | H71: =IF(input_data!R75="","",input_data!R75) -> 133100 | I71: =IF(input_data!U109="","",input_data!U109) | J71: =IF(input_data!R109="","",input_data!R109) | K71: =IF(input_data!U142="","",input_data!U142) | L71: =IF(input_data!R142="","",input_data!R142) | M71: =IF(input_data!U175="","",input_data!U175) | N71: =IF(input_data!R175="","",input_data!R175) | O71: ---------- | P71: =IF(input_data!U6="","",input_data!U6) -> 0.002217 | Q71: =IF(input_data!S6="","",input_data!S6) -> 8981 | R71: =IF(input_data!U41="","",input_data!U41) -> 0.001617 | S71: =IF(input_data!S41="","",input_data!S41) -> 3439 | T71: =IF(input_data!U75="","",input_data!U75) -> 0.001608 | U71: =IF(input_data!S75="","",input_data!S75) -> 6789 | V71: =IF(input_data!U109="","",input_data!U109) | W71: =IF(input_data!S109="","",input_data!S109) | X71: =IF(input_data!U142="","",input_data!U142) | Y71: =IF(input_data!S142="","",input_data!S142) | Z71: =IF(input_data!U175="","",input_data!U175) | AA71: =IF(input_data!S175="","",input_data!S175) | AC71: =IF(input_data!U6="","",input_data!U6) -> 0.002217 | AD71: =IF(input_data!T6="","",input_data!T6) -> 25890 | AE71: =IF(input_data!U41="","",input_data!U41) -> 0.001617 | AF71: =IF(input_data!T41="","",input_data!T41) -> 12020 | AG71: =IF(input_data!U75="","",input_data!U75) -> 0.001608 | AH71: =IF(input_data!T75="","",input_data!T75) -> 21210 | AI71: =IF(input_data!U109="","",input_data!U109) | AJ71: =IF(input_data!T109="","",input_data!T109) | AK71: =IF(input_data!U142="","",input_data!U142) | AL71: =IF(input_data!T142="","",input_data!T142) | AM71: =IF(input_data!U175="","",input_data!U175) | AN71: =IF(input_data!T175="","",input_data!T175) | AP71: =IF(input_data!Q6="","",input_data!Q6) -> 360.6 | AQ71: =IF(input_data!Q41="","",input_data!Q41) -> 122.1 | AR71: =IF(input_data!Q75="","",input_data!Q75) -> 214.4 | AS71: =IF(input_data!Q109="","",input_data!Q109) | AT71: =IF(input_data!Q142="","",input_data!Q142) | AU71: =IF(input_data!Q175="","",input_data!Q175) | AW71: =IF(input_data!R6="","",input_data!R6) -> 162400 | AX71: =IF(input_data!S6="","",input_data!S6) -> 8981 | AY71: =IFERROR(IF(OR(AW71="",AX71=""),"",AX71/AW71),"") -> 0.055301724 | AZ71: =IF(input_data!R41="","",input_data!R41) -> 75420 | BA71: =IF(input_data!S41="","",input_data!S41) -> 3439 | BB71: =IFERROR(IF(OR(AZ71="",BA71=""),"",BA71/AZ71),"") -> 0.045597985 | BC71: =IF(input_data!R75="","",input_data!R75) -> 133100 | BD71: =IF(input_data!S75="","",input_data!S75) -> 6789 | BE71: =IFERROR(IF(OR(BC71="",BD71=""),"",BD71/BC71),"") -> 0.051006762 | BF71: =IF(input_data!R109="","",input_data!R109) | BG71: =IF(input_data!S109="","",input_data!S109) | BH71: =IFERROR(IF(OR(BF71="",BG71=""),"",BG71/BF71),"") | BI71: =IF(input_data!R142="","",input_data!R142) | BJ71: =IF(input_data!S142="","",input_data!S142) | BK71: =IFERROR(IF(OR(BI71="",BJ71=""),"",BJ71/BI71),"") | BL71: =IF(input_data!R175="","",input_data!R175) | BM71: =IF(input_data!S175="","",input_data!S175) | BN71: =IFERROR(IF(OR(BL71="",BM71=""),"",BM71/BL71),"") | BP71: =AY71 -> 0.055301724 | BQ71: =BB71 -> 0.045597985 | BR71: =BE71 -> 0.051006762 | BS71: =BH71 | BT71: =BK71 | BU71: =BN71 | BV71: ----------
A72: 4 | B72: 1 | C72: =IF(input_data!U7="","",input_data!U7) -> 0.003289 | D72: =IF(input_data!R7="","",input_data!R7) -> 159100 | E72: =IF(input_data!U42="","",input_data!U42) -> 0.002041 | F72: =IF(input_data!R42="","",input_data!R42) -> 74180 | G72: =IF(input_data!U76="","",input_data!U76) -> 0.002042 | H72: =IF(input_data!R76="","",input_data!R76) -> 132700 | I72: =IF(input_data!U110="","",input_data!U110) | J72: =IF(input_data!R110="","",input_data!R110) | K72: =IF(input_data!U143="","",input_data!U143) | L72: =IF(input_data!R143="","",input_data!R143) | M72: =IF(input_data!U176="","",input_data!U176) | N72: =IF(input_data!R176="","",input_data!R176) | O72: ---------- | P72: =IF(input_data!U7="","",input_data!U7) -> 0.003289 | Q72: =IF(input_data!S7="","",input_data!S7) -> 10580 | R72: =IF(input_data!U42="","",input_data!U42) -> 0.002041 | S72: =IF(input_data!S42="","",input_data!S42) -> 3398 | T72: =IF(input_data!U76="","",input_data!U76) -> 0.002042 | U72: =IF(input_data!S76="","",input_data!S76) -> 7065 | V72: =IF(input_data!U110="","",input_data!U110) | W72: =IF(input_data!S110="","",input_data!S110) | X72: =IF(input_data!U143="","",input_data!U143) | Y72: =IF(input_data!S143="","",input_data!S143) | Z72: =IF(input_data!U176="","",input_data!U176) | AA72: =IF(input_data!S176="","",input_data!S176) | AC72: =IF(input_data!U7="","",input_data!U7) -> 0.003289 | AD72: =IF(input_data!T7="","",input_data!T7) -> 25380 | AE72: =IF(input_data!U42="","",input_data!U42) -> 0.002041 | AF72: =IF(input_data!T42="","",input_data!T42) -> 11820 | AG72: =IF(input_data!U76="","",input_data!U76) -> 0.002042 | AH72: =IF(input_data!T76="","",input_data!T76) -> 21140 | AI72: =IF(input_data!U110="","",input_data!U110) | AJ72: =IF(input_data!T110="","",input_data!T110) | AK72: =IF(input_data!U143="","",input_data!U143) | AL72: =IF(input_data!T143="","",input_data!T143) | AM72: =IF(input_data!U176="","",input_data!U176) | AN72: =IF(input_data!T176="","",input_data!T176) | AP72: =IF(input_data!Q7="","",input_data!Q7) -> 524.5 | AQ72: =IF(input_data!Q42="","",input_data!Q42) -> 151.5 | AR72: =IF(input_data!Q76="","",input_data!Q76) -> 271.3 | AS72: =IF(input_data!Q110="","",input_data!Q110) | AT72: =IF(input_data!Q143="","",input_data!Q143) | AU72: =IF(input_data!Q176="","",input_data!Q176) | AW72: =IF(input_data!R7="","",input_data!R7) -> 159100 | AX72: =IF(input_data!S7="","",input_data!S7) -> 10580 | AY72: =IFERROR(IF(OR(AW72="",AX72=""),"",AX72/AW72),"") -> 0.066499057 | AZ72: =IF(input_data!R42="","",input_data!R42) -> 74180 | BA72: =IF(input_data!S42="","",input_data!S42) -> 3398 | BB72: =IFERROR(IF(OR(AZ72="",BA72=""),"",BA72/AZ72),"") -> 0.045807495 | BC72: =IF(input_data!R76="","",input_data!R76) -> 132700 | BD72: =IF(input_data!S76="","",input_data!S76) -> 7065 | BE72: =IFERROR(IF(OR(BC72="",BD72=""),"",BD72/BC72),"") -> 0.053240392 | BF72: =IF(input_data!R110="","",input_data!R110) | BG72: =IF(input_data!S110="","",input_data!S110) | BH72: =IFERROR(IF(OR(BF72="",BG72=""),"",BG72/BF72),"") | BI72: =IF(input_data!R143="","",input_data!R143) | BJ72: =IF(input_data!S143="","",input_data!S143) | BK72: =IFERROR(IF(OR(BI72="",BJ72=""),"",BJ72/BI72),"") | BL72: =IF(input_data!R176="","",input_data!R176) | BM72: =IF(input_data!S176="","",input_data!S176) | BN72: =IFERROR(IF(OR(BL72="",BM72=""),"",BM72/BL72),"") | BP72: =AY72 -> 0.066499057 | BQ72: =BB72 -> 0.045807495 | BR72: =BE72 -> 0.053240392 | BS72: =BH72 | BT72: =BK72 | BU72: =BN72 | BV72: ----------
A73: 5 | B73: 1 | C73: =IF(input_data!U8="","",input_data!U8) -> 0.004886 | D73: =IF(input_data!R8="","",input_data!R8) -> 159500 | E73: =IF(input_data!U43="","",input_data!U43) -> 0.002598 | F73: =IF(input_data!R43="","",input_data!R43) -> 73560 | G73: =IF(input_data!U77="","",input_data!U77) -> 0.00259 | H73: =IF(input_data!R77="","",input_data!R77) -> 130100 | I73: =IF(input_data!U111="","",input_data!U111) | J73: =IF(input_data!R111="","",input_data!R111) | K73: =IF(input_data!U144="","",input_data!U144) | L73: =IF(input_data!R144="","",input_data!R144) | M73: =IF(input_data!U177="","",input_data!U177) | N73: =IF(input_data!R177="","",input_data!R177) | O73: ---------- | P73: =IF(input_data!U8="","",input_data!U8) -> 0.004886 | Q73: =IF(input_data!S8="","",input_data!S8) -> 15040 | R73: =IF(input_data!U43="","",input_data!U43) -> 0.002598 | S73: =IF(input_data!S43="","",input_data!S43) -> 3779 | T73: =IF(input_data!U77="","",input_data!U77) -> 0.00259 | U73: =IF(input_data!S77="","",input_data!S77) -> 7468 | V73: =IF(input_data!U111="","",input_data!U111) | W73: =IF(input_data!S111="","",input_data!S111) | X73: =IF(input_data!U144="","",input_data!U144) | Y73: =IF(input_data!S144="","",input_data!S144) | Z73: =IF(input_data!U177="","",input_data!U177) | AA73: =IF(input_data!S177="","",input_data!S177) | AC73: =IF(input_data!U8="","",input_data!U8) -> 0.004886 | AD73: =IF(input_data!T8="","",input_data!T8) -> 25490 | AE73: =IF(input_data!U43="","",input_data!U43) -> 0.002598 | AF73: =IF(input_data!T43="","",input_data!T43) -> 11720 | AG73: =IF(input_data!U77="","",input_data!U77) -> 0.00259 | AH73: =IF(input_data!T77="","",input_data!T77) -> 20750 | AI73: =IF(input_data!U111="","",input_data!U111) | AJ73: =IF(input_data!T111="","",input_data!T111) | AK73: =IF(input_data!U144="","",input_data!U144) | AL73: =IF(input_data!T144="","",input_data!T144) | AM73: =IF(input_data!U177="","",input_data!U177) | AN73: =IF(input_data!T177="","",input_data!T177) | AP73: =IF(input_data!Q8="","",input_data!Q8) -> 782.5 | AQ73: =IF(input_data!Q43="","",input_data!Q43) -> 191.4 | AR73: =IF(input_data!Q77="","",input_data!Q77) -> 337.6 | AS73: =IF(input_data!Q111="","",input_data!Q111) | AT73: =IF(input_data!Q144="","",input_data!Q144) | AU73: =IF(input_data!Q177="","",input_data!Q177) | AW73: =IF(input_data!R8="","",input_data!R8) -> 159500 | AX73: =IF(input_data!S8="","",input_data!S8) -> 15040 | AY73: =IFERROR(IF(OR(AW73="",AX73=""),"",AX73/AW73),"") -> 0.094294671 | AZ73: =IF(input_data!R43="","",input_data!R43) -> 73560 | BA73: =IF(input_data!S43="","",input_data!S43) -> 3779 | BB73: =IFERROR(IF(OR(AZ73="",BA73=""),"",BA73/AZ73),"") -> 0.051373029 | BC73: =IF(input_data!R77="","",input_data!R77) -> 130100 | BD73: =IF(input_data!S77="","",input_data!S77) -> 7468 | BE73: =IFERROR(IF(OR(BC73="",BD73=""),"",BD73/BC73),"") -> 0.057401998 | BF73: =IF(input_data!R111="","",input_data!R111) | BG73: =IF(input_data!S111="","",input_data!S111) | BH73: =IFERROR(IF(OR(BF73="",BG73=""),"",BG73/BF73),"") | BI73: =IF(input_data!R144="","",input_data!R144) | BJ73: =IF(input_data!S144="","",input_data!S144) | BK73: =IFERROR(IF(OR(BI73="",BJ73=""),"",BJ73/BI73),"") | BL73: =IF(input_data!R177="","",input_data!R177) | BM73: =IF(input_data!S177="","",input_data!S177) | BN73: =IFERROR(IF(OR(BL73="",BM73=""),"",BM73/BL73),"") | BP73: =AY73 -> 0.094294671 | BQ73: =BB73 -> 0.051373029 | BR73: =BE73 -> 0.057401998 | BS73: =BH73 | BT73: =BK73 | BU73: =BN73 | BV73: ----------
A74: 6 | B74: 1 | C74: =IF(input_data!U9="","",input_data!U9) -> 0.007275 | D74: =IF(input_data!R9="","",input_data!R9) -> 154800 | E74: =IF(input_data!U44="","",input_data!U44) -> 0.003291 | F74: =IF(input_data!R44="","",input_data!R44) -> 73040 | G74: =IF(input_data!U78="","",input_data!U78) -> 0.00329 | H74: =IF(input_data!R78="","",input_data!R78) -> 127900 | I74: =IF(input_data!U112="","",input_data!U112) | J74: =IF(input_data!R112="","",input_data!R112) | K74: =IF(input_data!U145="","",input_data!U145) | L74: =IF(input_data!R145="","",input_data!R145) | M74: =IF(input_data!U178="","",input_data!U178) | N74: =IF(input_data!R178="","",input_data!R178) | O74: ---------- | P74: =IF(input_data!U9="","",input_data!U9) -> 0.007275 | Q74: =IF(input_data!S9="","",input_data!S9) -> 23640 | R74: =IF(input_data!U44="","",input_data!U44) -> 0.003291 | S74: =IF(input_data!S44="","",input_data!S44) -> 3988 | T74: =IF(input_data!U78="","",input_data!U78) -> 0.00329 | U74: =IF(input_data!S78="","",input_data!S78) -> 7982 | V74: =IF(input_data!U112="","",input_data!U112) | W74: =IF(input_data!S112="","",input_data!S112) | X74: =IF(input_data!U145="","",input_data!U145) | Y74: =IF(input_data!S145="","",input_data!S145) | Z74: =IF(input_data!U178="","",input_data!U178) | AA74: =IF(input_data!S178="","",input_data!S178) | AC74: =IF(input_data!U9="","",input_data!U9) -> 0.007275 | AD74: =IF(input_data!T9="","",input_data!T9) -> 24930 | AE74: =IF(input_data!U44="","",input_data!U44) -> 0.003291 | AF74: =IF(input_data!T44="","",input_data!T44) -> 11640 | AG74: =IF(input_data!U78="","",input_data!U78) -> 0.00329 | AH74: =IF(input_data!T78="","",input_data!T78) -> 20400 | AI74: =IF(input_data!U112="","",input_data!U112) | AJ74: =IF(input_data!T112="","",input_data!T112) | AK74: =IF(input_data!U145="","",input_data!U145) | AL74: =IF(input_data!T145="","",input_data!T145) | AM74: =IF(input_data!U178="","",input_data!U178) | AN74: =IF(input_data!T178="","",input_data!T178) | AP74: =IF(input_data!Q9="","",input_data!Q9) -> 1139 | AQ74: =IF(input_data!Q44="","",input_data!Q44) -> 240.7 | AR74: =IF(input_data!Q78="","",input_data!Q78) -> 421.7 | AS74: =IF(input_data!Q112="","",input_data!Q112) | AT74: =IF(input_data!Q145="","",input_data!Q145) | AU74: =IF(input_data!Q178="","",input_data!Q178) | AW74: =IF(input_data!R9="","",input_data!R9) -> 154800 | AX74: =IF(input_data!S9="","",input_data!S9) -> 23640 | AY74: =IFERROR(IF(OR(AW74="",AX74=""),"",AX74/AW74),"") -> 0.15271318 | AZ74: =IF(input_data!R44="","",input_data!R44) -> 73040 | BA74: =IF(input_data!S44="","",input_data!S44) -> 3988 | BB74: =IFERROR(IF(OR(AZ74="",BA74=""),"",BA74/AZ74),"") -> 0.054600219 | BC74: =IF(input_data!R78="","",input_data!R78) -> 127900 | BD74: =IF(input_data!S78="","",input_data!S78) -> 7982 | BE74: =IFERROR(IF(OR(BC74="",BD74=""),"",BD74/BC74),"") -> 0.062408131 | BF74: =IF(input_data!R112="","",input_data!R112) | BG74: =IF(input_data!S112="","",input_data!S112) | BH74: =IFERROR(IF(OR(BF74="",BG74=""),"",BG74/BF74),"") | BI74: =IF(input_data!R145="","",input_data!R145) | BJ74: =IF(input_data!S145="","",input_data!S145) | BK74: =IFERROR(IF(OR(BI74="",BJ74=""),"",BJ74/BI74),"") | BL74: =IF(input_data!R178="","",input_data!R178) | BM74: =IF(input_data!S178="","",input_data!S178) | BN74: =IFERROR(IF(OR(BL74="",BM74=""),"",BM74/BL74),"") | BP74: =AY74 -> 0.15271318 | BQ74: =BB74 -> 0.054600219 | BR74: =BE74 -> 0.062408131 | BS74: =BH74 | BT74: =BK74 | BU74: =BN74 | BV74: ----------
A75: 7 | B75: 1 | C75: =IF(input_data!U10="","",input_data!U10) -> 0.01081 | D75: =IF(input_data!R10="","",input_data!R10) -> 140800 | E75: =IF(input_data!U45="","",input_data!U45) -> 0.004174 | F75: =IF(input_data!R45="","",input_data!R45) -> 72860 | G75: =IF(input_data!U79="","",input_data!U79) -> 0.004174 | H75: =IF(input_data!R79="","",input_data!R79) -> 124500 | I75: =IF(input_data!U113="","",input_data!U113) | J75: =IF(input_data!R113="","",input_data!R113) | K75: =IF(input_data!U146="","",input_data!U146) | L75: =IF(input_data!R146="","",input_data!R146) | M75: =IF(input_data!U179="","",input_data!U179) | N75: =IF(input_data!R179="","",input_data!R179) | O75: ---------- | P75: =IF(input_data!U10="","",input_data!U10) -> 0.01081 | Q75: =IF(input_data!S10="","",input_data!S10) -> 32230 | R75: =IF(input_data!U45="","",input_data!U45) -> 0.004174 | S75: =IF(input_data!S45="","",input_data!S45) -> 4386 | T75: =IF(input_data!U79="","",input_data!U79) -> 0.004174 | U75: =IF(input_data!S79="","",input_data!S79) -> 8470 | V75: =IF(input_data!U113="","",input_data!U113) | W75: =IF(input_data!S113="","",input_data!S113) | X75: =IF(input_data!U146="","",input_data!U146) | Y75: =IF(input_data!S146="","",input_data!S146) | Z75: =IF(input_data!U179="","",input_data!U179) | AA75: =IF(input_data!S179="","",input_data!S179) | AC75: =IF(input_data!U10="","",input_data!U10) -> 0.01081 | AD75: =IF(input_data!T10="","",input_data!T10) -> 22990 | AE75: =IF(input_data!U45="","",input_data!U45) -> 0.004174 | AF75: =IF(input_data!T45="","",input_data!T45) -> 11620 | AG75: =IF(input_data!U79="","",input_data!U79) -> 0.004174 | AH75: =IF(input_data!T79="","",input_data!T79) -> 19870 | AI75: =IF(input_data!U113="","",input_data!U113) | AJ75: =IF(input_data!T113="","",input_data!T113) | AK75: =IF(input_data!U146="","",input_data!U146) | AL75: =IF(input_data!T146="","",input_data!T146) | AM75: =IF(input_data!U179="","",input_data!U179) | AN75: =IF(input_data!T179="","",input_data!T179) | AP75: =IF(input_data!Q10="","",input_data!Q10) -> 1562 | AQ75: =IF(input_data!Q45="","",input_data!Q45) -> 304.7 | AR75: =IF(input_data!Q79="","",input_data!Q79) -> 521.1 | AS75: =IF(input_data!Q113="","",input_data!Q113) | AT75: =IF(input_data!Q146="","",input_data!Q146) | AU75: =IF(input_data!Q179="","",input_data!Q179) | AW75: =IF(input_data!R10="","",input_data!R10) -> 140800 | AX75: =IF(input_data!S10="","",input_data!S10) -> 32230 | AY75: =IFERROR(IF(OR(AW75="",AX75=""),"",AX75/AW75),"") -> 0.22890625 | AZ75: =IF(input_data!R45="","",input_data!R45) -> 72860 | BA75: =IF(input_data!S45="","",input_data!S45) -> 4386 | BB75: =IFERROR(IF(OR(AZ75="",BA75=""),"",BA75/AZ75),"") -> 0.060197639 | BC75: =IF(input_data!R79="","",input_data!R79) -> 124500 | BD75: =IF(input_data!S79="","",input_data!S79) -> 8470 | BE75: =IFERROR(IF(OR(BC75="",BD75=""),"",BD75/BC75),"") -> 0.068032129 | BF75: =IF(input_data!R113="","",input_data!R113) | BG75: =IF(input_data!S113="","",input_data!S113) | BH75: =IFERROR(IF(OR(BF75="",BG75=""),"",BG75/BF75),"") | BI75: =IF(input_data!R146="","",input_data!R146) | BJ75: =IF(input_data!S146="","",input_data!S146) | BK75: =IFERROR(IF(OR(BI75="",BJ75=""),"",BJ75/BI75),"") | BL75: =IF(input_data!R179="","",input_data!R179) | BM75: =IF(input_data!S179="","",input_data!S179) | BN75: =IFERROR(IF(OR(BL75="",BM75=""),"",BM75/BL75),"") | BP75: =AY75 -> 0.22890625 | BQ75: =BB75 -> 0.060197639 | BR75: =BE75 -> 0.068032129 | BS75: =BH75 | BT75: =BK75 | BU75: =BN75 | BV75: ----------
A76: 8 | B76: 1 | C76: =IF(input_data!U11="","",input_data!U11) -> 0.01603 | D76: =IF(input_data!R11="","",input_data!R11) -> 120400 | E76: =IF(input_data!U46="","",input_data!U46) -> 0.005298 | F76: =IF(input_data!R46="","",input_data!R46) -> 72680 | G76: =IF(input_data!U80="","",input_data!U80) -> 0.005302 | H76: =IF(input_data!R80="","",input_data!R80) -> 120300 | I76: =IF(input_data!U114="","",input_data!U114) | J76: =IF(input_data!R114="","",input_data!R114) | K76: =IF(input_data!U147="","",input_data!U147) | L76: =IF(input_data!R147="","",input_data!R147) | M76: =IF(input_data!U180="","",input_data!U180) | N76: =IF(input_data!R180="","",input_data!R180) | O76: ---------- | P76: =IF(input_data!U11="","",input_data!U11) -> 0.01603 | Q76: =IF(input_data!S11="","",input_data!S11) -> 34670 | R76: =IF(input_data!U46="","",input_data!U46) -> 0.005298 | S76: =IF(input_data!S46="","",input_data!S46) -> 4919 | T76: =IF(input_data!U80="","",input_data!U80) -> 0.005302 | U76: =IF(input_data!S80="","",input_data!S80) -> 8879 | V76: =IF(input_data!U114="","",input_data!U114) | W76: =IF(input_data!S114="","",input_data!S114) | X76: =IF(input_data!U147="","",input_data!U147) | Y76: =IF(input_data!S147="","",input_data!S147) | Z76: =IF(input_data!U180="","",input_data!U180) | AA76: =IF(input_data!S180="","",input_data!S180) | AC76: =IF(input_data!U11="","",input_data!U11) -> 0.01603 | AD76: =IF(input_data!T11="","",input_data!T11) -> 19940 | AE76: =IF(input_data!U46="","",input_data!U46) -> 0.005298 | AF76: =IF(input_data!T46="","",input_data!T46) -> 11590 | AG76: =IF(input_data!U80="","",input_data!U80) -> 0.005302 | AH76: =IF(input_data!T80="","",input_data!T80) -> 19190 | AI76: =IF(input_data!U114="","",input_data!U114) | AJ76: =IF(input_data!T114="","",input_data!T114) | AK76: =IF(input_data!U147="","",input_data!U147) | AL76: =IF(input_data!T147="","",input_data!T147) | AM76: =IF(input_data!U180="","",input_data!U180) | AN76: =IF(input_data!T180="","",input_data!T180) | AP76: =IF(input_data!Q11="","",input_data!Q11) -> 2007 | AQ76: =IF(input_data!Q46="","",input_data!Q46) -> 386 | AR76: =IF(input_data!Q80="","",input_data!Q80) -> 639.4 | AS76: =IF(input_data!Q114="","",input_data!Q114) | AT76: =IF(input_data!Q147="","",input_data!Q147) | AU76: =IF(input_data!Q180="","",input_data!Q180) | AW76: =IF(input_data!R11="","",input_data!R11) -> 120400 | AX76: =IF(input_data!S11="","",input_data!S11) -> 34670 | AY76: =IFERROR(IF(OR(AW76="",AX76=""),"",AX76/AW76),"") -> 0.28795681 | AZ76: =IF(input_data!R46="","",input_data!R46) -> 72680 | BA76: =IF(input_data!S46="","",input_data!S46) -> 4919 | BB76: =IFERROR(IF(OR(AZ76="",BA76=""),"",BA76/AZ76),"") -> 0.067680242 | BC76: =IF(input_data!R80="","",input_data!R80) -> 120300 | BD76: =IF(input_data!S80="","",input_data!S80) -> 8879 | BE76: =IFERROR(IF(OR(BC76="",BD76=""),"",BD76/BC76),"") -> 0.073807149 | BF76: =IF(input_data!R114="","",input_data!R114) | BG76: =IF(input_data!S114="","",input_data!S114) | BH76: =IFERROR(IF(OR(BF76="",BG76=""),"",BG76/BF76),"") | BI76: =IF(input_data!R147="","",input_data!R147) | BJ76: =IF(input_data!S147="","",input_data!S147) | BK76: =IFERROR(IF(OR(BI76="",BJ76=""),"",BJ76/BI76),"") | BL76: =IF(input_data!R180="","",input_data!R180) | BM76: =IF(input_data!S180="","",input_data!S180) | BN76: =IFERROR(IF(OR(BL76="",BM76=""),"",BM76/BL76),"") | BP76: =AY76 -> 0.28795681 | BQ76: =BB76 -> 0.067680242 | BR76: =BE76 -> 0.073807149 | BS76: =BH76 | BT76: =BK76 | BU76: =BN76 | BV76: ----------
A77: 9 | B77: 1 | C77: =IF(input_data!U12="","",input_data!U12) -> 0.02384 | D77: =IF(input_data!R12="","",input_data!R12) -> 104200 | E77: =IF(input_data!U47="","",input_data!U47) -> 0.006722 | F77: =IF(input_data!R47="","",input_data!R47) -> 72330 | G77: =IF(input_data!U81="","",input_data!U81) -> 0.006729 | H77: =IF(input_data!R81="","",input_data!R81) -> 115100 | I77: =IF(input_data!U115="","",input_data!U115) | J77: =IF(input_data!R115="","",input_data!R115) | K77: =IF(input_data!U148="","",input_data!U148) | L77: =IF(input_data!R148="","",input_data!R148) | M77: =IF(input_data!U181="","",input_data!U181) | N77: =IF(input_data!R181="","",input_data!R181) | O77: ---------- | P77: =IF(input_data!U12="","",input_data!U12) -> 0.02384 | Q77: =IF(input_data!S12="","",input_data!S12) -> 35920 | R77: =IF(input_data!U47="","",input_data!U47) -> 0.006722 | S77: =IF(input_data!S47="","",input_data!S47) -> 5529 | T77: =IF(input_data!U81="","",input_data!U81) -> 0.006729 | U77: =IF(input_data!S81="","",input_data!S81) -> 9572 | V77: =IF(input_data!U115="","",input_data!U115) | W77: =IF(input_data!S115="","",input_data!S115) | X77: =IF(input_data!U148="","",input_data!U148) | Y77: =IF(input_data!S148="","",input_data!S148) | Z77: =IF(input_data!U181="","",input_data!U181) | AA77: =IF(input_data!S181="","",input_data!S181) | AC77: =IF(input_data!U12="","",input_data!U12) -> 0.02384 | AD77: =IF(input_data!T12="","",input_data!T12) -> 17540 | AE77: =IF(input_data!U47="","",input_data!U47) -> 0.006722 | AF77: =IF(input_data!T47="","",input_data!T47) -> 11550 | AG77: =IF(input_data!U81="","",input_data!U81) -> 0.006729 | AH77: =IF(input_data!T81="","",input_data!T81) -> 18380 | AI77: =IF(input_data!U115="","",input_data!U115) | AJ77: =IF(input_data!T115="","",input_data!T115) | AK77: =IF(input_data!U148="","",input_data!U148) | AL77: =IF(input_data!T148="","",input_data!T148) | AM77: =IF(input_data!U181="","",input_data!U181) | AN77: =IF(input_data!T181="","",input_data!T181) | AP77: =IF(input_data!Q12="","",input_data!Q12) -> 2627 | AQ77: =IF(input_data!Q47="","",input_data!Q47) -> 487.6 | AR77: =IF(input_data!Q81="","",input_data!Q81) -> 777 | AS77: =IF(input_data!Q115="","",input_data!Q115) | AT77: =IF(input_data!Q148="","",input_data!Q148) | AU77: =IF(input_data!Q181="","",input_data!Q181) | AW77: =IF(input_data!R12="","",input_data!R12) -> 104200 | AX77: =IF(input_data!S12="","",input_data!S12) -> 35920 | AY77: =IFERROR(IF(OR(AW77="",AX77=""),"",AX77/AW77),"") -> 0.34472169 | AZ77: =IF(input_data!R47="","",input_data!R47) -> 72330 | BA77: =IF(input_data!S47="","",input_data!S47) -> 5529 | BB77: =IFERROR(IF(OR(AZ77="",BA77=""),"",BA77/AZ77),"") -> 0.076441311 | BC77: =IF(input_data!R81="","",input_data!R81) -> 115100 | BD77: =IF(input_data!S81="","",input_data!S81) -> 9572 | BE77: =IFERROR(IF(OR(BC77="",BD77=""),"",BD77/BC77),"") -> 0.083162467 | BF77: =IF(input_data!R115="","",input_data!R115) | BG77: =IF(input_data!S115="","",input_data!S115) | BH77: =IFERROR(IF(OR(BF77="",BG77=""),"",BG77/BF77),"") | BI77: =IF(input_data!R148="","",input_data!R148) | BJ77: =IF(input_data!S148="","",input_data!S148) | BK77: =IFERROR(IF(OR(BI77="",BJ77=""),"",BJ77/BI77),"") | BL77: =IF(input_data!R181="","",input_data!R181) | BM77: =IF(input_data!S181="","",input_data!S181) | BN77: =IFERROR(IF(OR(BL77="",BM77=""),"",BM77/BL77),"") | BP77: =AY77 -> 0.34472169 | BQ77: =BB77 -> 0.076441311 | BR77: =BE77 -> 0.083162467 | BS77: =BH77 | BT77: =BK77 | BU77: =BN77 | BV77: ----------
A78: 10 | B78: 1 | C78: =IF(input_data!U13="","",input_data!U13) -> 0.03538 | D78: =IF(input_data!R13="","",input_data!R13) -> 89240 | E78: =IF(input_data!U48="","",input_data!U48) -> 0.008522 | F78: =IF(input_data!R48="","",input_data!R48) -> 70970 | G78: =IF(input_data!U82="","",input_data!U82) -> 0.008536 | H78: =IF(input_data!R82="","",input_data!R82) -> 110100 | I78: =IF(input_data!U116="","",input_data!U116) | J78: =IF(input_data!R116="","",input_data!R116) | K78: =IF(input_data!U149="","",input_data!U149) | L78: =IF(input_data!R149="","",input_data!R149) | M78: =IF(input_data!U182="","",input_data!U182) | N78: =IF(input_data!R182="","",input_data!R182) | O78: ---------- | P78: =IF(input_data!U13="","",input_data!U13) -> 0.03538 | Q78: =IF(input_data!S13="","",input_data!S13) -> 36730 | R78: =IF(input_data!U48="","",input_data!U48) -> 0.008522 | S78: =IF(input_data!S48="","",input_data!S48) -> 6332 | T78: =IF(input_data!U82="","",input_data!U82) -> 0.008536 | U78: =IF(input_data!S82="","",input_data!S82) -> 10070 | V78: =IF(input_data!U116="","",input_data!U116) | W78: =IF(input_data!S116="","",input_data!S116) | X78: =IF(input_data!U149="","",input_data!U149) | Y78: =IF(input_data!S149="","",input_data!S149) | Z78: =IF(input_data!U182="","",input_data!U182) | AA78: =IF(input_data!S182="","",input_data!S182) | AC78: =IF(input_data!U13="","",input_data!U13) -> 0.03538 | AD78: =IF(input_data!T13="","",input_data!T13) -> 15360 | AE78: =IF(input_data!U48="","",input_data!U48) -> 0.008522 | AF78: =IF(input_data!T48="","",input_data!T48) -> 11340 | AG78: =IF(input_data!U82="","",input_data!U82) -> 0.008536 | AH78: =IF(input_data!T82="","",input_data!T82) -> 17590 | AI78: =IF(input_data!U116="","",input_data!U116) | AJ78: =IF(input_data!T116="","",input_data!T116) | AK78: =IF(input_data!U149="","",input_data!U149) | AL78: =IF(input_data!T149="","",input_data!T149) | AM78: =IF(input_data!U182="","",input_data!U182) | AN78: =IF(input_data!T182="","",input_data!T182) | AP78: =IF(input_data!Q13="","",input_data!Q13) -> 3414 | AQ78: =IF(input_data!Q48="","",input_data!Q48) -> 607.2 | AR78: =IF(input_data!Q82="","",input_data!Q82) -> 943.5 | AS78: =IF(input_data!Q116="","",input_data!Q116) | AT78: =IF(input_data!Q149="","",input_data!Q149) | AU78: =IF(input_data!Q182="","",input_data!Q182) | AW78: =IF(input_data!R13="","",input_data!R13) -> 89240 | AX78: =IF(input_data!S13="","",input_data!S13) -> 36730 | AY78: =IFERROR(IF(OR(AW78="",AX78=""),"",AX78/AW78),"") -> 0.41158673 | AZ78: =IF(input_data!R48="","",input_data!R48) -> 70970 | BA78: =IF(input_data!S48="","",input_data!S48) -> 6332 | BB78: =IFERROR(IF(OR(AZ78="",BA78=""),"",BA78/AZ78),"") -> 0.089220798 | BC78: =IF(input_data!R82="","",input_data!R82) -> 110100 | BD78: =IF(input_data!S82="","",input_data!S82) -> 10070 | BE78: =IFERROR(IF(OR(BC78="",BD78=""),"",BD78/BC78),"") -> 0.091462307 | BF78: =IF(input_data!R116="","",input_data!R116) | BG78: =IF(input_data!S116="","",input_data!S116) | BH78: =IFERROR(IF(OR(BF78="",BG78=""),"",BG78/BF78),"") | BI78: =IF(input_data!R149="","",input_data!R149) | BJ78: =IF(input_data!S149="","",input_data!S149) | BK78: =IFERROR(IF(OR(BI78="",BJ78=""),"",BJ78/BI78),"") | BL78: =IF(input_data!R182="","",input_data!R182) | BM78: =IF(input_data!S182="","",input_data!S182) | BN78: =IFERROR(IF(OR(BL78="",BM78=""),"",BM78/BL78),"") | BP78: =AY78 -> 0.41158673 | BQ78: =BB78 -> 0.089220798 | BR78: =BE78 -> 0.091462307 | BS78: =BH78 | BT78: =BK78 | BU78: =BN78 | BV78: ----------
