Workbook

Sheet freq_diagrams
A1: 0.1Hz | AW1: 0.1Hz
A82: 0.5Hz | AW82: 0.5Hz
A161: 1.0Hz | AW161: 1.0Hz
A243: 5.0Hz | AW243: 5.0Hz
A326: 10.0Hz | AW326: 10.0Hz
A406: 20.0Hz | AW406: 20.0Hz
A488: 30.0Hz | AW488: 30.0Hz
A571: 50.0Hz | AW571: 50.0Hz
A654: 75.0Hz | AW654: 75.0Hz
A736: 100.0Hz | AW736: 100.0Hz

Sheet input_data
B1: Частотные характеристики при 20°С SCTNA=60p_Katal68=2p_PyrO=40p_U=0v_30_points | BM1: 0v
B2: Частота 0,1 Гц | I2: Частота 0,5 Гц | P2: Частота 1 Гц | W2: Частота 5 Гц | AD2: Частота 10 Гц | AK2: Частота 20 Гц | AR2: Частота 30 Гц | AY2: Частота 50 Гц | BF2: Частота 75 Гц | BM2: Частота 100 Гц
B3: t_seg in s | C3: Tau in Pa | D3: G' in Pa | E3: G" in Pa | F3: |eta*| in Pas | G3: gamma | I3: t_seg in s | J3: Tau in Pa | K3: G' in Pa | L3: G" in Pa | M3: |eta*| in Pas | N3: gamma | P3: t_seg in s | Q3: Tau in Pa | R3: G' in Pa | S3: G" in Pa | T3: |eta*| in Pas | U3: gamma | W3: t_seg in s | X3: Tau in Pa | Y3: G' in Pa | Z3: G" in Pa | AA3: |eta*| in Pas | AB3: gamma | AD3: t_seg in s | AE3: Tau in Pa | AF3: G' in Pa | AG3: G" in Pa | AH3: |eta*| in Pas | AI3: gamma | AK3: t_seg in s | AL3: Tau in Pa | AM3: G' in Pa | AN3: G" in Pa | AO3: |eta*| in Pas | AP3: gamma | AR3: t_seg in s | AS3: Tau in Pa | AT3: G' in Pa | AU3: G" in Pa | AV3: |eta*| in Pas | AW3: gamma | AY3: t_seg in s | AZ3: Tau in Pa | BA3: G' in Pa | BB3: G" in Pa | BC3: |eta*| in Pas | BD3: gamma | BF3: t_seg in s | BG3: Tau in Pa | BH3: G' in Pa | BI3: G" in Pa | BJ3: |eta*| in Pas | BK3: gamma | BM3: t_seg in s | BN3: Tau in Pa | BO3: G' in Pa | BP3: G" in Pa | BQ3: |eta*| in Pas | BR3: gamma
A4: 1|1 | B4: 236.6 | C4: 1466 | D4: 121400 | E4: 34680 | F4: 200900 | G4: 0.01161 | H4: 1|1 | I4: 91.12 | J4: 158.7 | K4: 162700 | L4: 5534 | M4: 51830 | N4: 0.0009749 | O4: 1|1 | P4: 73.71 | Q4: 187.4 | R4: 185100 | S4: 11990 | T4: 29520 | U4: 0.00101 | V4: 1|1 | W4: 48.63 | X4: 176.4 | Y4: 178900 | Z4: 8995 | AA4: 5702 | AB4: 0.000985 | AC4: 1|1 | AD4: 44.4 | AE4: 177.8 | AF4: 179500 | AG4: 4606 | AH4: 2857 | AI4: 0.0009901 | AJ4: 1|1 | AK4: 39.36 | AL4: 177.5 | AM4: 176400 | AN4: 9066 | AO4: 1405 | AP4: 0.001005 | AQ4: 1|1 | AR4: 32.56 | AS4: 183.1 | AT4: 177200 | AU4: 9700 | AV4: 921.2 | AW4: 0.001032 | AX4: 1|1 | AY4: 32.7 | AZ4: 179.5 | BA4: 176000 | BB4: 14740 | BC4: 550.1 | BD4: 0.001016 | BE4: 1|1 | BF4: 32.51 | BG4: 164.7 | BH4: 164700 | BI4: 8650 | BJ4: 350 | BK4: 0.0009984 | BL4: 1|1 | BM4: 30.36 | BN4: 155.1 | BO4: 163500 | BP4: 26080 | BQ4: 263.5 | BR4: 0.0009369 | BT4: 100 | BU4: 20.72
A5: 1|2 | B5: 480.5 | C5: 1704 | D5: 119900 | E5: 35400 | F5: 198900 | G5: 0.01363 | H5: 1|2 | I5: 193.1 | J5: 290.2 | K5: 196200 | L5: 10370 | M5: 62530 | N5: 0.001477 | O5: 1|2 | P5: 160.7 | Q5: 251.8 | R5: 168800 | S5: 8619 | T5: 26900 | U5: 0.00149 | V5: 1|2 | W5: 103.8 | X5: 289.1 | Y5: 194200 | Z5: 9992 | AA5: 6190 | AB5: 0.001487 | AC5: 1|2 | AD5: 92.63 | AE5: 285.1 | AF5: 194000 | AG5: 11440 | AH5: 3092 | AI5: 0.001467 | AJ5: 1|2 | AK5: 81.78 | AL5: 255.2 | AM5: 171900 | AN5: 9192 | AO5: 1370 | AP5: 0.001483 | AQ5: 1|2 | AR5: 74.05 | AS5: 266 | AT5: 176000 | AU5: 12430 | AV5: 916 | AW5: 0.001507 | AX5: 1|2 | AY5: 71.76 | AZ5: 255.2 | BA5: 176400 | BB5: 5761 | BC5: 549.6 | BD5: 0.001446 | BE5: 1|2 | BF5: 71.76 | BG5: 237.9 | BH5: 159000 | BI5: 12420 | BJ5: 338.4 | BK5: 0.001492 | BL5: 1|2 | BM5: 68.48 | BN5: 241.7 | BP5: 15330 | BQ5: 24.39 | BR5: 0.00154 | BT5: 100 | BU5: 20.71
A6: 1|3 | B6: 723 | C6: 2062 | D6: 104300 | E6: 36350 | F6: 175900 | G6: 0.01866 | H6: 1|3 | I6: 296.1 | J6: 450 | K6: 203800 | L6: 13420 | M6: 65020 | N6: 0.002203 | O6: 1|3 | P6: 245.5 | Q6: 360.6 | R6: 162400 | S6: 8981 | T6: 25890 | U6: 0.002217 | V6: 1|3 | W6: 159 | X6: 426.3 | Y6: 192900 | Z6: 11200 | AA6: 6149 | AB6: 0.002206 | AC6: 1|3 | AD6: 140.7 | AE6: 428.2 | AF6: 191900 | AG6: 10010 | AH6: 3059 | AI6: 0.002228 | AJ6: 1|3 | AK6: 123.4 | AL6: 371.2 | AM6: 168200 | AN6: 8545 | AO6: 1340 | AP6: 0.002204 | AQ6: 1|3 | AR6: 115.3 | AS6: 385.5 | AT6: 171400 | AU6: 9496 | AV6: 891.2 | AW6: 0.002245 | AX6: 1|3 | AY6: 111.1 | AZ6: 383.8 | BA6: 168100 | BB6: 9548 | BC6: 524.5 | BD6: 0.002279 | BE6: 1|3 | BF6: 109.9 | BG6: 356.9 | BH6: 162100 | BI6: 14930 | BJ6: 345.5 | BK6: 0.002192 | BL6: 1|3 | BM6: 106.8 | BN6: 323.3 | BO6: 149100 | BP6: 15280 | BQ6: 238.6 | BR6: 0.002156 | BT6: 100 | BU6: 20.72
A7: 1|4 | B7: 965.6 | C7: 2415 | D7: 89100 | E7: 36010 | F7: 152900 | G7: 0.02513 | H7: 1|4 | I7: 397.9 | J7: 652.8 | K7: 198100 | L7: 18040 | M7: 63330 | N7: 0.003281 | O7: 1|4 | P7: 332.5 | Q7: 524.5 | R7: 159100 | S7: 10580 | T7: 25380 | U7: 0.003289 | V7: 1|4 | W7: 214.1 | X7: 628.8 | Y7: 190500 | Z7: 13070 | AA7: 6079 | AB7: 0.003292 | AC7: 1|4 | AD7: 187.7 | AE7: 595.9 | AF7: 180700 | AG7: 10630 | AH7: 2881 | AI7: 0.003292 | AJ7: 1|4 | AK7: 166 | AL7: 544.4 | AM7: 166800 | AN7: 10230 | AO7: 1330 | AP7: 0.003257 | AQ7: 1|4 | AR7: 156 | AS7: 555.8 | AT7: 168500 | AU7: 10670 | AV7: 876.5 | AW7: 0.003292 | AX7: 1|4 | AY7: 150.9 | AZ7: 537.3 | BA7: 166700 | BB7: 11010 | BC7: 520.4 | BD7: 0.003216 | BE7: 1|4 | BF7: 148.7 | BG7: 534.4 | BH7: 160600 | BI7: 17300 | BJ7: 342.9 | BK7: 0.003307 | BL7: 1|4 | BM7: 144.9 | BN7: 523.2 | BO7: 154300 | BP7: 13340 | BQ7: 246.6 | BR7: 0.003377 | BT7: 100 | BU7: 20.72
A8: 1|5 | B8: 1209 | C8: 2829 | D8: 74140 | E8: 33790 | F8: 129700 | G8: 0.03473 | H8: 1|5 | I8: 500.5 | J8: 883.9 | K8: 180000 | L8: 23700 | M8: 57800 | N8: 0.004868 | O8: 1|5 | P8: 419.4 | Q8: 782.5 | R8: 159500 | S8: 15040 | T8: 25490 | U8: 0.004886 | V8: 1|5 | W8: 269.2 | X8: 922 | Y8: 188000 | Z8: 16530 | AA8: 6006 | AB8: 0.004887 | AC8: 1|5 | AD8: 238.2 | AE8: 799.6 | AF8: 162700 | AG8: 10630 | AH8: 2595 | AI8: 0.004905 | AJ8: 1|5 | AK8: 209 | AL8: 820.4 | AM8: 167400 | AN8: 11940 | AO8: 1336 | AP8: 0.004887 | AQ8: 1|5 | AR8: 196.2 | AS8: 826.8 | AT8: 169800 | AU8: 14320 | AV8: 884.7 | AW8: 0.004852 | AX8: 1|5 | AY8: 190.1 | AZ8: 797.5 | BA8: 167700 | BB8: 17900 | BC8: 525.4 | BD8: 0.004728 | BE8: 1|5 | BF8: 188.1 | BG8: 811 | BH8: 163800 | BI8: 16660 | BJ8: 349.4 | BK8: 0.004926 | BL8: 1|5 | BM8: 183.1 | BN8: 744.6 | BO8: 158100 | BP8: 15970 | BQ8: 252.9 | BR8: 0.004687 | BT8: 100 | BU8: 20.72
A9: 1|6 | B9: 1452 | C9: 3277 | D9: 62630 | E9: 31160 | F9: 111300 | G9: 0.04684 | H9: 1|6 | I9: 602.4 | J9: 1189 | K9: 161500 | L9: 32870 | M9: 52460 | N9: 0.007215 | O9: 1|6 | P9: 504.3 | Q9: 1139 | R9: 154800 | S9: 23640 | T9: 24930 | U9: 0.007275 | V9: 1|6 | W9: 324.4 | X9: 1294 | Y9: 176600 | Z9: 22150 | AA9: 5664 | AB9: 0.007269 | AC9: 1|6 | AD9: 284.7 | AE9: 1107 | AF9: 151700 | AG9: 12640 | AH9: 2423 | AI9: 0.00727 | AJ9: 1|6 | AK9: 250.6 | AL9: 1234 | AM9: 169100 | AN9: 15150 | AO9: 1351 | AP9: 0.007272 | AQ9: 1|6 | AR9: 237.2 | AS9: 1225 | AT9: 170400 | AU9: 14200 | AV9: 887.7 | AW9: 0.007163 | AX9: 1|6 | AY9: 229.4 | AZ9: 1193 | BA9: 158700 | BB9: 21110 | BC9: 498.5 | BD9: 0.007452 | BE9: 1|6 | BF9: 226.5 | BG9: 1177 | BH9: 161000 | BI9: 21230 | BJ9: 344.6 | BK9: 0.007248 | BL9: 1|6 | BM9: 222.3 | BN9: 1126 | BO9: 149700 | BP9: 25420 | BQ9: 241.7 | BR9: 0.007416 | BT9: 100 | BU9: 20.72
A10: 1|7 | B10: 1695 | C10: 3821 | D10: 52660 | E10: 28390 | F10: 95210 | G10: 0.06387 | H10: 1|7 | I10: 704.4 | J10: 1487 | K10: 139300 | L10: 38490 | M10: 46000 | N10: 0.01029 | O10: 1|7 | P10: 591.2 | Q10: 1562 | R10: 140800 | S10: 32230 | T10: 22990 | U10: 0.01081 | V10: 1|7 | W10: 379.4 | X10: 1760 | Y10: 160200 | Z10: 28710 | AA10: 5181 | AB10: 0.01081 | AC10: 1|7 | AD10: 332.8 | AE10: 1614 | AF10: 148200 | AG10: 17820 | AH10: 2376 | AI10: 0.01081 | AJ10: 1|7 | AK10: 292.3 | AL10: 1733 | AM10: 158200 | AN10: 17530 | AO10: 1267 | AP10: 0.01088 | AQ10: 1|7 | AR10: 278.7 | AS10: 1737 | AT10: 158200 | AU10: 15720 | AV10: 825.1 | AW10: 0.01093 | AX10: 1|7 | AY10: 268.6 | AZ10: 1664 | BA10: 150200 | BB10: 20940 | BC10: 472.4 | BD10: 0.01097 | BE10: 1|7 | BF10: 265.4 | BG10: 1637 | BH10: 149600 | BI10: 18400 | BJ10: 319.9 | BK10: 0.01086 | BL10: 1|7 | BM10: 260.5 | BN10: 1678 | BP10: 73970 | BQ10: 117.7 | BR10: 0.01518 | BT10: 100 | BU10: 20.71
A11: 1|8 | B11: 1943 | C11: 4481 | D11: 44100 | E11: 26200 | F11: 81650 | G11: 0.08735 | H11: 1|8 | I11: 807.2 | J11: 1894 | K11: 113300 | L11: 39700 | M11: 38230 | N11: 0.01577 | O11: 1|8 | P11: 676 | Q11: 2007 | R11: 120400 | S11: 34670 | T11: 19940 | U11: 0.01603 | V11: 1|8 | W11: 434.6 | X11: 2353 | Y11: 142600 | Z11: 33910 | AA11: 4664 | AB11: 0.01606 | AC11: 1|8 | AD11: 380.7 | AE11: 2296 | AF11: 140800 | AG11: 23960 | AH11: 2273 | AI11: 0.01608 | AJ11: 1|8 | AK11: 335.6 | AL11: 2403 | AM11: 147800 | AN11: 19660 | AO11: 1186 | AP11: 0.01612 | AQ11: 1|8 | AR11: 319.3 | AS11: 2443 | AT11: 149800 | AU11: 19250 | AV11: 783.9 | AW11: 0.01618 | AX11: 1|8 | AY11: 307.9 | AZ11: 2422 | BA11: 149000 | BB11: 25020 | BC11: 470.7 | BD11: 0.01603 | BE11: 1|8 | BF11: 304.8 | BG11: 2390 | BH11: 147000 | BI11: 20710 | BJ11: 315 | BK11: 0.0161 | BL11: 1|8 | BM11: 298.7 | BN11: 2256 | BO11: 128600 | BP11: 21140 | BQ11: 207.4 | BR11: 0.01732 | BT11: 100 | BU11: 20.72
A12: 1|9 | B12: 2191 | C12: 5241 | D12: 36650 | E12: 24630 | F12: 70290 | G12: 0.1187 | H12: 1|9 | I12: 909.8 | J12: 2362 | K12: 94020 | L12: 39050 | M12: 32410 | N12: 0.0232 | O12: 1|9 | P12: 760.9 | Q12: 2627 | R12: 104200 | S12: 35920 | T12: 17540 | U12: 0.02384 | V12: 1|9 | W12: 491.2 | X12: 3200 | Y12: 128600 | Z12: 37210 | AA12: 4261 | AB12: 0.0239 | AC12: 1|9 | AD12: 428.8 | AE12: 3162 | AF12: 129300 | AG12: 28930 | AH12: 2108 | AI12: 0.02387 | AJ12: 1|9 | AK12: 379.2 | AL12: 3438 | AM12: 141500 | AN12: 24470 | AO12: 1142 | AP12: 0.02395 | AQ12: 1|9 | AR12: 353.3 | AS12: 3559 | AT12: 145000 | AU12: 22480 | AV12: 761.9 | AW12: 0.02425 | AX12: 1|9 | AY12: 340.7 | AZ12: 3538 | BA12: 140700 | BB12: 26710 | BC12: 446.2 | BD12: 0.0247 | BE12: 1|9 | BF12: 343.8 | BG12: 3461 | BH12: 141900 | BI12: 23480 | BJ12: 305.3 | BK12: 0.02405 | BL12: 1|9 | BM12: 336.8 | BN12: 2995 | BO12: 92190 | BP12: 24240 | BQ12: 151.7 | BR12: 0.03142 | BT12: 100 | BU12: 20.71
A13: 1|10 | B13: 2433 | C13: 5746 | D13: 31680 | E13: 24140 | F13: 63390 | G13: 0.1443 | H13: 1|10 | I13: 1012 | J13: 2965 | K13: 76280 | L13: 36410 | M13: 26910 | N13: 0.03508 | O13: 1|10 | P13: 845.8 | Q13: 3414 | R13: 89240 | S13: 36730 | T13: 15360 | U13: 0.03538 | V13: 1|10 | W13: 547 | X13: 4365 | Y13: 116400 | Z13: 39520 | AA13: 3913 | AB13: 0.03551 | AC13: 1|10 | AD13: 452.9 | AE13: 3564 | AF13: 125600 | AG13: 30250 | AH13: 2056 | AI13: 0.02759 | AJ13: 1|10 | AK13: 401 | AL13: 3619 | AM13: 140600 | AN13: 24730 | AO13: 1136 | AP13: 0.02536 | AQ13: 1|10 | AR13: 373.4 | AS13: 3647 | AT13: 145400 | AU13: 21690 | AV13: 762.9 | AW13: 0.02481 | AX13: 1|10 | AY13: 360.8 | AZ13: 3687 | BA13: 137200 | BB13: 30460 | BC13: 437.6 | BD13: 0.02624 | BE13: 1|10 | BF13: 364 | BG13: 3742 | BH13: 139900 | BI13: 21550 | BJ13: 300.4 | BK13: 0.02644 | BL13: 1|10 | BM13: 373.1 | BN13: 3397 | BO13: 84330 | BP13: 24460 | BQ13: 139.7 | BR13: 0.03869 | BT13: 100 | BU13: 20.72
A14: 1|11 | B14: 2660 | C14: 8755 | D14: 4258 | E14: 4763 | F14: 10170 | G14: 1.37 | H14: 1|11 | I14: 1115 | J14: 3710 | K14: 63080 | L14: 33430 | M14: 22730 | N14: 0.05197 | O14: 1|11 | P14: 930.5 | Q14: 4381 | R14: 75540 | S14: 37250 | T14: 13410 | U14: 0.05201 | V14: 1|11 | W14: 602.3 | X14: 5926 | Y14: 104400 | Z14: 41780 | AA14: 3579 | AB14: 0.0527 | AC14: 1|11 | AD14: 478.8 | AE14: 3564 | AF14: 125500 | AG14: 30090 | AH14: 2054 | AI14: 0.02761 | AJ14: 1|11 | AK14: 426.8 | AL14: 3619 | AM14: 140500 | AN14: 24880 | AO14: 1135 | AP14: 0.02536 | AQ14: 1|11 | AR14: 397.7 | AS14: 3647 | AT14: 144600 | AU14: 21700 | AV14: 758.8 | AW14: 0.02494 | AX14: 1|11 | AY14: 383.2 | AZ14: 3687 | BA14: 136100 | BB14: 30050 | BC14: 434.1 | BD14: 0.02645 | BE14: 1|11 | BF14: 386.3 | BG14: 3742 | BH14: 139100 | BI14: 26460 | BJ14: 300.5 | BK14: 0.02643 | BL14: 1|11 | BM14: 392.3 | BN14: 3885 | BO14: 94990 | BP14: 2036 | BQ14: 151.2 | BR14: 0.04089 | BT14: 100 | BU14: 20.71
A15: 1|12 | B15: 2804 | C15: 17820 | D15: 703.2 | E15: 4845 | F15: 7792 | G15: 3.64 | H15: 1|12 | I15: 1216 | J15: 4577 | K15: 51670 | L15: 29710 | M15: 18970 | N15: 0.07678 | O15: 1|12 | P15: 1015 | Q15: 5560 | R15: 62970 | S15: 36710 | T15: 11600 | U15: 0.07629 | V15: 1|12 | W15: 658.7 | X15: 7886 | Y15: 91750 | Z15: 42940 | AA15: 3225 | AB15: 0.07784 | AC15: 1|12 | AD15: 506.4 | AE15: 3564 | AF15: 125500 | AG15: 30010 | AH15: 2054 | AI15: 0.02762 | AJ15: 1|12 | AK15: 452 | AL15: 3619 | AM15: 140600 | AN15: 24880 | AO15: 1136 | AP15: 0.02535 | AQ15: 1|12 | AR15: 422.1 | AS15: 3647 | AU15: 23080 | AV15: 119.8 | AW15: 0.02476 | AX15: 1|12 | AY15: 406.4 | AZ15: 3687 | BA15: 136600 | BB15: 30120 | BC15: 435.6 | BD15: 0.02636 | BE15: 1|12 | BF15: 407.5 | BG15: 3742 | BH15: 138600 | BI15: 21480 | BJ15: 297.6 | BK15: 0.02668 | BL15: 1|12 | BM15: 414.7 | BN15: 3885 | BO15: 79720 | BP15: 24490 | BQ15: 132.7 | BR15: 0.04658 | BT15: 100 | BU15: 20.72
A16: 1|13 | B16: 2953 | C16: 17820 | D16: 536.6 | E16: 5092 | F16: 8150 | G16: 3.48 | H16: 1|13 | I16: 1319 | J16: 5807 | K16: 42670 | L16: 27130 | M16: 16090 | N16: 0.1148 | O16: 1|13 | P16: 1100 | Q16: 6451 | R16: 47870 | S16: 30640 | T16: 9046 | U16: 0.1135 | V16: 1|13 | W16: 714.9 | X16: 10050 | Y16: 78820 | Z16: 42170 | AA16: 2845 | AB16: 0.1124 | AC16: 1|13 | AD16: 531.9 | AE16: 3564 | AF16: 125800 | AG16: 29890 | AH16: 2058 | AI16: 0.02756 | AJ16: 1|13 | AK16: 476.8 | AL16: 3619 | AM16: 140600 | AN16: 24790 | AO16: 1136 | AP16: 0.02535 | AQ16: 1|13 | AR16: 446.1 | AS16: 3647 | AT16: 145500 | AU16: 22130 | AV16: 763.7 | AW16: 0.02478 | AX16: 1|13 | AY16: 428.9 | AZ16: 3687 | BB16: 30890 | BC16: 96.2 | BD16: 0.02586 | BE16: 1|13 | BF16: 430.3 | BG16: 3742 | BH16: 138700 | BI16: 22710 | BJ16: 298.3 | BK16: 0.02662 | BL16: 1|13 | BM16: 438.6 | BN16: 3885 | BO16: 79640 | BP16: 22350 | BQ16: 131.7 | BR16: 0.04696 | BT16: 100 | BU16: 20.72
A17: 1|14 | B17: 3097 | C17: 17820 | D17: 475.1 | E17: 5201 | F17: 8313 | G17: 3.412 | H17: 1|14 | I17: 1421 | J17: 7470 | K17: 34890 | L17: 25910 | M17: 13830 | N17: 0.1719 | O17: 1|14 | P17: 1187 | Q17: 8275 | R17: 39000 | S17: 28270 | T17: 7666 | U17: 0.1718 | V17: 1|14 | W17: 770.4 | X17: 12440 | Y17: 67530 | Z17: 40400 | AA17: 2505 | AB17: 0.158 | AC17: 1|14 | AD17: 559.6 | AE17: 3564 | AF17: 126200 | AG17: 29590 | AH17: 2063 | AI17: 0.02749 | AJ17: 1|14 | AK17: 502.9 | AL17: 3619 | AM17: 140600 | AN17: 24710 | AO17: 1136 | AP17: 0.02535 | AQ17: 1|14 | AR17: 469.7 | AS17: 3647 | AT17: 145200 | AU17: 23420 | AV17: 763.3 | AW17: 0.0248 | AX17: 1|14 | AY17: 452.1 | AZ17: 3687 | BA17: 135700 | BB17: 29130 | BC17: 432.4 | BD17: 0.02656 | BE17: 1|14 | BF17: 453.7 | BG17: 3742 | BH17: 138300 | BI17: 22100 | BJ17: 297.2 | BK17: 0.02672 | BL17: 1|14 | BM17: 460.9 | BN17: 3885 | BO17: 79070 | BP17: 21650 | BQ17: 130.5 | BR17: 0.04739 | BT17: 100 | BU17: 20.72
A18: 1|15 | B18: 3242 | C18: 17820 | D18: 455.4 | E18: 5277 | F18: 8430 | G18: 3.364 | H18: 1|15 | I18: 1524 | J18: 9286 | K18: 26550 | L18: 25350 | M18: 11690 | N18: 0.2529 | O18: 1|15 | P18: 1272 | Q18: 10340 | R18: 30090 | S18: 26920 | T18: 6425 | U18: 0.256 | V18: 1|15 | W18: 826.9 | X18: 14720 | Y18: 56860 | Z18: 37640 | AA18: 2171 | AB18: 0.2158 | AC18: 1|15 | AD18: 585.9 | AE18: 3564 | AF18: 126300 | AG18: 29520 | AH18: 2065 | AI18: 0.02747 | AJ18: 1|15 | AK18: 528.4 | AL18: 3619 | AM18: 140500 | AN18: 24860 | AO18: 1136 | AP18: 0.02536 | AQ18: 1|15 | AR18: 494.3 | AS18: 3647 | AT18: 145100 | AU18: 22210 | AV18: 762 | AW18: 0.02484 | AX18: 1|15 | AY18: 475.4 | AZ18: 3687 | BA18: 137200 | BB18: 29870 | BC18: 437.3 | BD18: 0.02626 | BE18: 1|15 | BF18: 476.5 | BG18: 3742 | BH18: 138900 | BI18: 23290 | BJ18: 298.8 | BK18: 0.02658 | BL18: 1|15 | BM18: 483.4 | BN18: 3885 | BO18: 79950 | BP18: 24470 | BQ18: 133.1 | BR18: 0.04646 | BT18: 100 | BU18: 20.72
A19: 1|16 | B19: 3390 | C19: 17820 | D19: 490.5 | E19: 5390 | F19: 8614 | G19: 3.292 | H19: 1|16 | I19: 1627 | J19: 10440 | K19: 20550 | L19: 24940 | M19: 10290 | N19: 0.3232 | O19: 1|16 | P19: 1359 | Q19: 13600 | R19: 23900 | S19: 26290 | T19: 5655 | U19: 0.3829 | V19: 1|16 | W19: 856.6 | X19: 18000 | Y19: 46510 | Z19: 32150 | AA19: 1800 | AB19: 0.3183 | AC19: 1|16 | AD19: 611.4 | AE19: 3564 | AF19: 126400 | AG19: 29470 | AH19: 2066 | AI19: 0.02745 | AJ19: 1|16 | AK19: 554.1 | AL19: 3619 | AM19: 140400 | AN19: 24670 | AO19: 1134 | AP19: 0.02539 | AQ19: 1|16 | AR19: 518.6 | AS19: 3647 | AT19: 144900 | AU19: 21420 | AV19: 760.3 | AW19: 0.0249 | AX19: 1|16 | AY19: 497.8 | AZ19: 3687 | BA19: 137900 | BB19: 28450 | BC19: 438.5 | BD19: 0.02619 | BE19: 1|16 | BF19: 499.7 | BG19: 3742 | BH19: 138600 | BI19: 22340 | BJ19: 297.9 | BK19: 0.02665 | BL19: 1|16 | BM19: 505.6 | BN19: 3885 | BO19: 79140 | BP19: 23420 | BQ19: 131.4 | BR19: 0.04707 | BT19: 100 | BU19: 20.73
A20: 1|17 | B20: 3539 | C20: 17820 | D20: 540 | E20: 5569 | F20: 8904 | G20: 3.185 | H20: 1|17 | I20: 1729 | J20: 14240 | K20: 13760 | L20: 22170 | M20: 8306 | N20: 0.5457 | O20: 1|17 | P20: 1406 | Q20: 18000 | R20: 21150 | S20: 26590 | T20: 5408 | U20: 0.5297 | V20: 1|17 | W20: 886.5 | X20: 18000 | Y20: 46010 | Z20: 31480 | AA20: 1775 | AB20: 0.3228 | AC20: 1|17 | AD20: 639.5 | AE20: 3564 | AF20: 126700 | AG20: 29440 | AH20: 2070 | AI20: 0.0274 | AJ20: 1|17 | AK20: 580.3 | AL20: 3619 | AM20: 140500 | AN20: 24630 | AO20: 1135 | AP20: 0.02537 | AQ20: 1|17 | AR20: 543 | AS20: 3647 | AT20: 145200 | AU20: 22320 | AV20: 762.3 | AW20: 0.02483 | AX20: 1|17 | AY20: 520.9 | AZ20: 3687 | BA20: 136900 | BB20: 29320 | BC20: 436.1 | BD20: 0.02633 | BE20: 1|17 | BF20: 522.1 | BG20: 3742 | BH20: 137900 | BI20: 23190 | BJ20: 296.7 | BK20: 0.02676 | BL20: 1|17 | BM20: 526.9 | BN20: 3885 | BO20: 79480 | BP20: 23150 | BQ20: 131.8 | BR20: 0.04692 | BT20: 100 | BU20: 20.73
A21: 1|18 | B21: 3683 | C21: 17820 | D21: 616.8 | E21: 5783 | F21: 9256 | G21: 3.064 | H21: 1|18 | I21: 1786 | J21: 17820 | K21: 10150 | L21: 20100 | M21: 7168 | N21: 0.7914 | O21: 1|18 | P21: 1454 | Q21: 18000 | R21: 20490 | S21: 26340 | T21: 5312 | U21: 0.5393 | V21: 1|18 | W21: 916.9 | X21: 18000 | Y21: 45200 | Z21: 31080 | AA21: 1746 | AB21: 0.3281 | AC21: 1|18 | AD21: 665.5 | AE21: 3564 | AF21: 126500 | AG21: 29520 | AH21: 2067 | AI21: 0.02744 | AJ21: 1|18 | AK21: 605.6 | AL21: 3619 | AM21: 140700 | AN21: 24740 | AO21: 1137 | AP21: 0.02534 | AQ21: 1|18 | AR21: 567.2 | AS21: 3647 | AT21: 145900 | AU21: 23220 | AV21: 767 | AW21: 0.02468 | AX21: 1|18 | AY21: 543.5 | AZ21: 3687 | BA21: 136800 | BB21: 28980 | BC21: 435.5 | BD21: 0.02637 | BE21: 1|18 | BF21: 544.6 | BG21: 3742 | BH21: 137900 | BI21: 22120 | BJ21: 296.4 | BK21: 0.02679 | BL21: 1|18 | BM21: 549.9 | BN21: 3885 | BO21: 79840 | BP21: 23930 | BQ21: 132.7 | BR21: 0.04661 | BT21: 100 | BU21: 20.72
A22: 1|19 | B22: 3827 | C22: 17820 | D22: 675.9 | E22: 5935 | F22: 9508 | G22: 2.983 | H22: 1|19 | I22: 1844 | J22: 17820 | K22: 9588 | L22: 19720 | M22: 6981 | N22: 0.8126 | O22: 1|19 | P22: 1502 | Q22: 18000 | R22: 21430 | S22: 26710 | T22: 5451 | U22: 0.5255 | V22: 1|19 | W22: 947.3 | X22: 18000 | Y22: 45070 | Z22: 30560 | AA22: 1733 | AB22: 0.3305 | AC22: 1|19 | AD22: 690.9 | AE22: 3564 | AF22: 126500 | AG22: 29330 | AH22: 2067 | AI22: 0.02745 | AJ22: 1|19 | AK22: 631.2 | AL22: 3619 | AM22: 140700 | AN22: 24560 | AO22: 1137 | AP22: 0.02533 | AQ22: 1|19 | AR22: 591.4 | AS22: 3647 | AT22: 144800 | AU22: 21970 | AV22: 760.1 | AW22: 0.0249 | AX22: 1|19 | AY22: 566.8 | AZ22: 3687 | BA22: 134800 | BB22: 30010 | BC22: 430.2 | BD22: 0.02669 | BE22: 1|19 | BF22: 566.9 | BG22: 3742 | BH22: 138300 | BI22: 22400 | BJ22: 297.2 | BK22: 0.02672 | BL22: 1|19 | BM22: 572.3 | BN22: 3885 | BO22: 54610 | BP22: 21260 | BQ22: 93.27 | BR22: 0.06629 | BT22: 100 | BU22: 20.73
A23: 1|20 | B23: 3976 | C23: 17820 | D23: 689.4 | E23: 5978 | F23: 9578 | G23: 2.961 | H23: 1|20 | I23: 1902 | J23: 17820 | K23: 9909 | L23: 20030 | M23: 7112 | N23: 0.7975 | O23: 1|20 | P23: 1550 | Q23: 18000 | R23: 21770 | S23: 26920 | T23: 5511 | U23: 0.5198 | V23: 1|20 | W23: 977.7 | X23: 18000 | Y23: 45550 | Z23: 30310 | AA23: 1742 | AB23: 0.329 | AC23: 1|20 | AD23: 717.5 | AE23: 3564 | AF23: 126800 | AG23: 29360 | AH23: 2071 | AI23: 0.02739 | AJ23: 1|20 | AK23: 656.7 | AL23: 3619 | AM23: 140900 | AN23: 24600 | AO23: 1138 | AP23: 0.02531 | AQ23: 1|20 | AR23: 616.2 | AS23: 3647 | AT23: 145900 | AU23: 22720 | AV23: 766.4 | AW23: 0.0247 | AX23: 1|20 | AY23: 590.3 | AZ23: 3687 | BA23: 137300 | BB23: 31550 | BC23: 438.7 | BD23: 0.02617 | BE23: 1|20 | BF23: 589.8 | BG23: 3742 | BH23: 138700 | BI23: 24060 | BJ23: 298.8 | BK23: 0.02657 | BL23: 1|20 | BM23: 595.6 | BN23: 3885 | BO23: 79150 | BP23: 22250 | BQ23: 130.8 | BR23: 0.04725 | BT23: 100 | BU23: 20.73
A24: 1|21 | B24: 4120 | C24: 17820 | D24: 712.4 | E24: 6078 | F24: 9739 | G24: 2.912 | H24: 1|21 | I24: 1959 | J24: 17820 | K24: 10290 | L24: 20350 | M24: 7259 | N24: 0.7814 | O24: 1|21 | P24: 1597 | Q24: 18000 | R24: 22400 | S24: 27170 | T24: 5605 | U24: 0.5111 | V24: 1|21 | W24: 1008 | X24: 18000 | Y24: 45490 | Z24: 29950 | AA24: 1734 | AB24: 0.3305 | AC24: 1|21 | AD24: 745.5 | AE24: 3564 | AF24: 126800 | AG24: 29370 | AH24: 2071 | AI24: 0.02739 | AJ24: 1|21 | AK24: 682.2 | AL24: 3619 | AM24: 140700 | AN24: 24440 | AO24: 1136 | AP24: 0.02535 | AQ24: 1|21 | AR24: 641 | AS24: 3647 | AT24: 145200 | AU24: 21930 | AV24: 762.3 | AW24: 0.02483 | AX24: 1|21 | AY24: 613.8 | AZ24: 3687 | BA24: 135200 | BB24: 30030 | BC24: 431.4 | BD24: 0.02662 | BE24: 1|21 | BF24: 612.2 | BG24: 3742 | BH24: 138400 | BI24: 22310 | BJ24: 297.6 | BK24: 0.02669 | BL24: 1|21 | BM24: 617.8 | BN24: 3885 | BO24: 53780 | BP24: 21700 | BQ24: 92.3 | BR24: 0.06698 | BT24: 100 | BU24: 20.73
A25: 1|22 | B25: 4264 | C25: 17820 | D25: 729.2 | E25: 6114 | F25: 9799 | G25: 2.894 | H25: 1|22 | I25: 2017 | J25: 17820 | K25: 10540 | L25: 20560 | M25: 7354 | N25: 0.7713 | O25: 1|22 | P25: 1645 | Q25: 18000 | R25: 22880 | S25: 27330 | T25: 5673 | U25: 0.505 | V25: 1|22 | W25: 1039 | X25: 18000 | Y25: 45780 | Z25: 29970 | AA25: 1742 | AB25: 0.3289 | AC25: 1|22 | AD25: 771 | AE25: 3564 | AF25: 126900 | AG25: 29360 | AH25: 2074 | AI25: 0.02735 | AJ25: 1|22 | AK25: 707.6 | AL25: 3619 | AM25: 140500 | AN25: 24520 | AO25: 1135 | AP25: 0.02537 | AQ25: 1|22 | AR25: 664.5 | AS25: 3647 | AT25: 145500 | AU25: 21530 | AV25: 763.4 | AW25: 0.0248 | AX25: 1|22 | AY25: 636.9 | AZ25: 3687 | BA25: 136800 | BB25: 30700 | BC25: 436.5 | BD25: 0.02631 | BE25: 1|22 | BF25: 634.9 | BG25: 3742 | BH25: 137100 | BI25: 21400 | BJ25: 294.4 | BK25: 0.02698 | BL25: 1|22 | BM25: 640.2 | BN25: 3885 | BO25: 54640 | BP25: 22090 | BQ25: 93.8 | BR25: 0.06591 | BT25: 100 | BU25: 20.73
A26: 1|23 | B26: 4408 | C26: 17820 | D26: 730.9 | E26: 6164 | F26: 9880 | G26: 2.871 | H26: 1|23 | I26: 2074 | J26: 17820 | K26: 10820 | L26: 20760 | M26: 7453 | N26: 0.7611 | O26: 1|23 | P26: 1694 | Q26: 18000 | R26: 23190 | S26: 27450 | T26: 5719 | U26: 0.5008 | V26: 1|23 | W26: 1069 | X26: 18000 | Y26: 45790 | Z26: 29670 | AA26: 1737 | AB26: 0.3299 | AC26: 1|23 | AD26: 795.4 | AE26: 3564 | AF26: 127200 | AG26: 29220 | AH26: 2077 | AI26: 0.02731 | AJ26: 1|23 | AK26: 733 | AL26: 3619 | AM26: 140700 | AN26: 24510 | AO26: 1137 | AP26: 0.02533 | AQ26: 1|23 | AR26: 688.9 | AS26: 3647 | AT26: 146200 | AU26: 24350 | AV26: 769.4 | AW26: 0.0246 | AX26: 1|23 | AY26: 660 | AZ26: 3687 | BA26: 135700 | BB26: 28690 | BC26: 432 | BD26: 0.02658 | BE26: 1|23 | BF26: 658.3 | BG26: 3742 | BH26: 137900 | BI26: 23280 | BJ26: 296.7 | BK26: 0.02677 | BL26: 1|23 | BM26: 662.4 | BN26: 3885 | BO26: 80160 | BP26: 22550 | BQ26: 132.5 | BR26: 0.04665 | BT26: 100 | BU26: 20.72
A27: 1|24 | B27: 4557 | C27: 17820 | D27: 750.6 | E27: 6217 | F27: 9967 | G27: 2.846 | H27: 1|24 | I27: 2133 | J27: 17820 | K27: 11050 | L27: 20940 | M27: 7536 | N27: 0.7527 | O27: 1|24 | P27: 1741 | Q27: 18000 | R27: 23460 | S27: 27580 | T27: 5763 | U27: 0.497 | V27: 1|24 | W27: 1098 | X27: 18000 | Y27: 45840 | Z27: 29470 | AA27: 1735 | AB27: 0.3302 | AC27: 1|24 | AD27: 820.3 | AE27: 3564 | AF27: 127000 | AG27: 29160 | AH27: 2075 | AI27: 0.02734 | AJ27: 1|24 | AK27: 758.8 | AL27: 3619 | AM27: 140600 | AN27: 24410 | AO27: 1136 | AP27: 0.02536 | AQ27: 1|24 | AR27: 712.9 | AS27: 3647 | AT27: 144200 | AU27: 22130 | AV27: 757.5 | AW27: 0.02499 | AX27: 1|24 | AY27: 683.2 | AZ27: 3687 | BA27: 136700 | BB27: 31760 | BC27: 437 | BD27: 0.02627 | BE27: 1|24 | BF27: 681.2 | BG27: 3742 | BH27: 137300 | BI27: 20610 | BJ27: 294.7 | BK27: 0.02695 | BL27: 1|24 | BM27: 685.1 | BN27: 3885 | BO27: 53490 | BP27: 23130 | BQ27: 92.76 | BR27: 0.06665 | BT27: 100 | BU27: 20.73
A28: 1|25 | B28: 4706 | C28: 17820 | D28: 785.2 | E28: 6283 | F28: 10080 | G28: 2.814 | H28: 1|25 | I28: 2190 | J28: 17820 | K28: 11300 | L28: 21120 | M28: 7624 | N28: 0.744 | O28: 1|25 | P28: 1789 | Q28: 18000 | R28: 23690 | S28: 27630 | T28: 5792 | U28: 0.4946 | V28: 1|25 | W28: 1128 | X28: 18000 | Y28: 46210 | Z28: 29450 | AA28: 1744 | AB28: 0.3284 | AC28: 1|25 | AD28: 846.3 | AE28: 3564 | AF28: 126800 | AG28: 29180 | AH28: 2071 | AI28: 0.02739 | AJ28: 1|25 | AK28: 783.8 | AL28: 3619 | AM28: 140900 | AN28: 24470 | AO28: 1138 | AP28: 0.02531 | AQ28: 1|25 | AR28: 736.7 | AS28: 3647 | AT28: 145100 | AU28: 22950 | AV28: 762.8 | AW28: 0.02482 | AX28: 1|25 | AY28: 705.6 | AZ28: 3687 | BA28: 137100 | BB28: 28910 | BC28: 436.5 | BD28: 0.02631 | BE28: 1|25 | BF28: 704.6 | BG28: 3742 | BH28: 137700 | BI28: 20690 | BJ28: 295.5 | BK28: 0.02687 | BL28: 1|25 | BM28: 708 | BN28: 3885 | BO28: 81180 | BP28: 24320 | BQ28: 134.9 | BR28: 0.04584 | BT28: 100 | BU28: 20.73
... A30: 1|27 | B30: 4993 | C30: 17820 | D30: 807.5 | E30: 6424 | F30: 10300 | G30: 2.752 | H30: 1|27 | I30: 2304 | J30: 17820 | K30: 11780 | L30: 21500 | M30: 7803 | N30: 0.727 | O30: 1|27 | P30: 1885 | Q30: 18000 | R30: 23970 | S30: 27750 | T30: 5836 | U30: 0.4908 | V30: 1|27 | W30: 1188 | X30: 18000 | Y30: 46070 | Z30: 29130 | AA30: 1735 | AB30: 0.3302 | AC30: 1|27 | AD30: 897 | AE30: 3564 | AF30: 127100 | AG30: 29090 | AH30: 2076 | AI30: 0.02733 | AJ30: 1|27 | AK30: 834.7 | AL30: 3619 | AM30: 140800 | AN30: 24530 | AO30: 1138 | AP30: 0.02531 | AQ30: 1|27 | AR30: 784.9 | AS30: 3647 | AT30: 144700 | AU30: 21630 | AV30: 759.7 | AW30: 0.02492 | AX30: 1|27 | AY30: 751.5 | AZ30: 3687 | BA30: 133900 | BB30: 28780 | BC30: 426.4 | BD30: 0.02693 | BE30: 1|27 | BF30: 750 | BG30: 3742 | BH30: 137400 | BI30: 20260 | BJ30: 294.6 | BK30: 0.02695 | BL30: 1|27 | BM30: 753.1 | BN30: 3885 | BO30: 79820 | BP30: 21940 | BQ30: 131.8 | BR30: 0.04693 | BT30: 100 | BU30: 20.73
A31: 1|28 | B31: 5138 | C31: 17820 | D31: 822.1 | E31: 6495 | F31: 10420 | G31: 2.722 | H31: 1|28 | I31: 2362 | J31: 17820 | K31: 11950 | L31: 21630 | M31: 7864 | N31: 0.7213 | O31: 1|28 | P31: 1933 | Q31: 18000 | R31: 24340 | S31: 27870 | T31: 5889 | U31: 0.4864 | V31: 1|28 | W31: 1218 | X31: 18000 | Y31: 46140 | Z31: 29060 | AA31: 1736 | AB31: 0.3301 | AC31: 1|28 | AD31: 922.1 | AE31: 3564 | AF31: 127300 | AG31: 29030 | AH31: 2078 | AI31: 0.0273 | AJ31: 1|28 | AK31: 860.3 | AL31: 3619 | AM31: 140700 | AN31: 24360 | AO31: 1137 | AP31: 0.02534 | AQ31: 1|28 | AR31: 808.8 | AS31: 3647 | AT31: 146500 | AU31: 24410 | AV31: 770.8 | AW31: 0.02456 | AX31: 1|28 | AY31: 774.4 | AZ31: 3687 | BB31: 29970 | BC31: 93.36 | BD31: 0.02675 | BE31: 1|28 | BF31: 773.3 | BG31: 3742 | BH31: 138600 | BI31: 24610 | BJ31: 298.7 | BK31: 0.02659 | BL31: 1|28 | BM31: 775.8 | BN31: 3885 | BO31: 80410 | BP31: 21540 | BQ31: 132.5 | BR31: 0.04667 | BT31: 100 | BU31: 20.72
A32: 1|29 | B32: 5282 | C32: 17820 | D32: 813.9 | E32: 6530 | F32: 10470 | G32: 2.708 | H32: 1|29 | I32: 2419 | J32: 17820 | K32: 12060 | L32: 21700 | M32: 7902 | N32: 0.7178 | O32: 1|29 | P32: 1980 | Q32: 18000 | R32: 24480 | S32: 27910 | T32: 5909 | U32: 0.4848 | V32: 1|29 | W32: 1248 | X32: 18000 | Y32: 46870 | Z32: 29160 | AA32: 1757 | AB32: 0.3261 | AC32: 1|29 | AD32: 949.7 | AE32: 3564 | AF32: 127300 | AG32: 29150 | AH32: 2078 | AI32: 0.02729 | AJ32: 1|29 | AK32: 885.9 | AL32: 3619 | AM32: 140700 | AN32: 24330 | AO32: 1136 | AP32: 0.02535 | AQ32: 1|29 | AR32: 833.5 | AS32: 3647 | AT32: 145500 | AU32: 21090 | AV32: 763.2 | AW32: 0.0248 | AX32: 1|29 | AY32: 797.8 | AZ32: 3687 | BA32: 136200 | BB32: 30140 | BC32: 434.4 | BD32: 0.02643 | BE32: 1|29 | BF32: 795.5 | BG32: 3742 | BH32: 138200 | BI32: 21640 | BJ32: 296.8 | BK32: 0.02676 | BL32: 1|29 | BM32: 798.3 | BN32: 3885 | BO32: 79730 | BP32: 22670 | BQ32: 131.9 | BR32: 0.04687 | BT32: 100 | BU32: 20.72
A33: 1|30 | B33: 5431 | C33: 17820 | D33: 864.3 | E33: 6635 | F33: 10650 | G33: 2.663 | H33: 1|30 | I33: 2476 | J33: 17820 | K33: 12330 | L33: 21880 | M33: 7995 | N33: 0.7095 | O33: 1|30 | P33: 2028 | Q33: 18000 | R33: 24910 | S33: 28080 | T33: 5975 | U33: 0.4794 | V33: 1|30 | W33: 1279 | X33: 18000 | Y33: 46990 | Z33: 29230 | AA33: 1761 | AB33: 0.3253 | AC33: 1|30 | AD33: 976.7 | AE33: 3564 | AF33: 127300 | AG33: 29060 | AH33: 2079 | AI33: 0.02729 | AJ33: 1|30 | AK33: 911.6 | AL33: 3619 | AM33: 140800 | AN33: 24350 | AO33: 1137 | AP33: 0.02533 | AQ33: 1|30 | AR33: 857.5 | AS33: 3647 | AT33: 145100 | AU33: 22430 | AV33: 762.4 | AW33: 0.02483 | AX33: 1|30 | AY33: 820.5 | AZ33: 3687 | BA33: 134600 | BB33: 29860 | BC33: 429.5 | BD33: 0.02673 | BE33: 1|30 | BF33: 818.3 | BG33: 3742 | BH33: 138100 | BI33: 23530 | BJ33: 297.2 | BK33: 0.02672 | BL33: 1|30 | BM33: 821.4 | BN33: 3885 | BO33: 81440 | BP33: 22680 | BQ33: 134.5 | BR33: 0.04595 | BT33: 100 | BU33: 20.73
B36: 20°С SCTNA=60p_Katal68=2p_PyrO=40p_U=500v_30_points | BM36: 500v
B37: Частота 0,1 Гц | I37: Частота 0,5 Гц | P37: Частота 1 Гц | W37: Частота 5 Гц | AD37: Частота 10 Гц | AK37: Частота 20 Гц | AR37: Частота 30 Гц | AY37: Частота 50 Гц | BF37: Частота 75 Гц | BM37: Частота 100 Гц
B38: t_seg in s | C38: Tau in Pa | D38: G' in Pa | E38: G" in Pa | F38: |eta*| in Pas | G38: gamma | I38: t_seg in s | J38: Tau in Pa | K38: G' in Pa | L38: G" in Pa | M38: |eta*| in Pas | N38: gamma | P38: t_seg in s | Q38: Tau in Pa | R38: G' in Pa | S38: G" in Pa | T38: |eta*| in Pas | U38: gamma | W38: t_seg in s | X38: Tau in Pa | Y38: G' in Pa | Z38: G" in Pa | AA38: |eta*| in Pas | AB38: gamma | AD38: t_seg in s | AE38: Tau in Pa | AF38: G' in Pa | AG38: G" in Pa | AH38: |eta*| in Pas | AI38: gamma | AK38: t_seg in s | AL38: Tau in Pa | AM38: G' in Pa | AN38: G" in Pa | AO38: |eta*| in Pas | AP38: gamma | AR38: t_seg in s | AS38: Tau in Pa | AT38: G' in Pa | AU38: G" in Pa | AV38: |eta*| in Pas | AW38: gamma | AY38: t_seg in s | AZ38: Tau in Pa | BA38: G' in Pa | BB38: G" in Pa | BC38: |eta*| in Pas | BD38: gamma | BF38: t_seg in s | BG38: Tau in Pa | BH38: G' in Pa | BI38: G" in Pa | BJ38: |eta*| in Pas | BK38: gamma | BM38: t_seg in s | BN38: Tau in Pa | BO38: G' in Pa | BP38: G" in Pa | BQ38: |eta*| in Pas | BR38: gamma
A39: 1|1 | B39: 225.2 | C39: 121.9 | D39: 118400 | E39: 8430 | F39: 189000 | G39: 0.001026 | H39: 1|1 | I39: 91.07 | J39: 116.3 | K39: 116800 | L39: 5757 | M39: 37240 | N39: 0.0009939 | O39: 1|1 | P39: 75.1 | Q39: 83.91 | R39: 83150 | S39: 4075 | T39: 13250 | U39: 0.001008 | V39: 1|1 | W39: 47.24 | X39: 86.71 | Y39: 86670 | Z39: 3917 | AA39: 2762 | AB39: 0.0009994 | AC39: 1|1 | AD39: 38.97 | AE39: 86 | AF39: 91680 | AG39: 877.4 | AH39: 1459 | AI39: 0.000938 | AJ39: 1|1 | AK39: 33.95 | AL39: 101.1 | AM39: 102900 | AN39: 4911 | AO39: 819.9 | AP39: 0.000981 | AQ39: 1|1 | AR39: 32.62 | AS39: 101.7 | AT39: 106300 | AU39: 5478 | AV39: 552.6 | AW39: 0.0009551 | AX39: 1|1 | AY39: 31.68 | AZ39: 94.61 | BA39: 99750 | BB39: 7897 | BC39: 311.7 | BD39: 0.0009455 | BE39: 1|1 | BF39: 30.31 | BG39: 100.2 | BH39: 98510 | BI39: 12660 | BJ39: 210.8 | BK39: 0.001009 | BL39: 1|1 | BM39: 30.56 | BN39: 68.34 | BO39: 67940 | BP39: 11500 | BQ39: 109.7 | BR39: 0.0009918
A40: 1|2 | B40: 467.8 | C40: 151.6 | D40: 119300 | E40: 8262 | F40: 190300 | G40: 0.001268 | H40: 1|2 | I40: 194 | J40: 148.4 | K40: 116700 | L40: 5895 | M40: 37210 | N40: 0.00127 | O40: 1|2 | P40: 159.9 | Q40: 98.19 | R40: 77070 | S40: 3379 | T40: 12280 | U40: 0.001273 | V40: 1|2 | W40: 103.8 | X40: 114.7 | Y40: 90070 | Z40: 4674 | AA40: 2871 | AB40: 0.001272 | AC40: 1|2 | AD40: 85.07 | AE40: 113.5 | AF40: 89930 | AG40: 5579 | AH40: 1434 | AI40: 0.00126 | AJ40: 1|2 | AK40: 77.24 | AL40: 140.5 | AM40: 103800 | AN40: 5401 | AO40: 827.3 | AP40: 0.001351 | AQ40: 1|2 | AR40: 73.02 | AS40: 129 | AT40: 103100 | AU40: 4739 | AV40: 535.6 | AW40: 0.00125 | AX40: 1|2 | AY40: 70.87 | AZ40: 129.1 | BA40: 101900 | BB40: 6972 | BC40: 318 | BD40: 0.001264 | BE40: 1|2 | BF40: 69.59 | BG40: 123.2 | BH40: 99660 | BI40: 10280 | BJ40: 212.6 | BK40: 0.001229 | BL40: 1|2 | BM40: 70.14 | BN40: 88.49 | BO40: 68380 | BP40: 11960 | BQ40: 110.5 | BR40: 0.001275
A41: 1|3 | B41: 711.2 | C41: 191.4 | D41: 117900 | E41: 6455 | F41: 187900 | G41: 0.001622 | H41: 1|3 | I41: 295.8 | J41: 186.3 | K41: 115800 | L41: 5931 | M41: 36910 | N41: 0.001607 | O41: 1|3 | P41: 244.8 | Q41: 122.1 | R41: 75420 | S41: 3439 | T41: 12020 | U41: 0.001617 | V41: 1|3 | W41: 157.5 | X41: 146.6 | Y41: 90760 | Z41: 4840 | AA41: 2893 | AB41: 0.001613 | AC41: 1|3 | AD41: 132.3 | AE41: 147.1 | AF41: 91970 | AG41: 5290 | AH41: 1466 | AI41: 0.001597 | AJ41: 1|3 | AK41: 119 | AL41: 168.5 | AM41: 101900 | AN41: 9076 | AO41: 814.1 | AP41: 0.001647 | AQ41: 1|3 | AR41: 114.3 | AS41: 166.6 | AT41: 104400 | AU41: 4920 | AV41: 542.6 | AW41: 0.001594 | AX41: 1|3 | AY41: 110.1 | AZ41: 166.8 | BA41: 101500 | BB41: 9626 | BC41: 317.6 | BD41: 0.001636 | BE41: 1|3 | BF41: 108.7 | BG41: 154.4 | BH41: 96630 | BI41: 11450 | BJ41: 206.5 | BK41: 0.001586 | BL41: 1|3 | BM41: 108.1 | BN41: 111.1 | BO41: 67730 | BP41: 11780 | BQ41: 109.4 | BR41: 0.001616
A42: 1|4 | B42: 954 | C42: 241.9 | D42: 117700 | E42: 8688 | F42: 187800 | G42: 0.00205 | H42: 1|4 | I42: 398.5 | J42: 233.4 | K42: 114100 | L42: 6295 | M42: 36370 | N42: 0.002043 | O42: 1|4 | P42: 329.6 | Q42: 151.5 | R42: 74180 | S42: 3398 | T42: 11820 | U42: 0.002041 | V42: 1|4 | W42: 213 | X42: 188.2 | Y42: 92130 | Z42: 5358 | AA42: 2937 | AB42: 0.002039 | AC42: 1|4 | AD42: 178.4 | AE42: 182.6 | AF42: 90610 | AG42: 1735 | AH42: 1442 | AI42: 0.002015 | AJ42: 1|4 | AK42: 160.4 | AL42: 213.5 | AM42: 104500 | AN42: 7430 | AO42: 833.5 | AP42: 0.002038 | AQ42: 1|4 | AR42: 155 | AS42: 215.6 | AT42: 104500 | AU42: 8101 | AV42: 544.1 | AW42: 0.002057 | AX42: 1|4 | AY42: 148.8 | AZ42: 207.6 | BA42: 99890 | BB42: 9715 | BC42: 312.6 | BD42: 0.002069 | BE42: 1|4 | BF42: 148.1 | BG42: 197 | BH42: 95150 | BI42: 10820 | BJ42: 203.2 | BK42: 0.002057 | BL42: 1|4 | BM42: 146.2 | BN42: 139.2 | BO42: 67260 | BP42: 12220 | BQ42: 108.8 | BR42: 0.002036
A43: 1|5 | B43: 1197 | C43: 304.4 | D43: 117000 | E43: 8935 | F43: 186800 | G43: 0.002594 | H43: 1|5 | I43: 500.5 | J43: 291.8 | K43: 112100 | L43: 6618 | M43: 35740 | N43: 0.002599 | O43: 1|5 | P43: 414.4 | Q43: 191.4 | R43: 73560 | S43: 3779 | T43: 11720 | U43: 0.002598 | V43: 1|5 | W43: 268.5 | X43: 238.2 | Y43: 91420 | Z43: 5655 | AA43: 2916 | AB43: 0.002601 | AC43: 1|5 | AD43: 226.6 | AE43: 239.8 | AF43: 92750 | AG43: 4867 | AH43: 1478 | AI43: 0.002581 | AJ43: 1|5 | AK43: 202.3 | AL43: 270.6 | AM43: 103900 | AN43: 6753 | AO43: 828.9 | AP43: 0.002598 | AQ43: 1|5 | AR43: 195.9 | AS43: 268.8 | AT43: 104000 | AU43: 7348 | AV43: 541.4 | AW43: 0.002577 | AX43: 1|5 | AY43: 188.6 | AZ43: 259.7 | BA43: 100700 | BB43: 9222 | BC43: 314.9 | BD43: 0.002568 | BE43: 1|5 | BF43: 187.2 | BG43: 240.5 | BH43: 92500 | BI43: 10470 | BJ43: 197.5 | BK43: 0.002583 | BL43: 1|5 | BM43: 184.4 | BN43: 174.9 | BO43: 79560 | BP43: 10190 | BQ43: 127.7 | BR43: 0.00218
A44: 1|6 | B44: 1440 | C44: 380.7 | D44: 115300 | E44: 9489 | F44: 184100 | G44: 0.003292 | H44: 1|6 | I44: 603.3 | J44: 364.1 | K44: 110400 | L44: 7133 | M44: 35200 | N44: 0.003292 | O44: 1|6 | P44: 499.2 | Q44: 240.7 | R44: 73040 | S44: 3988 | T44: 11640 | U44: 0.003291 | V44: 1|6 | W44: 324.4 | X44: 297.1 | Y44: 90330 | Z44: 6144 | AA44: 2882 | AB44: 0.003281 | AC44: 1|6 | AD44: 274.9 | AE44: 299.8 | AF44: 89990 | AG44: 5265 | AH44: 1435 | AI44: 0.003326 | AJ44: 1|6 | AK44: 245.2 | AL44: 345.7 | AM44: 104700 | AN44: 7598 | AO44: 835.3 | AP44: 0.003293 | AQ44: 1|6 | AR44: 237.1 | AS44: 341 | AT44: 103000 | AU44: 8588 | AV44: 536.5 | AW44: 0.003299 | AX44: 1|6 | AY44: 227.2 | AZ44: 332.3 | BA44: 99290 | BB44: 9088 | BC44: 310.6 | BD44: 0.003333 | BE44: 1|6 | BF44: 226.5 | BG44: 297.4 | BH44: 91320 | BI44: 11270 | BJ44: 195.3 | BK44: 0.003232 | BL44: 1|6 | BM44: 222.5 | BN44: 217.6 | BO44: 78800 | BP44: 11680 | BQ44: 126.8 | BR44: 0.002732
A45: 1|7 | B45: 1683 | C45: 475.8 | D45: 113600 | E45: 10090 | F45: 181500 | G45: 0.004171 | H45: 1|7 | I45: 705.9 | J45: 454.8 | K45: 108600 | L45: 7762 | M45: 34650 | N45: 0.004178 | O45: 1|7 | P45: 584.1 | Q45: 304.7 | R45: 72860 | S45: 4386 | T45: 11620 | U45: 0.004174 | V45: 1|7 | W45: 379.2 | X45: 373.1 | Y45: 88850 | Z45: 6656 | AA45: 2836 | AB45: 0.004187 | AC45: 1|7 | AD45: 322.6 | AE45: 382.5 | AF45: 90160 | AG45: 5241 | AH45: 1437 | AI45: 0.004235 | AJ45: 1|7 | AK45: 288.7 | AL45: 441 | AM45: 103700 | AN45: 8265 | AO45: 828.2 | AP45: 0.004238 | AQ45: 1|7 | AR45: 278.5 | AS45: 430.7 | AT45: 102700 | AU45: 9484 | AV45: 535.2 | AW45: 0.004177 | AX45: 1|7 | AY45: 266.1 | AZ45: 413.2 | BA45: 98960 | BB45: 9344 | BC45: 309.6 | BD45: 0.004157 | BE45: 1|7 | BF45: 265.1 | BG45: 371.4 | BH45: 88000 | BI45: 12920 | BJ45: 188.7 | BK45: 0.004176 | BL45: 1|7 | BM45: 260.7 | BN45: 269.8 | BO45: 63100 | BP45: 12550 | BQ45: 102.4 | BR45: 0.004193
A46: 1|8 | B46: 1925 | C46: 585.9 | D46: 110000 | E46: 11070 | F46: 176000 | G46: 0.005298 | H46: 1|8 | I46: 807.8 | J46: 568.5 | K46: 106900 | L46: 8664 | M46: 34150 | N46: 0.005298 | O46: 1|8 | P46: 671 | Q46: 386 | R46: 72680 | S46: 4919 | T46: 11590 | U46: 0.005298 | V46: 1|8 | W46: 435.3 | X46: 461 | Y46: 86530 | Z46: 7003 | AA46: 2763 | AB46: 0.00531 | AC46: 1|8 | AD46: 369.8 | AE46: 473.7 | AF46: 88400 | AG46: 5346 | AH46: 1410 | AI46: 0.005349 | AJ46: 1|8 | AK46: 331.3 | AL46: 544.1 | AM46: 100700 | AN46: 8713 | AO46: 804.6 | AP46: 0.005381 | AQ46: 1|8 | AR46: 320.5 | AS46: 536.2 | AT46: 100700 | AU46: 9143 | AV46: 524.7 | AW46: 0.005305 | AX46: 1|8 | AY46: 305.2 | AZ46: 511 | BA46: 95380 | BB46: 10570 | BC46: 298.9 | BD46: 0.005325 | BE46: 1|8 | BF46: 303.8 | BG46: 458.3 | BH46: 85880 | BI46: 12230 | BJ46: 184.1 | BK46: 0.005283 | BL46: 1|8 | BM46: 298.9 | BN46: 333.9 | BO46: 61630 | BP46: 12540 | BQ46: 100.1 | BR46: 0.005308
A47: 1|9 | B47: 2168 | C47: 717.6 | D47: 105900 | E47: 12060 | F47: 169700 | G47: 0.00673 | H47: 1|9 | I47: 910.8 | J47: 704.7 | K47: 104400 | L47: 9696 | M47: 33370 | N47: 0.006722 | O47: 1|9 | P47: 758 | Q47: 487.6 | R47: 72330 | S47: 5529 | T47: 11550 | U47: 0.006722 | V47: 1|9 | W47: 491.7 | X47: 564.2 | Y47: 83570 | Z47: 7290 | AA47: 2670 | AB47: 0.006725 | AC47: 1|9 | AD47: 417.7 | AE47: 597.8 | AF47: 88050 | AG47: 7402 | AH47: 1406 | AI47: 0.006765 | AJ47: 1|9 | AK47: 373.3 | AL47: 667.5 | AM47: 98300 | AN47: 9841 | AO47: 786.2 | AP47: 0.006757 | AQ47: 1|9 | AR47: 361.3 | AS47: 660.4 | AT47: 97090 | AU47: 9868 | AV47: 506.6 | AW47: 0.006767 | AX47: 1|9 | AY47: 345.9 | AZ47: 631.4 | BA47: 94410 | BB47: 12580 | BC47: 296.6 | BD47: 0.00663 | BE47: 1|9 | BF47: 343.1 | BG47: 565.4 | BH47: 82610 | BI47: 11720 | BJ47: 177.1 | BK47: 0.006777 | BL47: 1|9 | BM47: 337 | BN47: 471.1 | BO47: 76860 | BP47: 17560 | BQ47: 125.5 | BR47: 0.005975
A48: 1|10 | B48: 2416 | C48: 875.1 | D48: 101900 | E48: 13020 | F48: 163500 | G48: 0.008518 | H48: 1|10 | I48: 1013 | J48: 863.8 | K48: 100600 | L48: 10840 | M48: 32220 | N48: 0.008534 | O48: 1|10 | P48: 842.8 | Q48: 607.2 | R48: 70970 | S48: 6332 | T48: 11340 | U48: 0.008522 | V48: 1|10 | W48: 547.7 | X48: 696.2 | Y48: 81060 | Z48: 8006 | AA48: 2593 | AB48: 0.008548 | AC48: 1|10 | AD48: 465.8 | AE48: 745.4 | AF48: 87140 | AG48: 8457 | AH48: 1393 | AI48: 0.008515 | AJ48: 1|10 | AK48: 415.4 | AL48: 814.2 | AM48: 94210 | AN48: 10050 | AO48: 754 | AP48: 0.008593 | AQ48: 1|10 | AR48: 402.1 | AS48: 803.8 | AT48: 93780 | AU48: 10810 | AV48: 490 | AW48: 0.008515 | AX48: 1|10 | AY48: 384.8 | AZ48: 768.9 | BA48: 90450 | BB48: 11480 | BC48: 284 | BD48: 0.008434 | BE48: 1|10 | BF48: 381.6 | BG48: 681.5 | BH48: 79220 | BI48: 11960 | BJ48: 170 | BK48: 0.008506 | BL48: 1|10 | BM48: 375.3 | BN48: 500.2 | BO48: 57880 | BP48: 14120 | BQ48: 94.83 | BR48: 0.008395
A49: 1|11 | B49: 2659 | C49: 1064 | D49: 97130 | E49: 14650 | F49: 156300 | G49: 0.01083 | H49: 1|11 | I49: 1115 | J49: 1050 | K49: 96140 | L49: 12310 | M49: 30850 | N49: 0.01083 | O49: 1|11 | P49: 929.8 | Q49: 745.7 | R49: 68430 | S49: 7452 | T49: 10960 | U49: 0.01083 | V49: 1|11 | W49: 602.8 | X49: 847.1 | Y49: 77590 | Z49: 9532 | AA49: 2488 | AB49: 0.01084 | AC49: 1|11 | AD49: 513.4 | AE49: 923.7 | AF49: 84550 | AG49: 10000 | AH49: 1355 | AI49: 0.01085 | AJ49: 1|11 | AK49: 458.3 | AL49: 985.3 | AM49: 90450 | AN49: 11120 | AO49: 725.2 | AP49: 0.01081 | AQ49: 1|11 | AR49: 443 | AS49: 978.7 | AT49: 90100 | AU49: 11930 | AV49: 471.8 | AW49: 0.01077 | AX49: 1|11 | AY49: 424.2 | AZ49: 953 | BA49: 87160 | BB49: 12210 | BC49: 274.1 | BD49: 0.01083 | BE49: 1|11 | BF49: 419.8 | BG49: 824.3 | BH49: 74570 | BI49: 13790 | BJ49: 160.9 | BK49: 0.01087 | BL49: 1|11 | BM49: 413.4 | BN49: 734.9 | BO49: 74660 | BP49: 20200 | BQ49: 123.1 | BR49: 0.009502
A50: 1|12 | B50: 2902 | C50: 1264 | D50: 90250 | E50: 16890 | F50: 146100 | G50: 0.01377 | H50: 1|12 | I50: 1217 | J50: 1260 | K50: 90610 | L50: 13700 | M50: 29170 | N50: 0.01375 | O50: 1|12 | P50: 1017 | Q50: 907.7 | R50: 65530 | S50: 7920 | T50: 10510 | U50: 0.01375 | V50: 1|12 | W50: 658 | X50: 1018 | Y50: 73380 | Z50: 10610 | AA50: 2360 | AB50: 0.01374 | AC50: 1|12 | AD50: 561.7 | AE50: 1131 | AF50: 81630 | AG50: 11120 | AH50: 1311 | AI50: 0.01373 | AJ50: 1|12 | AK50: 500.9 | AL50: 1197 | AM50: 86640 | AN50: 11540 | AO50: 695.5 | AP50: 0.0137 | AQ50: 1|12 | AR50: 484.2 | AS50: 1200 | AT50: 86560 | AU50: 12360 | AV50: 453.9 | AW50: 0.01372 | AX50: 1|12 | AY50: 462.8 | AZ50: 1162 | BA50: 81940 | BB50: 12620 | BC50: 258.2 | BD50: 0.01402 | BE50: 1|12 | BF50: 460.7 | BG50: 918.4 | BH50: 66850 | BI50: 14720 | BJ50: 145.3 | BK50: 0.01342 | BL50: 1|12 | BM50: 452.7 | BN50: 770.4 | BO50: 73690 | BP50: 20460 | BQ50: 121.7 | BR50: 0.01007
... A67: 1|29 | B67: 6540 | C67: 17820 | D67: 297.7 | E67: 1854 | F67: 2988 | G67: 9.49 | H67: 1|29 | I67: 2946 | J67: 16900 | K67: 3490 | L67: 10730 | M67: 3591 | N67: 1.498 | O67: 1|29 | P67: 2446 | Q67: 17590 | R67: 12560 | S67: 18120 | T67: 3508 | U67: 0.7978 | V67: 1|29 | W67: 1524 | X67: 18000 | Y67: 32520 | Z67: 18710 | AA67: 1194 | AB67: 0.4797 | AC67: 1|29 | AD67: 1140 | AE67: 3564 | AF67: 60600 | AG67: 12080 | AH67: 983.5 | AI67: 0.05767 | AJ67: 1|29 | AK67: 1010 | AL67: 3619 | AM67: 63280 | AN67: 11410 | AO67: 511.7 | AP67: 0.05629 | AQ67: 1|29 | AR67: 999.6 | AS67: 3647 | AT67: 61270 | AU67: 11730 | AV67: 323.8 | AW67: 0.05845 | AX67: 1|29 | AY67: 948 | AZ67: 3687 | BA67: 57920 | BB67: 10400 | BC67: 183.3 | BD67: 0.06265 | BE67: 1|29 | BF67: 954.9 | BG67: 3742 | BH67: 43250 | BI67: 11620 | BJ67: 95.04 | BK67: 0.08356 | BL67: 1|29 | BM67: 942.9 | BN67: 3885 | BO67: 43280 | BP67: 10950 | BQ67: 71.06 | BR67: 0.08701
A68: 1|30 | B68: 6685 | C68: 17820 | D68: 454 | E68: 2040 | F68: 3326 | G68: 8.527 | H68: 1|30 | I68: 3003 | J68: 17820 | K68: 2561 | L68: 9575 | M68: 3155 | N68: 1.798 | O68: 1|30 | P68: 2493 | Q68: 18000 | R68: 12760 | S68: 18360 | T68: 3558 | U68: 0.805 | V68: 1|30 | W68: 1554 | X68: 18000 | Y68: 33160 | Z68: 18610 | AA68: 1210 | AB68: 0.4733 | AC68: 1|30 | AD68: 1165 | AE68: 3564 | AF68: 60490 | AG68: 12050 | AH68: 981.6 | AI68: 0.05779 | AJ68: 1|30 | AK68: 1033 | AL68: 3619 | AM68: 63360 | AN68: 11390 | AO68: 512.3 | AP68: 0.05622 | AQ68: 1|30 | AR68: 1024 | AS68: 3647 | AU68: 11680 | AV68: 60.63 | AW68: 0.05845 | AX68: 1|30 | AY68: 971.2 | AZ68: 3687 | BA68: 57440 | BB68: 10240 | BC68: 181.7 | BD68: 0.06319 | BE68: 1|30 | BF68: 977.6 | BG68: 3742 | BH68: 43020 | BI68: 11880 | BJ68: 94.71 | BK68: 0.08385 | BL68: 1|30 | BM68: 965.8 | BN68: 3885 | BO68: 42250 | BP68: 13170 | BQ68: 70.43 | BR68: 0.08779
B70: 20°С SCTNA=60p_Katal68=2p_PyrO=40p_U=1000v_30_points | AY70: 1000v | BM70: 1000v
B71: Частота 0,1 Гц | I71: Частота 0,5 Гц | P71: Частота 1 Гц | W71: Частота 5 Гц | AD71: Частота 10 Гц | AK71: Частота 20 Гц | AR71: Частота 30 Гц | AY71: Частота 50 Гц | BF71: Частота 75 Гц | BM71: Частота 100 Гц
B72: t_seg in s | C72: Tau in Pa | D72: G' in Pa | E72: G" in Pa | F72: |eta*| in Pas | G72: gamma | I72: t_seg in s | J72: Tau in Pa | K72: G' in Pa | L72: G" in Pa | M72: |eta*| in Pas | N72: gamma | P72: t_seg in s | Q72: Tau in Pa | R72: G' in Pa | S72: G" in Pa | T72: |eta*| in Pas | U72: gamma | W72: t_seg in s | X72: Tau in Pa | Y72: G' in Pa | Z72: G" in Pa | AA72: |eta*| in Pas | AB72: gamma | AD72: t_seg in s | AE72: Tau in Pa | AF72: G' in Pa | AG72: G" in Pa | AH72: |eta*| in Pas | AI72: gamma | AK72: t_seg in s | AL72: Tau in Pa | AM72: G' in Pa | AN72: G" in Pa | AO72: |eta*| in Pas | AP72: gamma | AR72: t_seg in s | AS72: Tau in Pa | AT72: G' in Pa | AU72: G" in Pa | AV72: |eta*| in Pas | AW72: gamma | AY72: t_seg in s | AZ72: Tau in Pa | BA72: G' in Pa | BB72: G" in Pa | BC72: |eta*| in Pas | BD72: gamma | BF72: t_seg in s | BG72: Tau in Pa | BH72: G' in Pa | BI72: G" in Pa | BJ72: |eta*| in Pas | BK72: gamma | BM72: t_seg in s | BN72: Tau in Pa | BO72: G' in Pa | BP72: G" in Pa | BQ72: |eta*| in Pas | BR72: gamma
A73: 1|1 | B73: 226.7 | C73: 104.4 | D73: 105000 | E73: 9161 | F73: 167800 | G73: 0.0009908 | H73: 1|1 | I73: 91.59 | J73: 119.7 | K73: 119800 | L73: 6447 | M73: 38190 | N73: 0.0009976 | O73: 1|1 | P73: 75.55 | Q73: 129.6 | R73: 129800 | S73: 6580 | T73: 20680 | U73: 0.0009978 | V73: 1|1 | W73: 45.68 | X73: 119.4 | Y73: 119600 | Z73: 5707 | AA73: 3811 | AB73: 0.0009972 | AC73: 1|1 | AD73: 41.85 | AE73: 127.5 | AF73: 125800 | AG73: 5484 | AH73: 2004 | AI73: 0.001012 | AJ73: 1|1 | AK73: 36.69 | AL73: 128.7 | AM73: 128000 | AN73: 6371 | AO73: 1020 | AP73: 0.001004 | AQ73: 1|1 | AR73: 32.1 | AS73: 126.8 | AT73: 128500 | AU73: 7469 | AV73: 668.2 | AW73: 0.0009849 | AX73: 1|1 | AY73: 30.97 | AZ73: 125.8 | BA73: 125600 | BB73: 6639 | BC73: 391.7 | BD73: 0.0009999 | BE73: 1|1 | BF73: 30.93 | BG73: 118.4 | BH73: 116500 | BI73: 10930 | BJ73: 248.2 | BK73: 0.001013 | BL73: 1|1 | BM73: 30.09 | BN73: 83.52 | BO73: 98090 | BP73: 10230 | BQ73: 157 | BR73: 0.0008469
A74: 1|2 | B74: 469.3 | C74: 140.9 | D74: 111200 | E74: 9316 | F74: 177500 | G74: 0.001263 | H74: 1|2 | I74: 194.2 | J74: 155.4 | K74: 122600 | L74: 6700 | M74: 39090 | N74: 0.001265 | O74: 1|2 | P74: 160.4 | Q74: 169.3 | R74: 133600 | S74: 6743 | T74: 21290 | U74: 0.001266 | V74: 1|2 | W74: 100.8 | X74: 152.7 | Y74: 121100 | Z74: 5693 | AA74: 3860 | AB74: 0.001259 | AC74: 1|2 | AD74: 89.84 | AE74: 160.8 | AF74: 127200 | AG74: 6284 | AH74: 2027 | AI74: 0.001262 | AJ74: 1|2 | AK74: 78.14 | AL74: 162.7 | AM74: 129000 | AN74: 7732 | AO74: 1029 | AP74: 0.001259 | AQ74: 1|2 | AR74: 73.37 | AS74: 163.4 | AT74: 128400 | AU74: 8340 | AV74: 668.1 | AW74: 0.00127 | AX74: 1|2 | AY74: 69.7 | AZ74: 160.8 | BA74: 124600 | BB74: 7665 | BC74: 388.8 | BD74: 0.001288 | BE74: 1|2 | BF74: 70.56 | BG74: 148.8 | BH74: 117300 | BI74: 8141 | BJ74: 249.6 | BK74: 0.001266 | BL74: 1|2 | BM74: 68.36 | BN74: 99.29 | BO74: 100800 | BP74: 13360 | BQ74: 161.8 | BR74: 0.0009767
A75: 1|3 | B75: 712.2 | C75: 181 | D75: 112100 | E75: 9493 | F75: 179000 | G75: 0.001609 | H75: 1|3 | I75: 296.1 | J75: 198.6 | K75: 123300 | L75: 6980 | M75: 39310 | N75: 0.001608 | O75: 1|3 | P75: 245.2 | Q75: 214.4 | R75: 133100 | S75: 6789 | T75: 21210 | U75: 0.001608 | V75: 1|3 | W75: 157.4 | X75: 193.9 | Y75: 120300 | Z75: 5822 | AA75: 3833 | AB75: 0.001611 | AC75: 1|3 | AD75: 136.3 | AE75: 203.2 | AF75: 127500 | AG75: 6323 | AH75: 2032 | AI75: 0.001592 | AJ75: 1|3 | AK75: 120.9 | AL75: 207.9 | AM75: 128800 | AN75: 6255 | AO75: 1026 | AP75: 0.001613 | AQ75: 1|3 | AR75: 114.1 | AS75: 206.6 | AT75: 128400 | AU75: 7602 | AV75: 667.7 | AW75: 0.001606 | AX75: 1|3 | AY75: 109.4 | AZ75: 200.7 | BA75: 126400 | BB75: 10890 | BC75: 395.1 | BD75: 0.001582 | BE75: 1|3 | BF75: 109.3 | BG75: 192.9 | BH75: 117700 | BI75: 11240 | BJ75: 250.9 | BK75: 0.001631 | BL75: 1|3 | BM75: 106.4 | BN75: 70.77 | BO75: 102800 | BP75: 10360 | BQ75: 164.5 | BR75: 0.0006847
A76: 1|4 | B76: 955 | C76: 229.7 | D76: 111800 | E76: 9758 | F76: 178600 | G76: 0.002047 | H76: 1|4 | I76: 398.1 | J76: 249.2 | K76: 121700 | L76: 7417 | M76: 38800 | N76: 0.002044 | O76: 1|4 | P76: 332.2 | Q76: 271.3 | R76: 132700 | S76: 7065 | T76: 21140 | U76: 0.002042 | V76: 1|4 | W76: 214.1 | X76: 244.7 | Y76: 119700 | Z76: 6090 | AA76: 3816 | AB76: 0.002041 | AC76: 1|4 | AD76: 183.2 | AE76: 262.6 | AF76: 127800 | AG76: 6458 | AH76: 2036 | AI76: 0.002053 | AJ76: 1|4 | AK76: 163.3 | AL76: 264.6 | AM76: 129000 | AN76: 7865 | AO76: 1029 | AP76: 0.002047 | AQ76: 1|4 | AR76: 155 | AS76: 263.1 | AT76: 128200 | AU76: 7881 | AV76: 667 | AW76: 0.002048 | AX76: 1|4 | AY76: 148.6 | AZ76: 257.8 | BA76: 124600 | BB76: 7866 | BC76: 388.9 | BD76: 0.002064 | BE76: 1|4 | BF76: 149.2 | BG76: 239 | BH76: 116800 | BI76: 11430 | BJ76: 249.1 | BK76: 0.002036 | BL76: 1|4 | BM76: 144.6 | BN76: 155.5 | BO76: 93760 | BP76: 10470 | BQ76: 150.2 | BR76: 0.001648
A77: 1|5 | B77: 1198 | C77: 287.2 | D77: 110400 | E77: 9918 | F77: 176400 | G77: 0.00259 | H77: 1|5 | I77: 500.9 | J77: 310.2 | K77: 119600 | L77: 7673 | M77: 38150 | N77: 0.002588 | O77: 1|5 | P77: 417 | Q77: 337.6 | R77: 130100 | S77: 7468 | T77: 20750 | U77: 0.00259 | V77: 1|5 | W77: 269 | X77: 306.5 | Y77: 118300 | Z77: 6331 | AA77: 3771 | AB77: 0.002588 | AC77: 1|5 | AD77: 230.6 | AE77: 334.5 | AF77: 127700 | AG77: 7243 | AH77: 2035 | AI77: 0.002615 | AJ77: 1|5 | AK77: 204.6 | AL77: 335.8 | AM77: 128600 | AN77: 8592 | AO77: 1026 | AP77: 0.002605 | AQ77: 1|5 | AR77: 196.5 | AS77: 333.2 | AT77: 128500 | AU77: 8346 | AV77: 668.6 | AW77: 0.002587 | AX77: 1|5 | AY77: 187.9 | AZ77: 322.8 | BA77: 125400 | BB77: 7935 | BC77: 391.5 | BD77: 0.002568 | BE77: 1|5 | BF77: 188 | BG77: 303.4 | BH77: 116600 | BI77: 12090 | BJ77: 248.8 | BK77: 0.002588 | BL77: 1|5 | BM77: 182.9 | BN77: 240.3 | BO77: 88040 | BP77: 16610 | BQ77: 142.6 | BR77: 0.002683
A78: 1|6 | B78: 1441 | C78: 353.9 | D78: 107200 | E78: 10010 | F78: 171300 | G78: 0.003288 | H78: 1|6 | I78: 603.5 | J78: 385 | K78: 116800 | L78: 8155 | M78: 37280 | N78: 0.003288 | O78: 1|6 | P78: 501.8 | Q78: 421.7 | R78: 127900 | S78: 7982 | T78: 20400 | U78: 0.00329 | V78: 1|6 | W78: 324.9 | X78: 384.4 | Y78: 116500 | Z78: 6697 | AA78: 3713 | AB78: 0.003295 | AC78: 1|6 | AD78: 277.2 | AE78: 422.4 | AF78: 127900 | AG78: 7410 | AH78: 2039 | AI78: 0.003297 | AJ78: 1|6 | AK78: 246.1 | AL78: 425.3 | AM78: 128900 | AN78: 8652 | AO78: 1028 | AP78: 0.003291 | AQ78: 1|6 | AR78: 237.9 | AS78: 424.1 | AT78: 127700 | AU78: 9772 | AV78: 664.7 | AW78: 0.003313 | AX78: 1|6 | AY78: 227.1 | AZ78: 407.6 | BA78: 123800 | BB78: 10760 | BC78: 387.2 | BD78: 0.003279 | BE78: 1|6 | BF78: 227.2 | BG78: 380.6 | BH78: 115700 | BI78: 13460 | BJ78: 247.1 | BK78: 0.003268 | BL78: 1|6 | BM78: 220.9 | BN78: 293.5 | BO78: 60360 | BP78: 20530 | BQ78: 101.5 | BR78: 0.004603
A79: 1|7 | B79: 1684 | C79: 430 | D79: 102700 | E79: 10090 | F79: 164300 | G79: 0.004165 | H79: 1|7 | I79: 705.4 | J79: 473.8 | K79: 113100 | L79: 8880 | M79: 36120 | N79: 0.004175 | O79: 1|7 | P79: 586.7 | Q79: 521.1 | R79: 124500 | S79: 8470 | T79: 19870 | U79: 0.004174 | V79: 1|7 | W79: 380.9 | X79: 478.3 | Y79: 114300 | Z79: 6894 | AA79: 3645 | AB79: 0.004177 | AC79: 1|7 | AD79: 322.9 | AE79: 532.4 | AF79: 127500 | AG79: 8630 | AH79: 2034 | AI79: 0.004167 | AJ79: 1|7 | AK79: 288.1 | AL79: 536.2 | AM79: 128200 | AN79: 9895 | AO79: 1023 | AP79: 0.00417 | AQ79: 1|7 | AR79: 278.3 | AS79: 529.9 | AT79: 127000 | AU79: 10820 | AV79: 661.5 | AW79: 0.004158 | AX79: 1|7 | AY79: 266.4 | AZ79: 508 | BA79: 121100 | BB79: 13200 | BC79: 379.4 | BD79: 0.00417 | BE79: 1|7 | BF79: 265.5 | BG79: 472.1 | BH79: 112000 | BI79: 13490 | BJ79: 239.3 | BK79: 0.004186 | BL79: 1|7 | BM79: 259 | BN79: 331.9 | BO79: 86540 | BP79: 1901 | BQ79: 137.8 | BR79: 0.003835
A80: 1|8 | B80: 1926 | C80: 522.2 | D80: 97970 | E80: 10590 | F80: 156800 | G80: 0.005299 | H80: 1|8 | I80: 808.4 | J80: 581.8 | K80: 109400 | L80: 9615 | M80: 34950 | N80: 0.005299 | O80: 1|8 | P80: 671.5 | Q80: 639.4 | R80: 120300 | S80: 8879 | T80: 19190 | U80: 0.005302 | V80: 1|8 | W80: 434.6 | X80: 590.9 | Y80: 111200 | Z80: 7237 | AA80: 3548 | AB80: 0.005301 | AC80: 1|8 | AD80: 370.6 | AE80: 666.7 | AF80: 125300 | AG80: 9379 | AH80: 2000 | AI80: 0.005306 | AJ80: 1|8 | AK80: 330.6 | AL80: 671.4 | AM80: 126000 | AN80: 10900 | AO80: 1007 | AP80: 0.005308 | AQ80: 1|8 | AR80: 318.8 | AS80: 660.5 | AT80: 124100 | AU80: 11640 | AV80: 646.8 | AW80: 0.0053 | AX80: 1|8 | AY80: 305.1 | AZ80: 631.8 | BA80: 118400 | BB80: 12180 | BC80: 370.7 | BD80: 0.005307 | BE80: 1|8 | BF80: 304.2 | BG80: 580 | BH80: 108100 | BI80: 12710 | BJ80: 231 | BK80: 0.005329 | BL80: 1|8 | BM80: 297.2 | BN80: 376.7 | BO80: 71540 | BP80: 17970 | BQ80: 117.4 | BR80: 0.005107
A81: 1|9 | B81: 2170 | C81: 626.9 | D81: 92540 | E81: 12050 | F81: 148500 | G81: 0.006718 | H81: 1|9 | I81: 910.2 | J81: 715.5 | K81: 106000 | L81: 10700 | M81: 33920 | N81: 0.006714 | O81: 1|9 | P81: 756.3 | Q81: 777 | R81: 115100 | S81: 9572 | T81: 18380 | U81: 0.006729 | V81: 1|9 | W81: 489.6 | X81: 731.1 | Y81: 108300 | Z81: 7771 | AA81: 3457 | AB81: 0.006733 | AC81: 1|9 | AD81: 416.6 | AE81: 820.4 | AF81: 122100 | AG81: 10710 | AH81: 1951 | AI81: 0.006692 | AJ81: 1|9 | AK81: 373.2 | AL81: 821.9 | AM81: 121700 | AN81: 11590 | AO81: 972.8 | AP81: 0.006723 | AQ81: 1|9 | AR81: 360.1 | AS81: 811.2 | AT81: 119800 | AU81: 11560 | AV81: 624.9 | AW81: 0.006738 | AX81: 1|9 | AY81: 344.8 | AZ81: 785.9 | BA81: 113400 | BB81: 13650 | BC81: 355.7 | BD81: 0.006882 | BE81: 1|9 | BF81: 343.5 | BG81: 709.8 | BH81: 103700 | BI81: 15430 | BJ81: 222.6 | BK81: 0.006767 | BL81: 1|9 | BM81: 335.4 | BN81: 470 | BO81: 67610 | BP81: 17910 | BQ81: 111.3 | BR81: 0.00672
A82: 1|10 | B82: 2418 | C82: 749.9 | D82: 86830 | E82: 14160 | F82: 140000 | G82: 0.008524 | H82: 1|10 | I82: 1013 | J82: 873.6 | K82: 101700 | L82: 11780 | M82: 32600 | N82: 0.008531 | O82: 1|10 | P82: 841.2 | Q82: 943.5 | R82: 110100 | S82: 10070 | T82: 17590 | U82: 0.008536 | V82: 1|10 | W82: 544.8 | X82: 906.4 | Y82: 105800 | Z82: 8865 | AA82: 3380 | AB82: 0.008535 | AC82: 1|10 | AD82: 463.2 | AE82: 993.5 | AF82: 116100 | AG82: 11330 | AH82: 1856 | AI82: 0.00852 | AJ82: 1|10 | AK82: 415.1 | AL82: 1000 | AM82: 116200 | AN82: 12250 | AO82: 929.9 | AP82: 0.008561 | AQ82: 1|10 | AR82: 401.1 | AS82: 990.7 | AT82: 115900 | AU82: 12950 | AV82: 605.4 | AW82: 0.008494 | AX82: 1|10 | AY82: 384.2 | AZ82: 942.7 | BA82: 109400 | BB82: 15070 | BC82: 344.1 | BD82: 0.008533 | BE82: 1|10 | BF82: 381.8 | BG82: 849.5 | BH82: 98570 | BI82: 14200 | BJ82: 211.3 | BK82: 0.008531 | BL82: 1|10 | BM82: 375.8 | BN82: 573.5 | BO82: 64630 | BP82: 17150 | BQ82: 106.4 | BR82: 0.008577
A83: 1|11 | B83: 2661 | C83: 892.8 | D83: 81020 | E83: 15410 | F83: 131300 | G83: 0.01083 | H83: 1|11 | I83: 1115 | J83: 1049 | K83: 96050 | L83: 12510 | M83: 30830 | N83: 0.01083 | O83: 1|11 | P83: 928.1 | Q83: 1155 | R83: 106100 | S83: 10670 | T83: 16970 | U83: 0.01083 | V83: 1|11 | W83: 601.4 | X83: 1129 | Y83: 103700 | Z83: 10320 | AA83: 3318 | AB83: 0.01083 | AC83: 1|11 | AD83: 511.2 | AE83: 1194 | AF83: 109700 | AG83: 12080 | AH83: 1756 | AI83: 0.01083 | AJ83: 1|11 | AK83: 458.5 | AL83: 1208 | AM83: 110700 | AN83: 12580 | AO83: 886.9 | AP83: 0.01084 | AQ83: 1|11 | AR83: 441.6 | AS83: 1202 | AT83: 109100 | AU83: 12710 | AV83: 570 | AW83: 0.01095 | AX83: 1|11 | AY83: 423.5 | AZ83: 1161 | BA83: 105100 | BB83: 13210 | BC83: 330 | BD83: 0.01096 | BE83: 1|11 | BF83: 420.8 | BG83: 1000 | BH83: 91020 | BI83: 14720 | BJ83: 195.7 | BK83: 0.01085 | BL83: 1|11 | BM83: 414.4 | BN83: 741.6 | BO83: 60540 | BP83: 16870 | BQ83: 100 | BR83: 0.0118
A84: 1|12 | B84: 2904 | C84: 1057 | D84: 75220 | E84: 16310 | F84: 122500 | G84: 0.01374 | H84: 1|12 | I84: 1218 | J84: 1244 | K84: 89490 | L84: 13340 | M84: 28800 | N84: 0.01375 | O84: 1|12 | P84: 1013 | Q84: 1427 | R84: 103200 | S84: 11660 | T84: 16530 | U84: 0.01374 | V84: 1|12 | W84: 657.1 | X84: 1390 | Y84: 100600 | Z84: 11570 | AA84: 3223 | AB84: 0.01373 | AC84: 1|12 | AD84: 559.3 | AE84: 1434 | AF84: 103500 | AG84: 13090 | AH84: 1661 | AI84: 0.01373 | AJ84: 1|12 | AK84: 500.5 | AL84: 1461 | AM84: 105400 | AN84: 13010 | AO84: 845.2 | AP84: 0.01375 | AQ84: 1|12 | AR84: 482.8 | AS84: 1449 | AT84: 105200 | AU84: 14270 | AV84: 551 | AW84: 0.01365 | AX84: 1|12 | AY84: 462.5 | AZ84: 1389 | BA84: 100000 | BB84: 13450 | BC84: 314.3 | BD84: 0.01377 | BE84: 1|12 | BF84: 459.5 | BG84: 1182 | BH84: 84430 | BI84: 14840 | BJ84: 181.9 | BK84: 0.01378 | BL84: 1|12 | BM84: 452.1 | BN84: 841.5 | BO84: 59170 | BP84: 17490 | BQ84: 98.21 | BR84: 0.01364
... A97: 1|25 | B97: 6065 | C97: 343.4 | D97: 46080 | E97: 7311 | F97: 74260 | G97: 0.007359 | H97: 1|25 | I97: 2526 | J97: 12540 | K97: 2536 | L97: 4531 | M97: 1653 | N97: 2.416 | O97: 1|25 | P97: 2124 | Q97: 11980 | R97: 35500 | S97: 17280 | T97: 6283 | U97: 0.3034 | V97: 1|25 | W97: 1380 | X97: 16100 | Y97: 48670 | Z97: 19510 | AA97: 1669 | AB97: 0.3071 | AC97: 1|25 | AD97: 985.6 | AE97: 3564 | AF97: 80110 | AG97: 14360 | AH97: 1295 | AI97: 0.04379 | AJ97: 1|25 | AK97: 892.8 | AL97: 3619 | AM97: 81340 | AN97: 13390 | AO97: 656 | AP97: 0.0439 | AQ97: 1|25 | AR97: 865.5 | AS97: 3647 | AT97: 78740 | AU97: 13570 | AV97: 414.8 | AW97: 0.04564 | AX97: 1|25 | AY97: 841.3 | AZ97: 3687 | BA97: 73540 | BB97: 13420 | BC97: 232.8 | BD97: 0.04932 | BE97: 1|25 | BF97: 849.2 | BG97: 3742 | BH97: 56030 | BI97: 14930 | BJ97: 123 | BK97: 0.06454 | BL97: 1|25 | BM97: 844 | BN97: 3885 | BO97: 47970 | BP97: 14220 | BQ97: 79.62 | BR97: 0.07765
A98: 1|26 | B98: 6307 | C98: 389.2 | D98: 42090 | E98: 6781 | F98: 67850 | G98: 0.009129 | H98: 1|26 | I98: 2598 | J98: 17730 | K98: 245.5 | L98: 2979 | M98: 951.4 | N98: 5.933 | O98: 1|26 | P98: 2211 | Q98: 14070 | R98: 32010 | S98: 17850 | T98: 5832 | U98: 0.384 | V98: 1|26 | W98: 1410 | X98: 18000 | Y98: 46530 | Z98: 19540 | AA98: 1606 | AB98: 0.3566 | AC98: 1|26 | AD98: 1010 | AE98: 3564 | AF98: 80020 | AG98: 14290 | AH98: 1294 | AI98: 0.04384 | AJ98: 1|26 | AK98: 917.8 | AL98: 3619 | AM98: 81270 | AN98: 13400 | AO98: 655.5 | AP98: 0.04394 | AQ98: 1|26 | AR98: 889.8 | AS98: 3647 | AT98: 78290 | AU98: 13810 | AV98: 412.7 | AW98: 0.04587 | AX98: 1|26 | AY98: 862.7 | AZ98: 3687 | BB98: 13190 | BC98: 41.07 | BD98: 0.04924 | BE98: 1|26 | BF98: 871.9 | BG98: 3742 | BH98: 56450 | BI98: 13940 | BJ98: 123.4 | BK98: 0.06435 | BL98: 1|26 | BM98: 866.8 | BN98: 3885 | BO98: 47900 | BP98: 14580 | BQ98: 79.69 | BR98: 0.07759
A99: 1|27 | B99: 6468 | C99: 17820 | D99: 15 | E99: 916.9 | F99: 1460 | G99: 19.43 | H99: 1|27 | O99: 1|27 | P99: 2279 | Q99: 17790 | R99: 19700 | S99: 21800 | T99: 4675 | U99: 0.6056 | V99: 1|27 | W99: 1440 | X99: 18000 | Y99: 45790 | Z99: 19770 | AA99: 1588 | AB99: 0.3609 | AC99: 1|27 | AD99: 1036 | AE99: 3564 | AF99: 79870 | AG99: 14270 | AH99: 1291 | AI99: 0.04393 | AJ99: 1|27 | AK99: 943.6 | AL99: 3619 | AM99: 81290 | AN99: 13390 | AO99: 655.6 | AP99: 0.04393 | AQ99: 1|27 | AR99: 913.8 | AS99: 3647 | AT99: 78540 | AU99: 12990 | AV99: 413.2 | AW99: 0.04581 | AX99: 1|27 | AY99: 885.9 | AZ99: 3687 | BA99: 73440 | BB99: 13350 | BC99: 232.5 | BD99: 0.04939 | BE99: 1|27 | BF99: 894.2 | BG99: 3742 | BH99: 56280 | BI99: 14610 | BJ99: 123.4 | BK99: 0.06435 | BL99: 1|27 | BM99: 889.1 | BN99: 3885 | BO99: 48090 | BP99: 13670 | BQ99: 79.58 | BR99: 0.0777
A100: 1|28 | B100: 6650 | C100: 14930 | D100: 36.57 | E100: 128.1 | F100: 212 | G100: 112.1 | H100: 1|28 | O100: 1|28 | P100: 2326 | Q100: 18000 | R100: 24150 | S100: 22680 | T100: 5272 | U100: 0.5433 | V100: 1|28 | W100: 1470 | X100: 18000 | Y100: 46620 | Z100: 19330 | AA100: 1606 | AB100: 0.3566 | AC100: 1|28 | AD100: 1062 | AE100: 3564 | AF100: 79850 | AG100: 14240 | AH100: 1291 | AI100: 0.04394 | AJ100: 1|28 | AK100: 968.8 | AL100: 3619 | AM100: 81350 | AN100: 13340 | AO100: 656 | AP100: 0.0439 | AQ100: 1|28 | AR100: 937.7 | AS100: 3647 | AT100: 78480 | AU100: 13440 | AV100: 413.3 | AW100: 0.0458 | AX100: 1|28 | AY100: 909 | AZ100: 3687 | BA100: 72290 | BB100: 13110 | BC100: 228.8 | BD100: 0.05018 | BE100: 1|28 | BF100: 917.1 | BG100: 3742 | BH100: 56260 | BI100: 14570 | BJ100: 123.3 | BK100: 0.06439 | BL100: 1|28 | BM100: 911.6 | BN100: 3885 | BO100: 69980 | BP100: 24210 | BQ100: 117.9 | BR100: 0.05246
A101: 1|29 | H101: 1|29 | O101: 1|29 | P101: 2374 | Q101: 18000 | R101: 21740 | S101: 22470 | T101: 4976 | U101: 0.5756 | V101: 1|29 | W101: 1499 | X101: 18000 | Y101: 47520 | Z101: 18810 | AA101: 1627 | AB101: 0.3522 | AC101: 1|29 | AD101: 1087 | AE101: 3564 | AF101: 79880 | AG101: 14210 | AH101: 1291 | AI101: 0.04393 | AJ101: 1|29 | AK101: 993.2 | AL101: 3619 | AM101: 81400 | AN101: 13370 | AO101: 656.5 | AP101: 0.04387 | AQ101: 1|29 | AR101: 961.9 | AS101: 3647 | AT101: 78620 | AU101: 13880 | AV101: 414.4 | AW101: 0.04567 | AX101: 1|29 | AY101: 931.6 | AZ101: 3687 | BB101: 12830 | BC101: 39.96 | BD101: 0.04918 | BE101: 1|29 | BF101: 939.4 | BG101: 3742 | BH101: 56250 | BI101: 14970 | BJ101: 123.5 | BK101: 0.06429 | BL101: 1|29 | BM101: 933.9 | BN101: 3885 | BO101: 47190 | BP101: 14650 | BQ101: 78.64 | BR101: 0.07862
A102: 1|30 | H102: 1|30 | O102: 1|30 | P102: 2422 | Q102: 18000 | R102: 21350 | S102: 22480 | T102: 4934 | U102: 0.5806 | V102: 1|30 | W102: 1529 | X102: 18000 | Y102: 48240 | Z102: 18220 | AA102: 1641 | AB102: 0.349 | AC102: 1|30 | AD102: 1111 | AE102: 3564 | AF102: 79890 | AG102: 14190 | AH102: 1291 | AI102: 0.04392 | AJ102: 1|30 | AK102: 1019 | AL102: 3619 | AM102: 81430 | AN102: 13320 | AO102: 656.6 | AP102: 0.04386 | AQ102: 1|30 | AR102: 985.8 | AS102: 3647 | AT102: 78410 | AU102: 14150 | AV102: 413.6 | AW102: 0.04577 | AX102: 1|30 | AY102: 952.4 | AZ102: 3687 | BA102: 73050 | BB102: 12740 | BC102: 231 | BD102: 0.04972 | BE102: 1|30 | BF102: 962.2 | BG102: 3742 | BH102: 56360 | BI102: 14570 | BJ102: 123.5 | BK102: 0.06428 | BL102: 1|30 | BM102: 956.9 | BN102: 3885 | BO102: 47830 | BP102: 14250 | BQ102: 79.43 | BR102: 0.07784
B104: 20°С SCTNA=60p_Katal68=2p_PyrO=40p_U=1500v_30_points
B105: Частота 0,1 Гц | I105: Частота 0,5 Гц | P105: Частота 1 Гц | W105: Частота 5 Гц | AD105: Частота 10 Гц | AK105: Частота 20 Гц | AR105: Частота 30 Гц | AY105: Частота 50 Гц | BF105: Частота 75 Гц | BM105: Частота 100 Гц
B106: t_seg in s | C106: Tau in Pa | D106: G' in Pa | E106: G" in Pa | F106: |eta*| in Pas | G106: gamma | I106: t_seg in s | J106: Tau in Pa | K106: G' in Pa | L106: G" in Pa | M106: |eta*| in Pas | N106: gamma | P106: t_seg in s | Q106: Tau in Pa | R106: G' in Pa | S106: G" in Pa | T106: |eta*| in Pas | U106: gamma | W106: t_seg in s | X106: Tau in Pa | Y106: G' in Pa | Z106: G" in Pa | AA106: |eta*| in Pas | AB106: gamma | AD106: t_seg in s | AE106: Tau in Pa | AF106: G' in Pa | AG106: G" in Pa | AH106: |eta*| in Pas | AI106: gamma | AK106: t_seg in s | AL106: Tau in Pa | AM106: G' in Pa | AN106: G" in Pa | AO106: |eta*| in Pas | AP106: gamma | AR106: t_seg in s | AS106: Tau in Pa | AT106: G' in Pa | AU106: G" in Pa | AV106: |eta*| in Pas | AW106: gamma | AY106: t_seg in s | AZ106: Tau in Pa | BA106: G' in Pa | BB106: G" in Pa | BC106: |eta*| in Pas | BD106: gamma | BF106: t_seg in s | BG106: Tau in Pa | BH106: G' in Pa | BI106: G" in Pa | BJ106: |eta*| in Pas | BK106: gamma | BM106: t_seg in s | BN106: Tau in Pa | BO106: G' in Pa | BP106: G" in Pa | BQ106: |eta*| in Pas | BR106: gamma
A107: 1|1 | H107: 1|1 | O107: 1|1 | V107: 1|1 | AC107: 1|1 | AJ107: 1|1 | AQ107: 1|1 | AX107: 1|1 | BE107: 1|1 | BL107: 1|1
A108: 1|2 | H108: 1|2 | O108: 1|2 | V108: 1|2 | AC108: 1|2 | AJ108: 1|2 | AQ108: 1|2 | AX108: 1|2 | BE108: 1|2 | BL108: 1|2
A109: 1|3 | H109: 1|3 | O109: 1|3 | V109: 1|3 | AC109: 1|3 | AJ109: 1|3 | AQ109: 1|3 | AX109: 1|3 | BE109: 1|3 | BL109: 1|3
A110: 1|4 | H110: 1|4 | O110: 1|4 | V110: 1|4 | AC110: 1|4 | AJ110: 1|4 | AQ110: 1|4 | AX110: 1|4 | BE110: 1|4 | BL110: 1|4
A111: 1|5 | H111: 1|5 | O111: 1|5 | V111: 1|5 | AC111: 1|5 | AJ111: 1|5 | AQ111: 1|5 | AX111: 1|5 | BE111: 1|5 | BL111: 1|5
A112: 1|6 | H112: 1|6 | O112: 1|6 | V112: 1|6 | AC112: 1|6 | AJ112: 1|6 | AQ112: 1|6 | AX112: 1|6 | BE112: 1|6 | BL112: 1|6
A113: 1|7 | H113: 1|7 | O113: 1|7 | V113: 1|7 | AC113: 1|7 | AJ113: 1|7 | AQ113: 1|7 | AX113: 1|7 | BE113: 1|7 | BL113: 1|7
A114: 1|8 | H114: 1|8 | O114: 1|8 | V114: 1|8 | AC114: 1|8 | AJ114: 1|8 | AQ114: 1|8 | AX114: 1|8 | BE114: 1|8 | BL114: 1|8
A115: 1|9 | H115: 1|9 | O115: 1|9 | V115: 1|9 | AC115: 1|9 | AJ115: 1|9 | AQ115: 1|9 | AX115: 1|9 | BE115: 1|9 | BL115: 1|9
A116: 1|10 | H116: 1|10 | O116: 1|10 | V116: 1|10 | AC116: 1|10 | AJ116: 1|10 | AQ116: 1|10 | AX116: 1|10 | BE116: 1|10 | BL116: 1|10
A117: 1|11 | H117: 1|11 | O117: 1|11 | V117: 1|11 | AC117: 1|11 | AJ117: 1|11 | AQ117: 1|11 | AX117: 1|11 | BE117: 1|11 | BL117: 1|11
A118: 1|12 | H118: 1|12 | O118: 1|12 | V118: 1|12 | AC118: 1|12 | AJ118: 1|12 | AQ118: 1|12 | AX118: 1|12 | BE118: 1|12 | BL118: 1|12
... A136: 1|30 | H136: 1|30 | O136: 1|30 | V136: 1|30 | AC136: 1|30 | AJ136: 1|30 | AQ136: 1|30 | AX136: 1|30 | BE136: 1|30 | BL136: 1|30
B137: 20°С SCTNA=60p_Katal68=2p_PyrO=40p_U=2000v_30_points
B138: Частота 0,1 Гц | I138: Частота 0,5 Гц | P138: Частота 1 Гц | W138: Частота 5 Гц | AD138: Частота 10 Гц | AK138: Частота 20 Гц | AR138: Частота 30 Гц | AY138: Частота 50 Гц | BF138: Частота 75 Гц | BM138: Частота 100 Гц
B139: t_seg in s | C139: Tau in Pa | D139: G' in Pa | E139: G" in Pa | F139: |eta*| in Pas | G139: gamma | I139: t_seg in s | J139: Tau in Pa | K139: G' in Pa | L139: G" in Pa | M139: |eta*| in Pas | N139: gamma | P139: t_seg in s | Q139: Tau in Pa | R139: G' in Pa | S139: G" in Pa | T139: |eta*| in Pas | U139: gamma | W139: t_seg in s | X139: Tau in Pa | Y139: G' in Pa | Z139: G" in Pa | AA139: |eta*| in Pas | AB139: gamma | AD139: t_seg in s | AE139: Tau in Pa | AF139: G' in Pa | AG139: G" in Pa | AH139: |eta*| in Pas | AI139: gamma | AK139: t_seg in s | AL139: Tau in Pa | AM139: G' in Pa | AN139: G" in Pa | AO139: |eta*| in Pas | AP139: gamma | AR139: t_seg in s | AS139: Tau in Pa | AT139: G' in Pa | AU139: G" in Pa | AV139: |eta*| in Pas | AW139: gamma | AY139: t_seg in s | AZ139: Tau in Pa | BA139: G' in Pa | BB139: G" in Pa | BC139: |eta*| in Pas | BD139: gamma | BF139: t_seg in s | BG139: Tau in Pa | BH139: G' in Pa | BI139: G" in Pa | BJ139: |eta*| in Pas | BK139: gamma | BM139: t_seg in s | BN139: Tau in Pa | BO139: G' in Pa | BP139: G" in Pa | BQ139: |eta*| in Pas | BR139: gamma
A140: 1|1 | B140: 192.786 | C140: 6952.5122 | D140: 3117.5613 | E140: 1675.4025 | F140: 5632.8623 | G140: 1.9644128 | H140: 1|1 | I140: 91.152 | J140: 419.87918 | K140: 277516.19 | L140: 47470.887 | M140: 89619.195 | N140: 0.0014913288 | O140: 1|1 | V140: 1|1 | AC140: 1|1 | AJ140: 1|1 | AQ140: 1|1 | AX140: 1|1 | BE140: 1|1 | BL140: 1|1
A141: 1|2 | B141: 436.647 | C141: 471.84943 | D141: 371548.06 | E141: 54199.086 | F141: 597595.5 | G141: 0.0012566554 | H141: 1|2 | I141: 194.284 | J141: 351.95261 | K141: 276492.59 | L141: 17326.219 | M141: 88182.953 | N141: 0.0012704268 | O141: 1|2 | V141: 1|2 | AC141: 1|2 | AJ141: 1|2 | AQ141: 1|2 | AX141: 1|2 | BE141: 1|2 | BL141: 1|2
A142: 1|3 | B142: 680.57001 | C142: 593.11383 | D142: 373968.56 | E142: 35875.352 | F142: 597921.88 | G142: 0.0015787513 | H142: 1|3 | I142: 297.198 | J142: 447.40976 | K142: 277890.62 | L142: 14410.938 | M142: 88574.188 | N142: 0.0016078606 | O142: 1|3 | V142: 1|3 | AC142: 1|3 | AJ142: 1|3 | AQ142: 1|3 | AX142: 1|3 | BE142: 1|3 | BL142: 1|3
A143: 1|4 | B143: 923.04199 | C143: 764.91571 | D143: 374616.06 | E143: 21118.195 | F143: 597166.56 | G143: 0.002038629 | H143: 1|4 | I143: 400.00201 | J143: 568.97357 | K143: 277426.78 | L143: 13503.221 | M143: 88412.227 | N143: 0.0020484712 | O143: 1|4 | V143: 1|4 | AC143: 1|4 | AJ143: 1|4 | AQ143: 1|4 | AX143: 1|4 | BE143: 1|4 | BL143: 1|4
A144: 1|5 | B144: 1165.218 | C144: 983.02258 | D144: 378166.25 | E144: 18864.648 | F144: 602618.62 | G144: 0.0025962172 | H144: 1|5 | I144: 502.745 | J144: 726.81409 | K144: 279694.19 | L144: 13660.631 | M144: 89135.547 | N144: 0.0025955089 | O144: 1|5 | V144: 1|5 | AC144: 1|5 | AJ144: 1|5 | AQ144: 1|5 | AX144: 1|5 | BE144: 1|5 | BL144: 1|5
A145: 1|6 | B145: 1412.948 | C145: 1240.6924 | D145: 377020.94 | E145: 18341.275 | F145: 600757.06 | G145: 0.0032868914 | H145: 1|6 | I145: 605.76801 | J145: 925.8877 | K145: 281130.09 | L145: 15330.018 | M145: 89619.43 | N145: 0.0032885636 | O145: 1|6 | V145: 1|6 | AC145: 1|6 | AJ145: 1|6 | AQ145: 1|6 | AX145: 1|6 | BE145: 1|6 | BL145: 1|6
A146: 1|7 | B146: 1661.551 | C146: 1556.7874 | D146: 372121 | E146: 19107.76 | F146: 593029.19 | G146: 0.0041780472 | H146: 1|7 | I146: 707.52704 | J146: 1182.4509 | K146: 282683.66 | L146: 16368.036 | M146: 90131.711 | N146: 0.0041759531 | O146: 1|7 | V146: 1|7 | AC146: 1|7 | AJ146: 1|7 | AQ146: 1|7 | AX146: 1|7 | BE146: 1|7 | BL146: 1|7
A147: 1|8 | B147: 1903.7271 | C147: 1949.472 | D147: 366885.56 | E147: 20054.094 | F147: 584788.12 | G147: 0.0053056497 | H147: 1|8 | I147: 810.11304 | J147: 1516.9385 | K147: 285886.09 | L147: 18447.525 | M147: 91189.625 | N147: 0.0052950815 | O147: 1|8 | V147: 1|8 | AC147: 1|8 | AJ147: 1|8 | AQ147: 1|8 | AX147: 1|8 | BE147: 1|8 | BL147: 1|8
A148: 1|9 | B148: 2148.1489 | C148: 2415.1917 | D148: 358397 | E148: 21417.441 | F148: 571424.06 | G148: 0.0067268717 | H148: 1|9 | I148: 912.013 | J148: 1924.3007 | K148: 285691.69 | L148: 21532.268 | M148: 91196.406 | N148: 0.0067165354 | O148: 1|9 | V148: 1|9 | AC148: 1|9 | AJ148: 1|9 | AQ148: 1|9 | AX148: 1|9 | BE148: 1|9 | BL148: 1|9
A149: 1|10 | B149: 2392.041 | C149: 2934.1089 | D149: 343360.44 | E149: 22788.928 | F149: 547677.38 | G149: 0.0085265143 | H149: 1|10 | I149: 1015.036 | J149: 2408.4438 | K149: 281202.12 | L149: 26465.277 | M149: 89904.961 | N149: 0.0085271318 | O149: 1|10 | V149: 1|10 | AC149: 1|10 | AJ149: 1|10 | AQ149: 1|10 | AX149: 1|10 | BE149: 1|10 | BL149: 1|10
A150: 1|11 | B150: 2634.5288 | C150: 3535.134 | D150: 325931.59 | E150: 24211.84 | F150: 520165.5 | G150: 0.010816443 | H150: 1|11 | I150: 1117.6069 | J150: 2895.0779 | K150: 265762.91 | L150: 32186.785 | M150: 85213.117 | N150: 0.010814438 | O150: 1|11 | V150: 1|11 | AC150: 1|11 | AJ150: 1|11 | AQ150: 1|11 | AX150: 1|11 | BE150: 1|11 | BL150: 1|11
...

Sheet output_data
B1: f | C1: Gamma_0v | D1: G'_0v | E1: Gamma_500v | F1: G'_500v | G1: Gamma_1000v | H1: G'_1000v | I1: Gamma_1500v | J1: G'_1500v | K1: Gamma_2000v | L1: G'_2000v | M1: Gamma_2500v | N1: G'_2500v | O1: ---------- | P1: Gamma_0v | Q1: G''_0v | R1: Gamma_500v | S1: G''_500v | T1: Gamma_1000v | U1: G''_1000v | V1: Gamma_1500v | W1: G''_1500v | X1: Gamma_2000v | Y1: G''_2000v | Z1: Gamma_2500v | AA1: G''_2500v | AB1: ---------- | AC1: Gamma_0v | AD1: |Eta*|_0v | AE1: Gamma_500v | AF1: |Eta*|_500v | AG1: Gamma_1000v | AH1: |Eta*|_1000v | AI1: Gamma_1500v | AJ1: |Eta*|_1500v | AK1: Gamma_2000v | AL1: |Eta*|_2000v | AM1: Gamma_2500v | AN1: |Eta*|_2500v | AO1: ---------- | AP1: Tau_0v | AQ1: Tau_500v | AR1: Tau_1000v | AS1: Tau_1500v | AT1: Tau_2000v | AU1: Tau_2500v | AV1: ---------- | AW1: G'_0v | AX1: G''_0v | AY1: tan_δ_0v | AZ1: G'_500v | BA1: G''_500v | BB1: tan_δ_500v | BC1: G'_1000v | BD1: G''_1000v | BE1: tan_δ_1000v | BF1: G'_1500v | BG1: G''_1500v | BH1: tan_δ_1500v | BI1: G'_2000v | BJ1: G''_2000v | BK1: tan_δ_2000v | BL1: G'_2500v | BM1: G''_2500v | BN1: tan_δ_2500v | BO1: ---------- | BP1: tan_δ_0v | BQ1: tan_δ_500v | BR1: tan_δ_1000v | BS1: tan_δ_1500v | BT1: tan_δ_2000v | BU1: tan_δ_2500v | BV1: ----------
B2: Hz | D2: Pa | F2: Pa | H2: Pa | J2: Pa | L2: Pa | N2: Pa | Q2: Pa | S2: Pa | U2: Pa | W2: Pa | Y2: Pa | AA2: Pa | AD2: Pas | AF2: Pas | AH2: Pas | AJ2: Pas | AL2: Pas | AN2: Pas | AP2: Pa | AQ2: Pa | AR2: Pa | AS2: Pa | AT2: Pa | AU2: Pa | AW2: Pa | AX2: Pa | AZ2: Pa | BA2: Pa | BC2: Pa | BD2: Pa | BF2: Pa | BG2: Pa | BI2: Pa | BJ2: Pa | BL2: Pa | BM2: Pa
C3: SCTNA=60p_Katal68=2p_PyrO=40p_0v | D3: SCTNA=60p_Katal68=2p_PyrO=40p_0v | E3: SCTNA=60p_Katal68=2p_PyrO=40p_500v | F3: SCTNA=60p_Katal68=2p_PyrO=40p_500v | G3: SCTNA=60p_Katal68=2p_PyrO=40p_1000v | H3: SCTNA=60p_Katal68=2p_PyrO=40p_1000v | I3: SCTNA=60p_Katal68=2p_PyrO=40p_1500v | J3: SCTNA=60p_Katal68=2p_PyrO=40p_1500v | K3: SCTNA=60p_Katal68=2p_PyrO=40p_2000v | L3: SCTNA=60p_Katal68=2p_PyrO=40p_2000v | M3: SCTNA=60p_Katal68=2p_PyrO=40p_2500v | N3: SCTNA=60p_Katal68=2p_PyrO=40p_2500v | P3: SCTNA=60p_Katal68=2p_PyrO=40p_0v | Q3: SCTNA=60p_Katal68=2p_PyrO=40p_0v | R3: SCTNA=60p_Katal68=2p_PyrO=40p_500v | S3: SCTNA=60p_Katal68=2p_PyrO=40p_500v | T3: SCTNA=60p_Katal68=2p_PyrO=40p_1000v | U3: SCTNA=60p_Katal68=2p_PyrO=40p_1000v | V3: SCTNA=60p_Katal68=2p_PyrO=40p_1500v | W3: SCTNA=60p_Katal68=2p_PyrO=40p_1500v | X3: SCTNA=60p_Katal68=2p_PyrO=40p_2000v | Y3: SCTNA=60p_Katal68=2p_PyrO=40p_2000v | Z3: SCTNA=60p_Katal68=2p_PyrO=40p_2500v | AA3: SCTNA=60p_Katal68=2p_PyrO=40p_2500v | AC3: SCTNA=60p_Katal68=2p_PyrO=40p_0v | AD3: SCTNA=60p_Katal68=2p_PyrO=40p_0v | AE3: SCTNA=60p_Katal68=2p_PyrO=40p_500v | AF3: SCTNA=60p_Katal68=2p_PyrO=40p_500v | AG3: SCTNA=60p_Katal68=2p_PyrO=40p_1000v | AH3: SCTNA=60p_Katal68=2p_PyrO=40p_1000v | AI3: SCTNA=60p_Katal68=2p_PyrO=40p_1500v | AJ3: SCTNA=60p_Katal68=2p_PyrO=40p_1500v | AK3: SCTNA=60p_Katal68=2p_PyrO=40p_2000v | AL3: SCTNA=60p_Katal68=2p_PyrO=40p_2000v | AM3: SCTNA=60p_Katal68=2p_PyrO=40p_2500v | AN3: SCTNA=60p_Katal68=2p_PyrO=40p_2500v | AP3: SCTNA=60p_Katal68=2p_PyrO=40p_0v | AQ3: SCTNA=60p_Katal68=2p_PyrO=40p_500v | AR3: SCTNA=60p_Katal68=2p_PyrO=40p_1000v | AS3: SCTNA=60p_Katal68=2p_PyrO=40p_1500v | AT3: SCTNA=60p_Katal68=2p_PyrO=40p_2000v | AU3: SCTNA=60p_Katal68=2p_PyrO=40p_2500v | AW3: SCTNA=60p_Katal68=2p_PyrO=40p_0v | AX3: SCTNA=60p_Katal68=2p_PyrO=40p_0v | AY3: SCTNA=60p_Katal68=2p_PyrO=40p_0v | AZ3: SCTNA=60p_Katal68=2p_PyrO=40p_500v | BA3: SCTNA=60p_Katal68=2p_PyrO=40p_500v | BB3: SCTNA=60p_Katal68=2p_PyrO=40p_500v | BC3: SCTNA=60p_Katal68=2p_PyrO=40p_1000v | BD3: SCTNA=60p_Katal68=2p_PyrO=40p_1000v | BE3: SCTNA=60p_Katal68=2p_PyrO=40p_1000v | BF3: SCTNA=60p_Katal68=2p_PyrO=40p_1500v | BG3: SCTNA=60p_Katal68=2p_PyrO=40p_1500v | BH3: SCTNA=60p_Katal68=2p_PyrO=40p_1500v | BI3: SCTNA=60p_Katal68=2p_PyrO=40p_2000v | BJ3: SCTNA=60p_Katal68=2p_PyrO=40p_2000v | BK3: SCTNA=60p_Katal68=2p_PyrO=40p_2000v | BL3: SCTNA=60p_Katal68=2p_PyrO=40p_2500v | BM3: SCTNA=60p_Katal68=2p_PyrO=40p_2500v | BN3: SCTNA=60p_Katal68=2p_PyrO=40p_2500v | BP3: SCTNA=60p_Katal68=2p_PyrO=40p_0v | BQ3: SCTNA=60p_Katal68=2p_PyrO=40p_500v | BR3: SCTNA=60p_Katal68=2p_PyrO=40p_1000v | BS3: SCTNA=60p_Katal68=2p_PyrO=40p_1500v | BT3: SCTNA=60p_Katal68=2p_PyrO=40p_2000v | BU3: SCTNA=60p_Katal68=2p_PyrO=40p_2500v
A4: Частота 0,1 Гц | O4: Частота 0,1 Гц | AB4: Частота 0,1 Гц | AV4: Частота 0,1 Гц | BO4: Частота 0,1 Гц
A5: 1 | B5: 0.1 | C5: =IF(input_data!G4="","",input_data!G4) | D5: =IF(input_data!D4="","",input_data!D4) | E5: =IF(input_data!G39="","",input_data!G39) | F5: =IF(input_data!D39="","",input_data!D39) | G5: =IF(input_data!G73="","",input_data!G73) | H5: =IF(input_data!D73="","",input_data!D73) | I5: =IF(input_data!G107="","",input_data!G107) | J5: =IF(input_data!D107="","",input_data!D107) | K5: =IF(input_data!G140="","",input_data!G140) | L5: =IF(input_data!D140="","",input_data!D140) | M5: =IF(input_data!G173="","",input_data!G173) | N5: =IF(input_data!D173="","",input_data!D173) | O5: ---------- | P5: =IF(input_data!G4="","",input_data!G4) | Q5: =IF(input_data!E4="","",input_data!E4) | R5: =IF(input_data!G39="","",input_data!G39) | S5: =IF(input_data!E39="","",input_data!E39) | T5: =IF(input_data!G73="","",input_data!G73) | U5: =IF(input_data!E73="","",input_data!E73) | V5: =IF(input_data!G107="","",input_data!G107) | W5: =IF(input_data!E107="","",input_data!E107) | X5: =IF(input_data!G140="","",input_data!G140) | Y5: =IF(input_data!E140="","",input_data!E140) | Z5: =IF(input_data!G173="","",input_data!G173) | AA5: =IF(input_data!E173="","",input_data!E173) | AC5: =IF(input_data!G4="","",input_data!G4) | AD5: =IF(input_data!F4="","",input_data!F4) | AE5: =IF(input_data!G39="","",input_data!G39) | AF5: =IF(input_data!F39="","",input_data!F39) | AG5: =IF(input_data!G73="","",input_data!G73) | AH5: =IF(input_data!F73="","",input_data!F73) | AI5: =IF(input_data!G107="","",input_data!G107) | AJ5: =IF(input_data!F107="","",input_data!F107) | AK5: =IF(input_data!G140="","",input_data!G140) | AL5: =IF(input_data!F140="","",input_data!F140) | AM5: =IF(input_data!G173="","",input_data!G173) | AN5: =IF(input_data!F173="","",input_data!F173) | AP5: =IF(input_data!C4="","",input_data!C4) | AQ5: =IF(input_data!C39="","",input_data!C39) | AR5: =IF(input_data!C73="","",input_data!C73) | AS5: =IF(input_data!C107="","",input_data!C107) | AT5: =IF(input_data!C140="","",input_data!C140) | AU5: =IF(input_data!C173="","",input_data!C173) | AW5: =IF(input_data!D4="","",input_data!D4) | AX5: =IF(input_data!E4="","",input_data!E4) | AY5: =IFERROR(IF(OR(AW5="",AX5=""),"",AX5/AW5),"") | AZ5: =IF(input_data!D39="","",input_data!D39) | BA5: =IF(input_data!E39="","",input_data!E39) | BB5: =IFERROR(IF(OR(AZ5="",BA5=""),"",BA5/AZ5),"") | BC5: =IF(input_data!D73="","",input_data!D73) | BD5: =IF(input_data!E73="","",input_data!E73) | BE5: =IFERROR(IF(OR(BC5="",BD5=""),"",BD5/BC5),"") | BF5: =IF(input_data!D107="","",input_data!D107) | BG5: =IF(input_data!E107="","",input_data!E107) | BH5: =IFERROR(IF(OR(BF5="",BG5=""),"",BG5/BF5),"") | BI5: =IF(input_data!D140="","",input_data!D140) | BJ5: =IF(input_data!E140="","",input_data!E140) | BK5: =IFERROR(IF(OR(BI5="",BJ5=""),"",BJ5/BI5),"") | BL5: =IF(input_data!D173="","",input_data!D173) | BM5: =IF(input_data!E173="","",input_data!E173) | BN5: =IFERROR(IF(OR(BL5="",BM5=""),"",BM5/BL5),"") | BP5: =AY5 | BQ5: =BB5 | BR5: =BE5 | BS5: =BH5 | BT5: =BK5 | BU5: =BN5 | BV5: ----------
A6: 2 | B6: 0.1 | C6: =IF(input_data!G5="","",input_data!G5) | D6: =IF(input_data!D5="","",input_data!D5) | E6: =IF(input_data!G40="","",input_data!G40) | F6: =IF(input_data!D40="","",input_data!D40) | G6: =IF(input_data!G74="","",input_data!G74) | H6: =IF(input_data!D74="","",input_data!D74) | I6: =IF(input_data!G108="","",input_data!G108) | J6: =IF(input_data!D108="","",input_data!D108) | K6: =IF(input_data!G141="","",input_data!G141) | L6: =IF(input_data!D141="","",input_data!D141) | M6: =IF(input_data!G174="","",input_data!G174) | N6: =IF(input_data!D174="","",input_data!D174) | O6: ---------- | P6: =IF(input_data!G5="","",input_data!G5) | Q6: =IF(input_data!E5="","",input_data!E5) | R6: =IF(input_data!G40="","",input_data!G40) | S6: =IF(input_data!E40="","",input_data!E40) | T6: =IF(input_data!G74="","",input_data!G74) | U6: =IF(input_data!E74="","",input_data!E74) | V6: =IF(input_data!G108="","",input_data!G108) | W6: =IF(input_data!E108="","",input_data!E108) | X6: =IF(input_data!G141="","",input_data!G141) | Y6: =IF(input_data!E141="","",input_data!E141) | Z6: =IF(input_data!G174="","",input_data!G174) | AA6: =IF(input_data!E174="","",input_data!E174) | AC6: =IF(input_data!G5="","",input_data!G5) | AD6: =IF(input_data!F5="","",input_data!F5) | AE6: =IF(input_data!G40="","",input_data!G40) | AF6: =IF(input_data!F40="","",input_data!F40) | AG6: =IF(input_data!G74="","",input_data!G74) | AH6: =IF(input_data!F74="","",input_data!F74) | AI6: =IF(input_data!G108="","",input_data!G108) | AJ6: =IF(input_data!F108="","",input_data!F108) | AK6: =IF(input_data!G141="","",input_data!G141) | AL6: =IF(input_data!F141="","",input_data!F141) | AM6: =IF(input_data!G174="","",input_data!G174) | AN6: =IF(input_data!F174="","",input_data!F174) | AP6: =IF(input_data!C5="","",input_data!C5) | AQ6: =IF(input_data!C40="","",input_data!C40) | AR6: =IF(input_data!C74="","",input_data!C74) | AS6: =IF(input_data!C108="","",input_data!C108) | AT6: =IF(input_data!C141="","",input_data!C141) | AU6: =IF(input_data!C174="","",input_data!C174) | AW6: =IF(input_data!D5="","",input_data!D5) | AX6: =IF(input_data!E5="","",input_data!E5) | AY6: =IFERROR(IF(OR(AW6="",AX6=""),"",AX6/AW6),"") | AZ6: =IF(input_data!D40="","",input_data!D40) | BA6: =IF(input_data!E40="","",input_data!E40) | BB6: =IFERROR(IF(OR(AZ6="",BA6=""),"",BA6/AZ6),"") | BC6: =IF(input_data!D74="","",input_data!D74) | BD6: =IF(input_data!E74="","",input_data!E74) | BE6: =IFERROR(IF(OR(BC6="",BD6=""),"",BD6/BC6),"") | BF6: =IF(input_data!D108="","",input_data!D108) | BG6: =IF(input_data!E108="","",input_data!E108) | BH6: =IFERROR(IF(OR(BF6="",BG6=""),"",BG6/BF6),"") | BI6: =IF(input_data!D141="","",input_data!D141) | BJ6: =IF(input_data!E141="","",input_data!E141) | BK6: =IFERROR(IF(OR(BI6="",BJ6=""),"",BJ6/BI6),"") | BL6: =IF(input_data!D174="","",input_data!D174) | BM6: =IF(input_data!E174="","",input_data!E174) | BN6: =IFERROR(IF(OR(BL6="",BM6=""),"",BM6/BL6),"") | BP6: =AY6 | BQ6: =BB6 | BR6: =BE6 | BS6: =BH6 | BT6: =BK6 | BU6: =BN6 | BV6: ----------
A7: 3 | B7: 0.1 | C7: =IF(input_data!G6="","",input_data!G6) | D7: =IF(input_data!D6="","",input_data!D6) | E7: =IF(input_data!G41="","",input_data!G41) | F7: =IF(input_data!D41="","",input_data!D41) | G7: =IF(input_data!G75="","",input_data!G75) | H7: =IF(input_data!D75="","",input_data!D75) | I7: =IF(input_data!G109="","",input_data!G109) | J7: =IF(input_data!D109="","",input_data!D109) | K7: =IF(input_data!G142="","",input_data!G142) | L7: =IF(input_data!D142="","",input_data!D142) | M7: =IF(input_data!G175="","",input_data!G175) | N7: =IF(input_data!D175="","",input_data!D175) | O7: ---------- | P7: =IF(input_data!G6="","",input_data!G6) | Q7: =IF(input_data!E6="","",input_data!E6) | R7: =IF(input_data!G41="","",input_data!G41) | S7: =IF(input_data!E41="","",input_data!E41) | T7: =IF(input_data!G75="","",input_data!G75) | U7: =IF(input_data!E75="","",input_data!E75) | V7: =IF(input_data!G109="","",input_data!G109) | W7: =IF(input_data!E109="","",input_data!E109) | X7: =IF(input_data!G142="","",input_data!G142) | Y7: =IF(input_data!E142="","",input_data!E142) | Z7: =IF(input_data!G175="","",input_data!G175) | AA7: =IF(input_data!E175="","",input_data!E175) | AC7: =IF(input_data!G6="","",input_data!G6) | AD7: =IF(input_data!F6="","",input_data!F6) | AE7: =IF(input_data!G41="","",input_data!G41) | AF7: =IF(input_data!F41="","",input_data!F41) | AG7: =IF(input_data!G75="","",input_data!G75) | AH7: =IF(input_data!F75="","",input_data!F75) | AI7: =IF(input_data!G109="","",input_data!G109) | AJ7: =IF(input_data!F109="","",input_data!F109) | AK7: =IF(input_data!G142="","",input_data!G142) | AL7: =IF(input_data!F142="","",input_data!F142) | AM7: =IF(input_data!G175="","",input_data!G175) | AN7: =IF(input_data!F175="","",input_data!F175) | AP7: =IF(input_data!C6="","",input_data!C6) | AQ7: =IF(input_data!C41="","",input_data!C41) | AR7: =IF(input_data!C75="","",input_data!C75) | AS7: =IF(input_data!C109="","",input_data!C109) | AT7: =IF(input_data!C142="","",input_data!C142) | AU7: =IF(input_data!C175="","",input_data!C175) | AW7: =IF(input_data!D6="","",input_data!D6) | AX7: =IF(input_data!E6="","",input_data!E6) | AY7: =IFERROR(IF(OR(AW7="",AX7=""),"",AX7/AW7),"") | AZ7: =IF(input_data!D41="","",input_data!D41) | BA7: =IF(input_data!E41="","",input_data!E41) | BB7: =IFERROR(IF(OR(AZ7="",BA7=""),"",BA7/AZ7),"") | BC7: =IF(input_data!D75="","",input_data!D75) | BD7: =IF(input_data!E75="","",input_data!E75) | BE7: =IFERROR(IF(OR(BC7="",BD7=""),"",BD7/BC7),"") | BF7: =IF(input_data!D109="","",input_data!D109) | BG7: =IF(input_data!E109="","",input_data!E109) | BH7: =IFERROR(IF(OR(BF7="",BG7=""),"",BG7/BF7),"") | BI7: =IF(input_data!D142="","",input_data!D142) | BJ7: =IF(input_data!E142="","",input_data!E142) | BK7: =IFERROR(IF(OR(BI7="",BJ7=""),"",BJ7/BI7),"") | BL7: =IF(input_data!D175="","",input_data!D175) | BM7: =IF(input_data!E175="","",input_data!E175) | BN7: =IFERROR(IF(OR(BL7="",BM7=""),"",BM7/BL7),"") | BP7: =AY7 | BQ7: =BB7 | BR7: =BE7 | BS7: =BH7 | BT7: =BK7 | BU7: =BN7 | BV7: ----------
A8: 4 | B8: 0.1 | C8: =IF(input_data!G7="","",input_data!G7) | D8: =IF(input_data!D7="","",input_data!D7) | E8: =IF(input_data!G42="","",input_data!G42) | F8: =IF(input_data!D42="","",input_data!D42) | G8: =IF(input_data!G76="","",input_data!G76) | H8: =IF(input_data!D76="","",input_data!D76) | I8: =IF(input_data!G110="","",input_data!G110) | J8: =IF(input_data!D110="","",input_data!D110) | K8: =IF(input_data!G143="","",input_data!G143) | L8: =IF(input_data!D143="","",input_data!D143) | M8: =IF(input_data!G176="","",input_data!G176) | N8: =IF(input_data!D176="","",input_data!D176) | O8: ---------- | P8: =IF(input_data!G7="","",input_data!G7) | Q8: =IF(input_data!E7="","",input_data!E7) | R8: =IF(input_data!G42="","",input_data!G42) | S8: =IF(input_data!E42="","",input_data!E42) | T8: =IF(input_data!G76="","",input_data!G76) | U8: =IF(input_data!E76="","",input_data!E76) | V8: =IF(input_data!G110="","",input_data!G110) | W8: =IF(input_data!E110="","",input_data!E110) | X8: =IF(input_data!G143="","",input_data!G143) | Y8: =IF(input_data!E143="","",input_data!E143) | Z8: =IF(input_data!G176="","",input_data!G176) | AA8: =IF(input_data!E176="","",input_data!E176) | AC8: =IF(input_data!G7="","",input_data!G7) | AD8: =IF(input_data!F7="","",input_data!F7) | AE8: =IF(input_data!G42="","",input_data!G42) | AF8: =IF(input_data!F42="","",input_data!F42) | AG8: =IF(input_data!G76="","",input_data!G76) | AH8: =IF(input_data!F76="","",input_data!F76) | AI8: =IF(input_data!G110="","",input_data!G110) | AJ8: =IF(input_data!F110="","",input_data!F110) | AK8: =IF(input_data!G143="","",input_data!G143) | AL8: =IF(input_data!F143="","",input_data!F143) | AM8: =IF(input_data!G176="","",input_data!G176) | AN8: =IF(input_data!F176="","",input_data!F176) | AP8: =IF(input_data!C7="","",input_data!C7) | AQ8: =IF(input_data!C42="","",input_data!C42) | AR8: =IF(input_data!C76="","",input_data!C76) | AS8: =IF(input_data!C110="","",input_data!C110) | AT8: =IF(input_data!C143="","",input_data!C143) | AU8: =IF(input_data!C176="","",input_data!C176) | AW8: =IF(input_data!D7="","",input_data!D7) | AX8: =IF(input_data!E7="","",input_data!E7) | AY8: =IFERROR(IF(OR(AW8="",AX8=""),"",AX8/AW8),"") | AZ8: =IF(input_data!D42="","",input_data!D42) | BA8: =IF(input_data!E42="","",input_data!E42) | BB8: =IFERROR(IF(OR(AZ8="",BA8=""),"",BA8/AZ8),"") | BC8: =IF(input_data!D76="","",input_data!D76) | BD8: =IF(input_data!E76="","",input_data!E76) | BE8: =IFERROR(IF(OR(BC8="",BD8=""),"",BD8/BC8),"") | BF8: =IF(input_data!D110="","",input_data!D110) | BG8: =IF(input_data!E110="","",input_data!E110) | BH8: =IFERROR(IF(OR(BF8="",BG8=""),"",BG8/BF8),"") | BI8: =IF(input_data!D143="","",input_data!D143) | BJ8: =IF(input_data!E143="","",input_data!E143) | BK8: =IFERROR(IF(OR(BI8="",BJ8=""),"",BJ8/BI8),"") | BL8: =IF(input_data!D176="","",input_data!D176) | BM8: =IF(input_data!E176="","",input_data!E176) | BN8: =IFERROR(IF(OR(BL8="",BM8=""),"",BM8/BL8),"") | BP8: =AY8 | BQ8: =BB8 | BR8: =BE8 | BS8: =BH8 | BT8: =BK8 | BU8: =BN8 | BV8: ----------
A9: 5 | B9: 0.1 | C9: =IF(input_data!G8="","",input_data!G8) | D9: =IF(input_data!D8="","",input_data!D8) | E9: =IF(input_data!G43="","",input_data!G43) | F9: =IF(input_data!D43="","",input_data!D43) | G9: =IF(input_data!G77="","",input_data!G77) | H9: =IF(input_data!D77="","",input_data!D77) | I9: =IF(input_data!G111="","",input_data!G111) | J9: =IF(input_data!D111="","",input_data!D111) | K9: =IF(input_data!G144="","",input_data!G144) | L9: =IF(input_data!D144="","",input_data!D144) | M9: =IF(input_data!G177="","",input_data!G177) | N9: =IF(input_data!D177="","",input_data!D177) | O9: ---------- | P9: =IF(input_data!G8="","",input_data!G8) | Q9: =IF(input_data!E8="","",input_data!E8) | R9: =IF(input_data!G43="","",input_data!G43) | S9: =IF(input_data!E43="","",input_data!E43) | T9: =IF(input_data!G77="","",input_data!G77) | U9: =IF(input_data!E77="","",input_data!E77) | V9: =IF(input_data!G111="","",input_data!G111) | W9: =IF(input_data!E111="","",input_data!E111) | X9: =IF(input_data!G144="","",input_data!G144) | Y9: =IF(input_data!E144="","",input_data!E144) | Z9: =IF(input_data!G177="","",input_data!G177) | AA9: =IF(input_data!E177="","",input_data!E177) | AC9: =IF(input_data!G8="","",input_data!G8) | AD9: =IF(input_data!F8="","",input_data!F8) | AE9: =IF(input_data!G43="","",input_data!G43) | AF9: =IF(input_data!F43="","",input_data!F43) | AG9: =IF(input_data!G77="","",input_data!G77) | AH9: =IF(input_data!F77="","",input_data!F77) | AI9: =IF(input_data!G111="","",input_data!G111) | AJ9: =IF(input_data!F111="","",input_data!F111) | AK9: =IF(input_data!G144="","",input_data!G144) | AL9: =IF(input_data!F144="","",input_data!F144) | AM9: =IF(input_data!G177="","",input_data!G177) | AN9: =IF(input_data!F177="","",input_data!F177) | AP9: =IF(input_data!C8="","",input_data!C8) | AQ9: =IF(input_data!C43="","",input_data!C43) | AR9: =IF(input_data!C77="","",input_data!C77) | AS9: =IF(input_data!C111="","",input_data!C111) | AT9: =IF(input_data!C144="","",input_data!C144) | AU9: =IF(input_data!C177="","",input_data!C177) | AW9: =IF(input_data!D8="","",input_data!D8) | AX9: =IF(input_data!E8="","",input_data!E8) | AY9: =IFERROR(IF(OR(AW9="",AX9=""),"",AX9/AW9),"") | AZ9: =IF(input_data!D43="","",input_data!D43) | BA9: =IF(input_data!E43="","",input_data!E43) | BB9: =IFERROR(IF(OR(AZ9="",BA9=""),"",BA9/AZ9),"") | BC9: =IF(input_data!D77="","",input_data!D77) | BD9: =IF(input_data!E77="","",input_data!E77) | BE9: =IFERROR(IF(OR(BC9="",BD9=""),"",BD9/BC9),"") | BF9: =IF(input_data!D111="","",input_data!D111) | BG9: =IF(input_data!E111="","",input_data!E111) | BH9: =IFERROR(IF(OR(BF9="",BG9=""),"",BG9/BF9),"") | BI9: =IF(input_data!D144="","",input_data!D144) | BJ9: =IF(input_data!E144="","",input_data!E144) | BK9: =IFERROR(IF(OR(BI9="",BJ9=""),"",BJ9/BI9),"") | BL9: =IF(input_data!D177="","",input_data!D177) | BM9: =IF(input_data!E177="","",input_data!E177) | BN9: =IFERROR(IF(OR(BL9="",BM9=""),"",BM9/BL9),"") | BP9: =AY9 | BQ9: =BB9 | BR9: =BE9 | BS9: =BH9 | BT9: =BK9 | BU9: =BN9 | BV9: ----------
A10: 6 | B10: 0.1 | C10: =IF(input_data!G9="","",input_data!G9) | D10: =IF(input_data!D9="","",input_data!D9) | E10: =IF(input_data!G44="","",input_data!G44) | F10: =IF(input_data!D44="","",input_data!D44) | G10: =IF(input_data!G78="","",input_data!G78) | H10: =IF(input_data!D78="","",input_data!D78) | I10: =IF(input_data!G112="","",input_data!G112) | J10: =IF(input_data!D112="","",input_data!D112) | K10: =IF(input_data!G145="","",input_data!G145) | L10: =IF(input_data!D145="","",input_data!D145) | M10: =IF(input_data!G178="","",input_data!G178) | N10: =IF(input_data!D178="","",input_data!D178) | O10: ---------- | P10: =IF(input_data!G9="","",input_data!G9) | Q10: =IF(input_data!E9="","",input_data!E9) | R10: =IF(input_data!G44="","",input_data!G44) | S10: =IF(input_data!E44="","",input_data!E44) | T10: =IF(input_data!G78="","",input_data!G78) | U10: =IF(input_data!E78="","",input_data!E78) | V10: =IF(input_data!G112="","",input_data!G112) | W10: =IF(input_data!E112="","",input_data!E112) | X10: =IF(input_data!G145="","",input_data!G145) | Y10: =IF(input_data!E145="","",input_data!E145) | Z10: =IF(input_data!G178="","",input_data!G178) | AA10: =IF(input_data!E178="","",input_data!E178) | AC10: =IF(input_data!G9="","",input_data!G9) | AD10: =IF(input_data!F9="","",input_data!F9) | AE10: =IF(input_data!G44="","",input_data!G44) | AF10: =IF(input_data!F44="","",input_data!F44) | AG10: =IF(input_data!G78="","",input_data!G78) | AH10: =IF(input_data!F78="","",input_data!F78) | AI10: =IF(input_data!G112="","",input_data!G112) | AJ10: =IF(input_data!F112="","",input_data!F112) | AK10: =IF(input_data!G145="","",input_data!G145) | AL10: =IF(input_data!F145="","",input_data!F145) | AM10: =IF(input_data!G178="","",input_data!G178) | AN10: =IF(input_data!F178="","",input_data!F178) | AP10: =IF(input_data!C9="","",input_data!C9) | AQ10: =IF(input_data!C44="","",input_data!C44) | AR10: =IF(input_data!C78="","",input_data!C78) | AS10: =IF(input_data!C112="","",input_data!C112) | AT10: =IF(input_data!C145="","",input_data!C145) | AU10: =IF(input_data!C178="","",input_data!C178) | AW10: =IF(input_data!D9="","",input_data!D9) | AX10: =IF(input_data!E9="","",input_data!E9) | AY10: =IFERROR(IF(OR(AW10="",AX10=""),"",AX10/AW10),"") | AZ10: =IF(input_data!D44="","",input_data!D44) | BA10: =IF(input_data!E44="","",input_data!E44) | BB10: =IFERROR(IF(OR(AZ10="",BA10=""),"",BA10/AZ10),"") | BC10: =IF(input_data!D78="","",input_data!D78) | BD10: =IF(input_data!E78="","",input_data!E78) | BE10: =IFERROR(IF(OR(BC10="",BD10=""),"",BD10/BC10),"") | BF10: =IF(input_data!D112="","",input_data!D112) | BG10: =IF(input_data!E112="","",input_data!E112) | BH10: =IFERROR(IF(OR(BF10="",BG10=""),"",BG10/BF10),"") | BI10: =IF(input_data!D145="","",input_data!D145) | BJ10: =IF(input_data!E145="","",input_data!E145) | BK10: =IFERROR(IF(OR(BI10="",BJ10=""),"",BJ10/BI10),"") | BL10: =IF(input_data!D178="","",input_data!D178) | BM10: =IF(input_data!E178="","",input_data!E178) | BN10: =IFERROR(IF(OR(BL10="",BM10=""),"",BM10/BL10),"") | BP10: =AY10 | BQ10: =BB10 | BR10: =BE10 | BS10: =BH10 | BT10: =BK10 | BU10: =BN10 | BV10: ----------
A11: 7 | B11: 0.1 | C11: =IF(input_data!G10="","",input_data!G10) | D11: =IF(input_data!D10="","",input_data!D10) | E11: =IF(input_data!G45="","",input_data!G45) | F11: =IF(input_data!D45="","",input_data!D45) | G11: =IF(input_data!G79="","",input_data!G79) | H11: =IF(input_data!D79="","",input_data!D79) | I11: =IF(input_data!G113="","",input_data!G113) | J11: =IF(input_data!D113="","",input_data!D113) | K11: =IF(input_data!G146="","",input_data!G146) | L11: =IF(input_data!D146="","",input_data!D146) | M11: =IF(input_data!G179="","",input_data!G179) | N11: =IF(input_data!D179="","",input_data!D179) | O11: ---------- | P11: =IF(input_data!G10="","",input_data!G10) | Q11: =IF(input_data!E10="","",input_data!E10) | R11: =IF(input_data!G45="","",input_data!G45) | S11: =IF(input_data!E45="","",input_data!E45) | T11: =IF(input_data!G79="","",input_data!G79) | U11: =IF(input_data!E79="","",input_data!E79) | V11: =IF(input_data!G113="","",input_data!G113) | W11: =IF(input_data!E113="","",input_data!E113) | X11: =IF(input_data!G146="","",input_data!G146) | Y11: =IF(input_data!E146="","",input_data!E146) | Z11: =IF(input_data!G179="","",input_data!G179) | AA11: =IF(input_data!E179="","",input_data!E179) | AC11: =IF(input_data!G10="","",input_data!G10) | AD11: =IF(input_data!F10="","",input_data!F10) | AE11: =IF(input_data!G45="","",input_data!G45) | AF11: =IF(input_data!F45="","",input_data!F45) | AG11: =IF(input_data!G79="","",input_data!G79) | AH11: =IF(input_data!F79="","",input_data!F79) | AI11: =IF(input_data!G113="","",input_data!G113) | AJ11: =IF(input_data!F113="","",input_data!F113) | AK11: =IF(input_data!G146="","",input_data!G146) | AL11: =IF(input_data!F146="","",input_data!F146) | AM11: =IF(input_data!G179="","",input_data!G179) | AN11: =IF(input_data!F179="","",input_data!F179) | AP11: =IF(input_data!C10="","",input_data!C10) | AQ11: =IF(input_data!C45="","",input_data!C45) | AR11: =IF(input_data!C79="","",input_data!C79) | AS11: =IF(input_data!C113="","",input_data!C113) | AT11: =IF(input_data!C146="","",input_data!C146) | AU11: =IF(input_data!C179="","",input_data!C179) | AW11: =IF(input_data!D10="","",input_data!D10) | AX11: =IF(input_data!E10="","",input_data!E10) | AY11: =IFERROR(IF(OR(AW11="",AX11=""),"",AX11/AW11),"") | AZ11: =IF(input_data!D45="","",input_data!D45) | BA11: =IF(input_data!E45="","",input_data!E45) | BB11: =IFERROR(IF(OR(AZ11="",BA11=""),"",BA11/AZ11),"") | BC11: =IF(input_data!D79="","",input_data!D79) | BD11: =IF(input_data!E79="","",input_data!E79) | BE11: =IFERROR(IF(OR(BC11="",BD11=""),"",BD11/BC11),"") | BF11: =IF(input_data!D113="","",input_data!D113) | BG11: =IF(input_data!E113="","",input_data!E113) | BH11: =IFERROR(IF(OR(BF11="",BG11=""),"",BG11/BF11),"") | BI11: =IF(input_data!D146="","",input_data!D146) | BJ11: =IF(input_data!E146="","",input_data!E146) | BK11: =IFERROR(IF(OR(BI11="",BJ11=""),"",BJ11/BI11),"") | BL11: =IF(input_data!D179="","",input_data!D179) | BM11: =IF(input_data!E179="","",input_data!E179) | BN11: =IFERROR(IF(OR(BL11="",BM11=""),"",BM11/BL11),"") | BP11: =AY11 | BQ11: =BB11 | BR11: =BE11 | BS11: =BH11 | BT11: =BK11 | BU11: =BN11 | BV11: ----------
A12: 8 | B12: 0.1 | C12: =IF(input_data!G11="","",input_data!G11) | D12: =IF(input_data!D11="","",input_data!D11) | E12: =IF(input_data!G46="","",input_data!G46) | F12: =IF(input_data!D46="","",input_data!D46) | G12: =IF(input_data!G80="","",input_data!G80) | H12: =IF(input_data!D80="","",input_data!D80) | I12: =IF(input_data!G114="","",input_data!G114) | J12: =IF(input_data!D114="","",input_data!D114) | K12: =IF(input_data!G147="","",input_data!G147) | L12: =IF(input_data!D147="","",input_data!D147) | M12: =IF(input_data!G180="","",input_data!G180) | N12: =IF(input_data!D180="","",input_data!D180) | O12: ---------- | P12: =IF(input_data!G11="","",input_data!G11) | Q12: =IF(input_data!E11="","",input_data!E11) | R12: =IF(input_data!G46="","",input_data!G46) | S12: =IF(input_data!E46="","",input_data!E46) | T12: =IF(input_data!G80="","",input_data!G80) | U12: =IF(input_data!E80="","",input_data!E80) | V12: =IF(input_data!G114="","",input_data!G114) | W12: =IF(input_data!E114="","",input_data!E114) | X12: =IF(input_data!G147="","",input_data!G147) | Y12: =IF(input_data!E147="","",input_data!E147) | Z12: =IF(input_data!G180="","",input_data!G180) | AA12: =IF(input_data!E180="","",input_data!E180) | AC12: =IF(input_data!G11="","",input_data!G11) | AD12: =IF(input_data!F11="","",input_data!F11) | AE12: =IF(input_data!G46="","",input_data!G46) | AF12: =IF(input_data!F46="","",input_data!F46) | AG12: =IF(input_data!G80="","",input_data!G80) | AH12: =IF(input_data!F80="","",input_data!F80) | AI12: =IF(input_data!G114="","",input_data!G114) | AJ12: =IF(input_data!F114="","",input_data!F114) | AK12: =IF(input_data!G147="","",input_data!G147) | AL12: =IF(input_data!F147="","",input_data!F147) | AM12: =IF(input_data!G180="","",input_data!G180) | AN12: =IF(input_data!F180="","",input_data!F180) | AP12: =IF(input_data!C11="","",input_data!C11) | AQ12: =IF(input_data!C46="","",input_data!C46) | AR12: =IF(input_data!C80="","",input_data!C80) | AS12: =IF(input_data!C114="","",input_data!C114) | AT12: =IF(input_data!C147="","",input_data!C147) | AU12: =IF(input_data!C180="","",input_data!C180) | AW12: =IF(input_data!D11="","",input_data!D11) | AX12: =IF(input_data!E11="","",input_data!E11) | AY12: =IFERROR(IF(OR(AW12="",AX12=""),"",AX12/AW12),"") | AZ12: =IF(input_data!D46="","",input_data!D46) | BA12: =IF(input_data!E46="","",input_data!E46) | BB12: =IFERROR(IF(OR(AZ12="",BA12=""),"",BA12/AZ12),"") | BC12: =IF(input_data!D80="","",input_data!D80) | BD12: =IF(input_data!E80="","",input_data!E80) | BE12: =IFERROR(IF(OR(BC12="",BD12=""),"",BD12/BC12),"") | BF12: =IF(input_data!D114="","",input_data!D114) | BG12: =IF(input_data!E114="","",input_data!E114) | BH12: =IFERROR(IF(OR(BF12="",BG12=""),"",BG12/BF12),"") | BI12: =IF(input_data!D147="","",input_data!D147) | BJ12: =IF(input_data!E147="","",input_data!E147) | BK12: =IFERROR(IF(OR(BI12="",BJ12=""),"",BJ12/BI12),"") | BL12: =IF(input_data!D180="","",input_data!D180) | BM12: =IF(input_data!E180="","",input_data!E180) | BN12: =IFERROR(IF(OR(BL12="",BM12=""),"",BM12/BL12),"") | BP12: =AY12 | BQ12: =BB12 | BR12: =BE12 | BS12: =BH12 | BT12: =BK12 | BU12: =BN12 | BV12: ----------
A13: 9 | B13: 0.1 | C13: =IF(input_data!G12="","",input_data!G12) | D13: =IF(input_data!D12="","",input_data!D12) | E13: =IF(input_data!G47="","",input_data!G47) | F13: =IF(input_data!D47="","",input_data!D47) | G13: =IF(input_data!G81="","",input_data!G81) | H13: =IF(input_data!D81="","",input_data!D81) | I13: =IF(input_data!G115="","",input_data!G115) | J13: =IF(input_data!D115="","",input_data!D115) | K13: =IF(input_data!G148="","",input_data!G148) | L13: =IF(input_data!D148="","",input_data!D148) | M13: =IF(input_data!G181="","",input_data!G181) | N13: =IF(input_data!D181="","",input_data!D181) | O13: ---------- | P13: =IF(input_data!G12="","",input_data!G12) | Q13: =IF(input_data!E12="","",input_data!E12) | R13: =IF(input_data!G47="","",input_data!G47) | S13: =IF(input_data!E47="","",input_data!E47) | T13: =IF(input_data!G81="","",input_data!G81) | U13: =IF(input_data!E81="","",input_data!E81) | V13: =IF(input_data!G115="","",input_data!G115) | W13: =IF(input_data!E115="","",input_data!E115) | X13: =IF(input_data!G148="","",input_data!G148) | Y13: =IF(input_data!E148="","",input_data!E148) | Z13: =IF(input_data!G181="","",input_data!G181) | AA13: =IF(input_data!E181="","",input_data!E181) | AC13: =IF(input_data!G12="","",input_data!G12) | AD13: =IF(input_data!F12="","",input_data!F12) | AE13: =IF(input_data!G47="","",input_data!G47) | AF13: =IF(input_data!F47="","",input_data!F47) | AG13: =IF(input_data!G81="","",input_data!G81) | AH13: =IF(input_data!F81="","",input_data!F81) | AI13: =IF(input_data!G115="","",input_data!G115) | AJ13: =IF(input_data!F115="","",input_data!F115) | AK13: =IF(input_data!G148="","",input_data!G148) | AL13: =IF(input_data!F148="","",input_data!F148) | AM13: =IF(input_data!G181="","",input_data!G181) | AN13: =IF(input_data!F181="","",input_data!F181) | AP13: =IF(input_data!C12="","",input_data!C12) | AQ13: =IF(input_data!C47="","",input_data!C47) | AR13: =IF(input_data!C81="","",input_data!C81) | AS13: =IF(input_data!C115="","",input_data!C115) | AT13: =IF(input_data!C148="","",input_data!C148) | AU13: =IF(input_data!C181="","",input_data!C181) | AW13: =IF(input_data!D12="","",input_data!D12) | AX13: =IF(input_data!E12="","",input_data!E12) | AY13: =IFERROR(IF(OR(AW13="",AX13=""),"",AX13/AW13),"") | AZ13: =IF(input_data!D47="","",input_data!D47) | BA13: =IF(input_data!E47="","",input_data!E47) | BB13: =IFERROR(IF(OR(AZ13="",BA13=""),"",BA13/AZ13),"") | BC13: =IF(input_data!D81="","",input_data!D81) | BD13: =IF(input_data!E81="","",input_data!E81) | BE13: =IFERROR(IF(OR(BC13="",BD13=""),"",BD13/BC13),"") | BF13: =IF(input_data!D115="","",input_data!D115) | BG13: =IF(input_data!E115="","",input_data!E115) | BH13: =IFERROR(IF(OR(BF13="",BG13=""),"",BG13/BF13),"") | BI13: =IF(input_data!D148="","",input_data!D148) | BJ13: =IF(input_data!E148="","",input_data!E148) | BK13: =IFERROR(IF(OR(BI13="",BJ13=""),"",BJ13/BI13),"") | BL13: =IF(input_data!D181="","",input_data!D181) | BM13: =IF(input_data!E181="","",input_data!E181) | BN13: =IFERROR(IF(OR(BL13="",BM13=""),"",BM13/BL13),"") | BP13: =AY13 | BQ13: =BB13 | BR13: =BE13 | BS13: =BH13 | BT13: =BK13 | BU13: =BN13 | BV13: ----------
A14: 10 | B14: 0.1 | C14: =IF(input_data!G13="","",input_data!G13) | D14: =IF(input_data!D13="","",input_data!D13) | E14: =IF(input_data!G48="","",input_data!G48) | F14: =IF(input_data!D48="","",input_data!D48) | G14: =IF(input_data!G82="","",input_data!G82) | H14: =IF(input_data!D82="","",input_data!D82) | I14: =IF(input_data!G116="","",input_data!G116) | J14: =IF(input_data!D116="","",input_data!D116) | K14: =IF(input_data!G149="","",input_data!G149) | L14: =IF(input_data!D149="","",input_data!D149) | M14: =IF(input_data!G182="","",input_data!G182) | N14: =IF(input_data!D182="","",input_data!D182) | O14: ---------- | P14: =IF(input_data!G13="","",input_data!G13) | Q14: =IF(input_data!E13="","",input_data!E13) | R14: =IF(input_data!G48="","",input_data!G48) | S14: =IF(input_data!E48="","",input_data!E48) | T14: =IF(input_data!G82="","",input_data!G82) | U14: =IF(input_data!E82="","",input_data!E82) | V14: =IF(input_data!G116="","",input_data!G116) | W14: =IF(input_data!E116="","",input_data!E116) | X14: =IF(input_data!G149="","",input_data!G149) | Y14: =IF(input_data!E149="","",input_data!E149) | Z14: =IF(input_data!G182="","",input_data!G182) | AA14: =IF(input_data!E182="","",input_data!E182) | AC14: =IF(input_data!G13="","",input_data!G13) | AD14: =IF(input_data!F13="","",input_data!F13) | AE14: =IF(input_data!G48="","",input_data!G48) | AF14: =IF(input_data!F48="","",input_data!F48) | AG14: =IF(input_data!G82="","",input_data!G82) | AH14: =IF(input_data!F82="","",input_data!F82) | AI14: =IF(input_data!G116="","",input_data!G116) | AJ14: =IF(input_data!F116="","",input_data!F116) | AK14: =IF(input_data!G149="","",input_data!G149) | AL14: =IF(input_data!F149="","",input_data!F149) | AM14: =IF(input_data!G182="","",input_data!G182) | AN14: =IF(input_data!F182="","",input_data!F182) | AP14: =IF(input_data!C13="","",input_data!C13) | AQ14: =IF(input_data!C48="","",input_data!C48) | AR14: =IF(input_data!C82="","",input_data!C82) | AS14: =IF(input_data!C116="","",input_data!C116) | AT14: =IF(input_data!C149="","",input_data!C149) | AU14: =IF(input_data!C182="","",input_data!C182) | AW14: =IF(input_data!D13="","",input_data!D13) | AX14: =IF(input_data!E13="","",input_data!E13) | AY14: =IFERROR(IF(OR(AW14="",AX14=""),"",AX14/AW14),"") | AZ14: =IF(input_data!D48="","",input_data!D48) | BA14: =IF(input_data!E48="","",input_data!E48) | BB14: =IFERROR(IF(OR(AZ14="",BA14=""),"",BA14/AZ14),"") | BC14: =IF(input_data!D82="","",input_data!D82) | BD14: =IF(input_data!E82="","",input_data!E82) | BE14: =IFERROR(IF(OR(BC14="",BD14=""),"",BD14/BC14),"") | BF14: =IF(input_data!D116="","",input_data!D116) | BG14: =IF(input_data!E116="","",input_data!E116) | BH14: =IFERROR(IF(OR(BF14="",BG14=""),"",BG14/BF14),"") | BI14: =IF(input_data!D149="","",input_data!D149) | BJ14: =IF(input_data!E149="","",input_data!E149) | BK14: =IFERROR(IF(OR(BI14="",BJ14=""),"",BJ14/BI14),"") | BL14: =IF(input_data!D182="","",input_data!D182) | BM14: =IF(input_data!E182="","",input_data!E182) | BN14: =IFERROR(IF(OR(BL14="",BM14=""),"",BM14/BL14),"") | BP14: =AY14 | BQ14: =BB14 | BR14: =BE14 | BS14: =BH14 | BT14: =BK14 | BU14: =BN14 | BV14: ----------
A15: 11 | B15: 0.1 | C15: =IF(input_data!G14="","",input_data!G14) | D15: =IF(input_data!D14="","",input_data!D14) | E15: =IF(input_data!G49="","",input_data!G49) | F15: =IF(input_data!D49="","",input_data!D49) | G15: =IF(input_data!G83="","",input_data!G83) | H15: =IF(input_data!D83="","",input_data!D83) | I15: =IF(input_data!G117="","",input_data!G117) | J15: =IF(input_data!D117="","",input_data!D117) | K15: =IF(input_data!G150="","",input_data!G150) | L15: =IF(input_data!D150="","",input_data!D150) | M15: =IF(input_data!G183="","",input_data!G183) | N15: =IF(input_data!D183="","",input_data!D183) | O15: ---------- | P15: =IF(input_data!G14="","",input_data!G14) | Q15: =IF(input_data!E14="","",input_data!E14) | R15: =IF(input_data!G49="","",input_data!G49) | S15: =IF(input_data!E49="","",input_data!E49) | T15: =IF(input_data!G83="","",input_data!G83) | U15: =IF(input_data!E83="","",input_data!E83) | V15: =IF(input_data!G117="","",input_data!G117) | W15: =IF(input_data!E117="","",input_data!E117) | X15: =IF(input_data!G150="","",input_data!G150) | Y15: =IF(input_data!E150="","",input_data!E150) | Z15: =IF(input_data!G183="","",input_data!G183) | AA15: =IF(input_data!E183="","",input_data!E183) | AC15: =IF(input_data!G14="","",input_data!G14) | AD15: =IF(input_data!F14="","",input_data!F14) | AE15: =IF(input_data!G49="","",input_data!G49) | AF15: =IF(input_data!F49="","",input_data!F49) | AG15: =IF(input_data!G83="","",input_data!G83) | AH15: =IF(input_data!F83="","",input_data!F83) | AI15: =IF(input_data!G117="","",input_data!G117) | AJ15: =IF(input_data!F117="","",input_data!F117) | AK15: =IF(input_data!G150="","",input_data!G150) | AL15: =IF(input_data!F150="","",input_data!F150) | AM15: =IF(input_data!G183="","",input_data!G183) | AN15: =IF(input_data!F183="","",input_data!F183) | AP15: =IF(input_data!C14="","",input_data!C14) | AQ15: =IF(input_data!C49="","",input_data!C49) | AR15: =IF(input_data!C83="","",input_data!C83) | AS15: =IF(input_data!C117="","",input_data!C117) | AT15: =IF(input_data!C150="","",input_data!C150) | AU15: =IF(input_data!C183="","",input_data!C183) | AW15: =IF(input_data!D14="","",input_data!D14) | AX15: =IF(input_data!E14="","",input_data!E14) | AY15: =IFERROR(IF(OR(AW15="",AX15=""),"",AX15/AW15),"") | AZ15: =IF(input_data!D49="","",input_data!D49) | BA15: =IF(input_data!E49="","",input_data!E49) | BB15: =IFERROR(IF(OR(AZ15="",BA15=""),"",BA15/AZ15),"") | BC15: =IF(input_data!D83="","",input_data!D83) | BD15: =IF(input_data!E83="","",input_data!E83) | BE15: =IFERROR(IF(OR(BC15="",BD15=""),"",BD15/BC15),"") | BF15: =IF(input_data!D117="","",input_data!D117) | BG15: =IF(input_data!E117="","",input_data!E117) | BH15: =IFERROR(IF(OR(BF15="",BG15=""),"",BG15/BF15),"") | BI15: =IF(input_data!D150="","",input_data!D150) | BJ15: =IF(input_data!E150="","",input_data!E150) | BK15: =IFERROR(IF(OR(BI15="",BJ15=""),"",BJ15/BI15),"") | BL15: =IF(input_data!D183="","",input_data!D183) | BM15: =IF(input_data!E183="","",input_data!E183) | BN15: =IFERROR(IF(OR(BL15="",BM15=""),"",BM15/BL15),"") | BP15: =AY15 | BQ15: =BB15 | BR15: =BE15 | BS15: =BH15 | BT15: =BK15 | BU15: =BN15 | BV15: ----------
A16: 12 | B16: 0.1 | C16: =IF(input_data!G15="","",input_data!G15) | D16: =IF(input_data!D15="","",input_data!D15) | E16: =IF(input_data!G50="","",input_data!G50) | F16: =IF(input_data!D50="","",input_data!D50) | G16: =IF(input_data!G84="","",input_data!G84) | H16: =IF(input_data!D84="","",input_data!D84) | I16: =IF(input_data!G118="","",input_data!G118) | J16: =IF(input_data!D118="","",input_data!D118) | K16: =IF(input_data!G151="","",input_data!G151) | L16: =IF(input_data!D151="","",input_data!D151) | M16: =IF(input_data!G184="","",input_data!G184) | N16: =IF(input_data!D184="","",input_data!D184) | O16: ---------- | P16: =IF(input_data!G15="","",input_data!G15) | Q16: =IF(input_data!E15="","",input_data!E15) | R16: =IF(input_data!G50="","",input_data!G50) | S16: =IF(input_data!E50="","",input_data!E50) | T16: =IF(input_data!G84="","",input_data!G84) | U16: =IF(input_data!E84="","",input_data!E84) | V16: =IF(input_data!G118="","",input_data!G118) | W16: =IF(input_data!E118="","",input_data!E118) | X16: =IF(input_data!G151="","",input_data!G151) | Y16: =IF(input_data!E151="","",input_data!E151) | Z16: =IF(input_data!G184="","",input_data!G184) | AA16: =IF(input_data!E184="","",input_data!E184) | AC16: =IF(input_data!G15="","",input_data!G15) | AD16: =IF(input_data!F15="","",input_data!F15) | AE16: =IF(input_data!G50="","",input_data!G50) | AF16: =IF(input_data!F50="","",input_data!F50) | AG16: =IF(input_data!G84="","",input_data!G84) | AH16: =IF(input_data!F84="","",input_data!F84) | AI16: =IF(input_data!G118="","",input_data!G118) | AJ16: =IF(input_data!F118="","",input_data!F118) | AK16: =IF(input_data!G151="","",input_data!G151) | AL16: =IF(input_data!F151="","",input_data!F151) | AM16: =IF(input_data!G184="","",input_data!G184) | AN16: =IF(input_data!F184="","",input_data!F184) | AP16: =IF(input_data!C15="","",input_data!C15) | AQ16: =IF(input_data!C50="","",input_data!C50) | AR16: =IF(input_data!C84="","",input_data!C84) | AS16: =IF(input_data!C118="","",input_data!C118) | AT16: =IF(input_data!C151="","",input_data!C151) | AU16: =IF(input_data!C184="","",input_data!C184) | AW16: =IF(input_data!D15="","",input_data!D15) | AX16: =IF(input_data!E15="","",input_data!E15) | AY16: =IFERROR(IF(OR(AW16="",AX16=""),"",AX16/AW16),"") | AZ16: =IF(input_data!D50="","",input_data!D50) | BA16: =IF(input_data!E50="","",input_data!E50) | BB16: =IFERROR(IF(OR(AZ16="",BA16=""),"",BA16/AZ16),"") | BC16: =IF(input_data!D84="","",input_data!D84) | BD16: =IF(input_data!E84="","",input_data!E84) | BE16: =IFERROR(IF(OR(BC16="",BD16=""),"",BD16/BC16),"") | BF16: =IF(input_data!D118="","",input_data!D118) | BG16: =IF(input_data!E118="","",input_data!E118) | BH16: =IFERROR(IF(OR(BF16="",BG16=""),"",BG16/BF16),"") | BI16: =IF(input_data!D151="","",input_data!D151) | BJ16: =IF(input_data!E151="","",input_data!E151) | BK16: =IFERROR(IF(OR(BI16="",BJ16=""),"",BJ16/BI16),"") | BL16: =IF(input_data!D184="","",input_data!D184) | BM16: =IF(input_data!E184="","",input_data!E184) | BN16: =IFERROR(IF(OR(BL16="",BM16=""),"",BM16/BL16),"") | BP16: =AY16 | BQ16: =BB16 | BR16: =BE16 | BS16: =BH16 | BT16: =BK16 | BU16: =BN16 | BV16: ----------
... A24: 20 | B24: 0.1 | C24: =IF(input_data!G23="","",input_data!G23) | D24: =IF(input_data!D23="","",input_data!D23) | E24: =IF(input_data!G58="","",input_data!G58) | F24: =IF(input_data!D58="","",input_data!D58) | G24: =IF(input_data!G92="","",input_data!G92) | H24: =IF(input_data!D92="","",input_data!D92) | I24: =IF(input_data!G126="","",input_data!G126) | J24: =IF(input_data!D126="","",input_data!D126) | K24: =IF(input_data!G159="","",input_data!G159) | L24: =IF(input_data!D159="","",input_data!D159) | M24: =IF(input_data!G192="","",input_data!G192) | N24: =IF(input_data!D192="","",input_data!D192) | O24: ---------- | P24: =IF(input_data!G23="","",input_data!G23) | Q24: =IF(input_data!E23="","",input_data!E23) | R24: =IF(input_data!G58="","",input_data!G58) | S24: =IF(input_data!E58="","",input_data!E58) | T24: =IF(input_data!G92="","",input_data!G92) | U24: =IF(input_data!E92="","",input_data!E92) | V24: =IF(input_data!G126="","",input_data!G126) | W24: =IF(input_data!E126="","",input_data!E126) | X24: =IF(input_data!G159="","",input_data!G159) | Y24: =IF(input_data!E159="","",input_data!E159) | Z24: =IF(input_data!G192="","",input_data!G192) | AA24: =IF(input_data!E192="","",input_data!E192) | AC24: =IF(input_data!G23="","",input_data!G23) | AD24: =IF(input_data!F23="","",input_data!F23) | AE24: =IF(input_data!G58="","",input_data!G58) | AF24: =IF(input_data!F58="","",input_data!F58) | AG24: =IF(input_data!G92="","",input_data!G92) | AH24: =IF(input_data!F92="","",input_data!F92) | AI24: =IF(input_data!G126="","",input_data!G126) | AJ24: =IF(input_data!F126="","",input_data!F126) | AK24: =IF(input_data!G159="","",input_data!G159) | AL24: =IF(input_data!F159="","",input_data!F159) | AM24: =IF(input_data!G192="","",input_data!G192) | AN24: =IF(input_data!F192="","",input_data!F192) | AP24: =IF(input_data!C23="","",input_data!C23) | AQ24: =IF(input_data!C58="","",input_data!C58) | AR24: =IF(input_data!C92="","",input_data!C92) | AS24: =IF(input_data!C126="","",input_data!C126) | AT24: =IF(input_data!C159="","",input_data!C159) | AU24: =IF(input_data!C192="","",input_data!C192) | AW24: =IF(input_data!D23="","",input_data!D23) | AX24: =IF(input_data!E23="","",input_data!E23) | AY24: =IFERROR(IF(OR(AW24="",AX24=""),"",AX24/AW24),"") | AZ24: =IF(input_data!D58="","",input_data!D58) | BA24: =IF(input_data!E58="","",input_data!E58) | BB24: =IFERROR(IF(OR(AZ24="",BA24=""),"",BA24/AZ24),"") | BC24: =IF(input_data!D92="","",input_data!D92) | BD24: =IF(input_data!E92="","",input_data!E92) | BE24: =IFERROR(IF(OR(BC24="",BD24=""),"",BD24/BC24),"") | BF24: =IF(input_data!D126="","",input_data!D126) | BG24: =IF(input_data!E126="","",input_data!E126) | BH24: =IFERROR(IF(OR(BF24="",BG24=""),"",BG24/BF24),"") | BI24: =IF(input_data!D159="","",input_data!D159) | BJ24: =IF(input_data!E159="","",input_data!E159) | BK24: =IFERROR(IF(OR(BI24="",BJ24=""),"",BJ24/BI24),"") | BL24: =IF(input_data!D192="","",input_data!D192) | BM24: =IF(input_data!E192="","",input_data!E192) | BN24: =IFERROR(IF(OR(BL24="",BM24=""),"",BM24/BL24),"") | BP24: =AY24 | BQ24: =BB24 | BR24: =BE24 | BS24: =BH24 | BT24: =BK24 | BU24: =BN24 | BV24: ----------
A26: 21 | B26: 0.1 | C26: =IF(input_data!G24="","",input_data!G24) | D26: =IF(input_data!D24="","",input_data!D24) | E26: =IF(input_data!G59="","",input_data!G59) | F26: =IF(input_data!D59="","",input_data!D59) | G26: =IF(input_data!G93="","",input_data!G93) | H26: =IF(input_data!D93="","",input_data!D93) | I26: =IF(input_data!G127="","",input_data!G127) | J26: =IF(input_data!D127="","",input_data!D127) | K26: =IF(input_data!G160="","",input_data!G160) | L26: =IF(input_data!D160="","",input_data!D160) | M26: =IF(input_data!G193="","",input_data!G193) | N26: =IF(input_data!D193="","",input_data!D193) | O26: ---------- | P26: =IF(input_data!G24="","",input_data!G24) | Q26: =IF(input_data!E24="","",input_data!E24) | R26: =IF(input_data!G59="","",input_data!G59) | S26: =IF(input_data!E59="","",input_data!E59) | T26: =IF(input_data!G93="","",input_data!G93) | U26: =IF(input_data!E93="","",input_data!E93) | V26: =IF(input_data!G127="","",input_data!G127) | W26: =IF(input_data!E127="","",input_data!E127) | X26: =IF(input_data!G160="","",input_data!G160) | Y26: =IF(input_data!E160="","",input_data!E160) | Z26: =IF(input_data!G193="","",input_data!G193) | AA26: =IF(input_data!E193="","",input_data!E193) | AC26: =IF(input_data!G24="","",input_data!G24) | AD26: =IF(input_data!F24="","",input_data!F24) | AE26: =IF(input_data!G59="","",input_data!G59) | AF26: =IF(input_data!F59="","",input_data!F59) | AG26: =IF(input_data!G93="","",input_data!G93) | AH26: =IF(input_data!F93="","",input_data!F93) | AI26: =IF(input_data!G127="","",input_data!G127) | AJ26: =IF(input_data!F127="","",input_data!F127) | AK26: =IF(input_data!G160="","",input_data!G160) | AL26: =IF(input_data!F160="","",input_data!F160) | AM26: =IF(input_data!G193="","",input_data!G193) | AN26: =IF(input_data!F193="","",input_data!F193) | AP26: =IF(input_data!C24="","",input_data!C24) | AQ26: =IF(input_data!C59="","",input_data!C59) | AR26: =IF(input_data!C93="","",input_data!C93) | AS26: =IF(input_data!C127="","",input_data!C127) | AT26: =IF(input_data!C160="","",input_data!C160) | AU26: =IF(input_data!C193="","",input_data!C193) | AW26: =IF(input_data!D24="","",input_data!D24) | AX26: =IF(input_data!E24="","",input_data!E24) | AY26: =IFERROR(IF(OR(AW26="",AX26=""),"",AX26/AW26),"") | AZ26: =IF(input_data!D59="","",input_data!D59) | BA26: =IF(input_data!E59="","",input_data!E59) | BB26: =IFERROR(IF(OR(AZ26="",BA26=""),"",BA26/AZ26),"") | BC26: =IF(input_data!D93="","",input_data!D93) | BD26: =IF(input_data!E93="","",input_data!E93) | BE26: =IFERROR(IF(OR(BC26="",BD26=""),"",BD26/BC26),"") | BF26: =IF(input_data!D127="","",input_data!D127) | BG26: =IF(input_data!E127="","",input_data!E127) | BH26: =IFERROR(IF(OR(BF26="",BG26=""),"",BG26/BF26),"") | BI26: =IF(input_data!D160="","",input_data!D160) | BJ26: =IF(input_data!E160="","",input_data!E160) | BK26: =IFERROR(IF(OR(BI26="",BJ26=""),"",BJ26/BI26),"") | BL26: =IF(input_data!D193="","",input_data!D193) | BM26: =IF(input_data!E193="","",input_data!E193) | BN26: =IFERROR(IF(OR(BL26="",BM26=""),"",BM26/BL26),"") | BP26: =AY26 | BQ26: =BB26 | BR26: =BE26 | BS26: =BH26 | BT26: =BK26 | BU26: =BN26 | BV26: ----------
A27: 22 | B27: 0.1 | C27: =IF(input_data!G25="","",input_data!G25) | D27: =IF(input_data!D25="","",input_data!D25) | E27: =IF(input_data!G60="","",input_data!G60) | F27: =IF(input_data!D60="","",input_data!D60) | G27: =IF(input_data!G94="","",input_data!G94) | H27: =IF(input_data!D94="","",input_data!D94) | I27: =IF(input_data!G128="","",input_data!G128) | J27: =IF(input_data!D128="","",input_data!D128) | K27: =IF(input_data!G161="","",input_data!G161) | L27: =IF(input_data!D161="","",input_data!D161) | M27: =IF(input_data!G194="","",input_data!G194) | N27: =IF(input_data!D194="","",input_data!D194) | O27: ---------- | P27: =IF(input_data!G25="","",input_data!G25) | Q27: =IF(input_data!E25="","",input_data!E25) | R27: =IF(input_data!G60="","",input_data!G60) | S27: =IF(input_data!E60="","",input_data!E60) | T27: =IF(input_data!G94="","",input_data!G94) | U27: =IF(input_data!E94="","",input_data!E94) | V27: =IF(input_data!G128="","",input_data!G128) | W27: =IF(input_data!E128="","",input_data!E128) | X27: =IF(input_data!G161="","",input_data!G161) | Y27: =IF(input_data!E161="","",input_data!E161) | Z27: =IF(input_data!G194="","",input_data!G194) | AA27: =IF(input_data!E194="","",input_data!E194) | AC27: =IF(input_data!G25="","",input_data!G25) | AD27: =IF(input_data!F25="","",input_data!F25) | AE27: =IF(input_data!G60="","",input_data!G60) | AF27: =IF(input_data!F60="","",input_data!F60) | AG27: =IF(input_data!G94="","",input_data!G94) | AH27: =IF(input_data!F94="","",input_data!F94) | AI27: =IF(input_data!G128="","",input_data!G128) | AJ27: =IF(input_data!F128="","",input_data!F128) | AK27: =IF(input_data!G161="","",input_data!G161) | AL27: =IF(input_data!F161="","",input_data!F161) | AM27: =IF(input_data!G194="","",input_data!G194) | AN27: =IF(input_data!F194="","",input_data!F194) | AP27: =IF(input_data!C25="","",input_data!C25) | AQ27: =IF(input_data!C60="","",input_data!C60) | AR27: =IF(input_data!C94="","",input_data!C94) | AS27: =IF(input_data!C128="","",input_data!C128) | AT27: =IF(input_data!C161="","",input_data!C161) | AU27: =IF(input_data!C194="","",input_data!C194) | AW27: =IF(input_data!D25="","",input_data!D25) | AX27: =IF(input_data!E25="","",input_data!E25) | AY27: =IFERROR(IF(OR(AW27="",AX27=""),"",AX27/AW27),"") | AZ27: =IF(input_data!D60="","",input_data!D60) | BA27: =IF(input_data!E60="","",input_data!E60) | BB27: =IFERROR(IF(OR(AZ27="",BA27=""),"",BA27/AZ27),"") | BC27: =IF(input_data!D94="","",input_data!D94) | BD27: =IF(input_data!E94="","",input_data!E94) | BE27: =IFERROR(IF(OR(BC27="",BD27=""),"",BD27/BC27),"") | BF27: =IF(input_data!D128="","",input_data!D128) | BG27: =IF(input_data!E128="","",input_data!E128) | BH27: =IFERROR(IF(OR(BF27="",BG27=""),"",BG27/BF27),"") | BI27: =IF(input_data!D161="","",input_data!D161) | BJ27: =IF(input_data!E161="","",input_data!E161) | BK27: =IFERROR(IF(OR(BI27="",BJ27=""),"",BJ27/BI27),"") | BL27: =IF(input_data!D194="","",input_data!D194) | BM27: =IF(input_data!E194="","",input_data!E194) | BN27: =IFERROR(IF(OR(BL27="",BM27=""),"",BM27/BL27),"") | BP27: =AY27 | BQ27: =BB27 | BR27: =BE27 | BS27: =BH27 | BT27: =BK27 | BU27: =BN27 | BV27: ----------
A28: 23 | B28: 0.1 | C28: =IF(input_data!G26="","",input_data!G26) | D28: =IF(input_data!D26="","",input_data!D26) | E28: =IF(input_data!G61="","",input_data!G61) | F28: =IF(input_data!D61="","",input_data!D61) | G28: =IF(input_data!G95="","",input_data!G95) | H28: =IF(input_data!D95="","",input_data!D95) | I28: =IF(input_data!G129="","",input_data!G129) | J28: =IF(input_data!D129="","",input_data!D129) | K28: =IF(input_data!G162="","",input_data!G162) | L28: =IF(input_data!D162="","",input_data!D162) | M28: =IF(input_data!G195="","",input_data!G195) | N28: =IF(input_data!D195="","",input_data!D195) | O28: ---------- | P28: =IF(input_data!G26="","",input_data!G26) | Q28: =IF(input_data!E26="","",input_data!E26) | R28: =IF(input_data!G61="","",input_data!G61) | S28: =IF(input_data!E61="","",input_data!E61) | T28: =IF(input_data!G95="","",input_data!G95) | U28: =IF(input_data!E95="","",input_data!E95) | V28: =IF(input_data!G129="","",input_data!G129) | W28: =IF(input_data!E129="","",input_data!E129) | X28: =IF(input_data!G162="","",input_data!G162) | Y28: =IF(input_data!E162="","",input_data!E162) | Z28: =IF(input_data!G195="","",input_data!G195) | AA28: =IF(input_data!E195="","",input_data!E195) | AC28: =IF(input_data!G26="","",input_data!G26) | AD28: =IF(input_data!F26="","",input_data!F26) | AE28: =IF(input_data!G61="","",input_data!G61) | AF28: =IF(input_data!F61="","",input_data!F61) | AG28: =IF(input_data!G95="","",input_data!G95) | AH28: =IF(input_data!F95="","",input_data!F95) | AI28: =IF(input_data!G129="","",input_data!G129) | AJ28: =IF(input_data!F129="","",input_data!F129) | AK28: =IF(input_data!G162="","",input_data!G162) | AL28: =IF(input_data!F162="","",input_data!F162) | AM28: =IF(input_data!G195="","",input_data!G195) | AN28: =IF(input_data!F195="","",input_data!F195) | AP28: =IF(input_data!C26="","",input_data!C26) | AQ28: =IF(input_data!C61="","",input_data!C61) | AR28: =IF(input_data!C95="","",input_data!C95) | AS28: =IF(input_data!C129="","",input_data!C129) | AT28: =IF(input_data!C162="","",input_data!C162) | AU28: =IF(input_data!C195="","",input_data!C195) | AW28: =IF(input_data!D26="","",input_data!D26) | AX28: =IF(input_data!E26="","",input_data!E26) | AY28: =IFERROR(IF(OR(AW28="",AX28=""),"",AX28/AW28),"") | AZ28: =IF(input_data!D61="","",input_data!D61) | BA28: =IF(input_data!E61="","",input_data!E61) | BB28: =IFERROR(IF(OR(AZ28="",BA28=""),"",BA28/AZ28),"") | BC28: =IF(input_data!D95="","",input_data!D95) | BD28: =IF(input_data!E95="","",input_data!E95) | BE28: =IFERROR(IF(OR(BC28="",BD28=""),"",BD28/BC28),"") | BF28: =IF(input_data!D129="","",input_data!D129) | BG28: =IF(input_data!E129="","",input_data!E129) | BH28: =IFERROR(IF(OR(BF28="",BG28=""),"",BG28/BF28),"") | BI28: =IF(input_data!D162="","",input_data!D162) | BJ28: =IF(input_data!E162="","",input_data!E162) | BK28: =IFERROR(IF(OR(BI28="",BJ28=""),"",BJ28/BI28),"") | BL28: =IF(input_data!D195="","",input_data!D195) | BM28: =IF(input_data!E195="","",input_data!E195) | BN28: =IFERROR(IF(OR(BL28="",BM28=""),"",BM28/BL28),"") | BP28: =AY28 | BQ28: =BB28 | BR28: =BE28 | BS28: =BH28 | BT28: =BK28 | BU28: =BN28 | BV28: ----------
A29: 24 | B29: 0.1 | C29: =IF(input_data!G27="","",input_data!G27) | D29: =IF(input_data!D27="","",input_data!D27) | E29: =IF(input_data!G62="","",input_data!G62) | F29: =IF(input_data!D62="","",input_data!D62) | G29: =IF(input_data!G96="","",input_data!G96) | H29: =IF(input_data!D96="","",input_data!D96) | I29: =IF(input_data!G130="","",input_data!G130) | J29: =IF(input_data!D130="","",input_data!D130) | K29: =IF(input_data!G163="","",input_data!G163) | L29: =IF(input_data!D163="","",input_data!D163) | M29: =IF(input_data!G196="","",input_data!G196) | N29: =IF(input_data!D196="","",input_data!D196) | O29: ---------- | P29: =IF(input_data!G27="","",input_data!G27) | Q29: =IF(input_data!E27="","",input_data!E27) | R29: =IF(input_data!G62="","",input_data!G62) | S29: =IF(input_data!E62="","",input_data!E62) | T29: =IF(input_data!G96="","",input_data!G96) | U29: =IF(input_data!E96="","",input_data!E96) | V29: =IF(input_data!G130="","",input_data!G130) | W29: =IF(input_data!E130="","",input_data!E130) | X29: =IF(input_data!G163="","",input_data!G163) | Y29: =IF(input_data!E163="","",input_data!E163) | Z29: =IF(input_data!G196="","",input_data!G196) | AA29: =IF(input_data!E196="","",input_data!E196) | AC29: =IF(input_data!G27="","",input_data!G27) | AD29: =IF(input_data!F27="","",input_data!F27) | AE29: =IF(input_data!G62="","",input_data!G62) | AF29: =IF(input_data!F62="","",input_data!F62) | AG29: =IF(input_data!G96="","",input_data!G96) | AH29: =IF(input_data!F96="","",input_data!F96) | AI29: =IF(input_data!G130="","",input_data!G130) | AJ29: =IF(input_data!F130="","",input_data!F130) | AK29: =IF(input_data!G163="","",input_data!G163) | AL29: =IF(input_data!F163="","",input_data!F163) | AM29: =IF(input_data!G196="","",input_data!G196) | AN29: =IF(input_data!F196="","",input_data!F196) | AP29: =IF(input_data!C27="","",input_data!C27) | AQ29: =IF(input_data!C62="","",input_data!C62) | AR29: =IF(input_data!C96="","",input_data!C96) | AS29: =IF(input_data!C130="","",input_data!C130) | AT29: =IF(input_data!C163="","",input_data!C163) | AU29: =IF(input_data!C196="","",input_data!C196) | AW29: =IF(input_data!D27="","",input_data!D27) | AX29: =IF(input_data!E27="","",input_data!E27) | AY29: =IFERROR(IF(OR(AW29="",AX29=""),"",AX29/AW29),"") | AZ29: =IF(input_data!D62="","",input_data!D62) | BA29: =IF(input_data!E62="","",input_data!E62) | BB29: =IFERROR(IF(OR(AZ29="",BA29=""),"",BA29/AZ29),"") | BC29: =IF(input_data!D96="","",input_data!D96) | BD29: =IF(input_data!E96="","",input_data!E96) | BE29: =IFERROR(IF(OR(BC29="",BD29=""),"",BD29/BC29),"") | BF29: =IF(input_data!D130="","",input_data!D130) | BG29: =IF(input_data!E130="","",input_data!E130) | BH29: =IFERROR(IF(OR(BF29="",BG29=""),"",BG29/BF29),"") | BI29: =IF(input_data!D163="","",input_data!D163) | BJ29: =IF(input_data!E163="","",input_data!E163) | BK29: =IFERROR(IF(OR(BI29="",BJ29=""),"",BJ29/BI29),"") | BL29: =IF(input_data!D196="","",input_data!D196) | BM29: =IF(input_data!E196="","",input_data!E196) | BN29: =IFERROR(IF(OR(BL29="",BM29=""),"",BM29/BL29),"") | BP29: =AY29 | BQ29: =BB29 | BR29: =BE29 | BS29: =BH29 | BT29: =BK29 | BU29: =BN29 | BV29: ----------
A30: 25 | B30: 0.1 | C30: =IF(input_data!G28="","",input_data!G28) | D30: =IF(input_data!D28="","",input_data!D28) | E30: =IF(input_data!G63="","",input_data!G63) | F30: =IF(input_data!D63="","",input_data!D63) | G30: =IF(input_data!G97="","",input_data!G97) | H30: =IF(input_data!D97="","",input_data!D97) | I30: =IF(input_data!G131="","",input_data!G131) | J30: =IF(input_data!D131="","",input_data!D131) | K30: =IF(input_data!G164="","",input_data!G164) | L30: =IF(input_data!D164="","",input_data!D164) | M30: =IF(input_data!G197="","",input_data!G197) | N30: =IF(input_data!D197="","",input_data!D197) | O30: ---------- | P30: =IF(input_data!G28="","",input_data!G28) | Q30: =IF(input_data!E28="","",input_data!E28) | R30: =IF(input_data!G63="","",input_data!G63) | S30: =IF(input_data!E63="","",input_data!E63) | T30: =IF(input_data!G97="","",input_data!G97) | U30: =IF(input_data!E97="","",input_data!E97) | V30: =IF(input_data!G131="","",input_data!G131) | W30: =IF(input_data!E131="","",input_data!E131) | X30: =IF(input_data!G164="","",input_data!G164) | Y30: =IF(input_data!E164="","",input_data!E164) | Z30: =IF(input_data!G197="","",input_data!G197) | AA30: =IF(input_data!E197="","",input_data!E197) | AC30: =IF(input_data!G28="","",input_data!G28) | AD30: =IF(input_data!F28="","",input_data!F28) | AE30: =IF(input_data!G63="","",input_data!G63) | AF30: =IF(input_data!F63="","",input_data!F63) | AG30: =IF(input_data!G97="","",input_data!G97) | AH30: =IF(input_data!F97="","",input_data!F97) | AI30: =IF(input_data!G131="","",input_data!G131) | AJ30: =IF(input_data!F131="","",input_data!F131) | AK30: =IF(input_data!G164="","",input_data!G164) | AL30: =IF(input_data!F164="","",input_data!F164) | AM30: =IF(input_data!G197="","",input_data!G197) | AN30: =IF(input_data!F197="","",input_data!F197) | AP30: =IF(input_data!C28="","",input_data!C28) | AQ30: =IF(input_data!C63="","",input_data!C63) | AR30: =IF(input_data!C97="","",input_data!C97) | AS30: =IF(input_data!C131="","",input_data!C131) | AT30: =IF(input_data!C164="","",input_data!C164) | AU30: =IF(input_data!C197="","",input_data!C197) | AW30: =IF(input_data!D28="","",input_data!D28) | AX30: =IF(input_data!E28="","",input_data!E28) | AY30: =IFERROR(IF(OR(AW30="",AX30=""),"",AX30/AW30),"") | AZ30: =IF(input_data!D63="","",input_data!D63) | BA30: =IF(input_data!E63="","",input_data!E63) | BB30: =IFERROR(IF(OR(AZ30="",BA30=""),"",BA30/AZ30),"") | BC30: =IF(input_data!D97="","",input_data!D97) | BD30: =IF(input_data!E97="","",input_data!E97) | BE30: =IFERROR(IF(OR(BC30="",BD30=""),"",BD30/BC30),"") | BF30: =IF(input_data!D131="","",input_data!D131) | BG30: =IF(input_data!E131="","",input_data!E131) | BH30: =IFERROR(IF(OR(BF30="",BG30=""),"",BG30/BF30),"") | BI30: =IF(input_data!D164="","",input_data!D164) | BJ30: =IF(input_data!E164="","",input_data!E164) | BK30: =IFERROR(IF(OR(BI30="",BJ30=""),"",BJ30/BI30),"") | BL30: =IF(input_data!D197="","",input_data!D197) | BM30: =IF(input_data!E197="","",input_data!E197) | BN30: =IFERROR(IF(OR(BL30="",BM30=""),"",BM30/BL30),"") | BP30: =AY30 | BQ30: =BB30 | BR30: =BE30 | BS30: =BH30 | BT30: =BK30 | BU30: =BN30 | BV30: ----------
A31: 26 | B31: 0.1 | C31: =IF(input_data!G29="","",input_data!G29) | D31: =IF(input_data!D29="","",input_data!D29) | E31: =IF(input_data!G64="","",input_data!G64) | F31: =IF(input_data!D64="","",input_data!D64) | G31: =IF(input_data!G98="","",input_data!G98) | H31: =IF(input_data!D98="","",input_data!D98) | I31: =IF(input_data!G132="","",input_data!G132) | J31: =IF(input_data!D132="","",input_data!D132) | K31: =IF(input_data!G165="","",input_data!G165) | L31: =IF(input_data!D165="","",input_data!D165) | M31: =IF(input_data!G198="","",input_data!G198) | N31: =IF(input_data!D198="","",input_data!D198) | O31: ---------- | P31: =IF(input_data!G29="","",input_data!G29) | Q31: =IF(input_data!E29="","",input_data!E29) | R31: =IF(input_data!G64="","",input_data!G64) | S31: =IF(input_data!E64="","",input_data!E64) | T31: =IF(input_data!G98="","",input_data!G98) | U31: =IF(input_data!E98="","",input_data!E98) | V31: =IF(input_data!G132="","",input_data!G132) | W31: =IF(input_data!E132="","",input_data!E132) | X31: =IF(input_data!G165="","",input_data!G165) | Y31: =IF(input_data!E165="","",input_data!E165) | Z31: =IF(input_data!G198="","",input_data!G198) | AA31: =IF(input_data!E198="","",input_data!E198) | AC31: =IF(input_data!G29="","",input_data!G29) | AD31: =IF(input_data!F29="","",input_data!F29) | AE31: =IF(input_data!G64="","",input_data!G64) | AF31: =IF(input_data!F64="","",input_data!F64) | AG31: =IF(input_data!G98="","",input_data!G98) | AH31: =IF(input_data!F98="","",input_data!F98) | AI31: =IF(input_data!G132="","",input_data!G132) | AJ31: =IF(input_data!F132="","",input_data!F132) | AK31: =IF(input_data!G165="","",input_data!G165) | AL31: =IF(input_data!F165="","",input_data!F165) | AM31: =IF(input_data!G198="","",input_data!G198) | AN31: =IF(input_data!F198="","",input_data!F198) | AP31: =IF(input_data!C29="","",input_data!C29) | AQ31: =IF(input_data!C64="","",input_data!C64) | AR31: =IF(input_data!C98="","",input_data!C98) | AS31: =IF(input_data!C132="","",input_data!C132) | AT31: =IF(input_data!C165="","",input_data!C165) | AU31: =IF(input_data!C198="","",input_data!C198) | AW31: =IF(input_data!D29="","",input_data!D29) | AX31: =IF(input_data!E29="","",input_data!E29) | AY31: =IFERROR(IF(OR(AW31="",AX31=""),"",AX31/AW31),"") | AZ31: =IF(input_data!D64="","",input_data!D64) | BA31: =IF(input_data!E64="","",input_data!E64) | BB31: =IFERROR(IF(OR(AZ31="",BA31=""),"",BA31/AZ31),"") | BC31: =IF(input_data!D98="","",input_data!D98) | BD31: =IF(input_data!E98="","",input_data!E98) | BE31: =IFERROR(IF(OR(BC31="",BD31=""),"",BD31/BC31),"") | BF31: =IF(input_data!D132="","",input_data!D132) | BG31: =IF(input_data!E132="","",input_data!E132) | BH31: =IFERROR(IF(OR(BF31="",BG31=""),"",BG31/BF31),"") | BI31: =IF(input_data!D165="","",input_data!D165) | BJ31: =IF(input_data!E165="","",input_data!E165) | BK31: =IFERROR(IF(OR(BI31="",BJ31=""),"",BJ31/BI31),"") | BL31: =IF(input_data!D198="","",input_data!D198) | BM31: =IF(input_data!E198="","",input_data!E198) | BN31: =IFERROR(IF(OR(BL31="",BM31=""),"",BM31/BL31),"") | BP31: =AY31 | BQ31: =BB31 | BR31: =BE31 | BS31: =BH31 | BT31: =BK31 | BU31: =BN31 | BV31: ----------
A32: 27 | B32: 0.1 | C32: =IF(input_data!G30="","",input_data!G30) | D32: =IF(input_data!D30="","",input_data!D30) | E32: =IF(input_data!G65="","",input_data!G65) | F32: =IF(input_data!D65="","",input_data!D65) | G32: =IF(input_data!G99="","",input_data!G99) | H32: =IF(input_data!D99="","",input_data!D99) | I32: =IF(input_data!G133="","",input_data!G133) | J32: =IF(input_data!D133="","",input_data!D133) | K32: =IF(input_data!G166="","",input_data!G166) | L32: =IF(input_data!D166="","",input_data!D166) | M32: =IF(input_data!G199="","",input_data!G199) | N32: =IF(input_data!D199="","",input_data!D199) | O32: ---------- | P32: =IF(input_data!G30="","",input_data!G30) | Q32: =IF(input_data!E30="","",input_data!E30) | R32: =IF(input_data!G65="","",input_data!G65) | S32: =IF(input_data!E65="","",input_data!E65) | T32: =IF(input_data!G99="","",input_data!G99) | U32: =IF(input_data!E99="","",input_data!E99) | V32: =IF(input_data!G133="","",input_data!G133) | W32: =IF(input_data!E133="","",input_data!E133) | X32: =IF(input_data!G166="","",input_data!G166) | Y32: =IF(input_data!E166="","",input_data!E166) | Z32: =IF(input_data!G199="","",input_data!G199) | AA32: =IF(input_data!E199="","",input_data!E199) | AC32: =IF(input_data!G30="","",input_data!G30) | AD32: =IF(input_data!F30="","",input_data!F30) | AE32: =IF(input_data!G65="","",input_data!G65) | AF32: =IF(input_data!F65="","",input_data!F65) | AG32: =IF(input_data!G99="","",input_data!G99) | AH32: =IF(input_data!F99="","",input_data!F99) | AI32: =IF(input_data!G133="","",input_data!G133) | AJ32: =IF(input_data!F133="","",input_data!F133) | AK32: =IF(input_data!G166="","",input_data!G166) | AL32: =IF(input_data!F166="","",input_data!F166) | AM32: =IF(input_data!G199="","",input_data!G199) | AN32: =IF(input_data!F199="","",input_data!F199) | AP32: =IF(input_data!C30="","",input_data!C30) | AQ32: =IF(input_data!C65="","",input_data!C65) | AR32: =IF(input_data!C99="","",input_data!C99) | AS32: =IF(input_data!C133="","",input_data!C133) | AT32: =IF(input_data!C166="","",input_data!C166) | AU32: =IF(input_data!C199="","",input_data!C199) | AW32: =IF(input_data!D30="","",input_data!D30) | AX32: =IF(input_data!E30="","",input_data!E30) | AY32: =IFERROR(IF(OR(AW32="",AX32=""),"",AX32/AW32),"") | AZ32: =IF(input_data!D65="","",input_data!D65) | BA32: =IF(input_data!E65="","",input_data!E65) | BB32: =IFERROR(IF(OR(AZ32="",BA32=""),"",BA32/AZ32),"") | BC32: =IF(input_data!D99="","",input_data!D99) | BD32: =IF(input_data!E99="","",input_data!E99) | BE32: =IFERROR(IF(OR(BC32="",BD32=""),"",BD32/BC32),"") | BF32: =IF(input_data!D133="","",input_data!D133) | BG32: =IF(input_data!E133="","",input_data!E133) | BH32: =IFERROR(IF(OR(BF32="",BG32=""),"",BG32/BF32),"") | BI32: =IF(input_data!D166="","",input_data!D166) | BJ32: =IF(input_data!E166="","",input_data!E166) | BK32: =IFERROR(IF(OR(BI32="",BJ32=""),"",BJ32/BI32),"") | BL32: =IF(input_data!D199="","",input_data!D199) | BM32: =IF(input_data!E199="","",input_data!E199) | BN32: =IFERROR(IF(OR(BL32="",BM32=""),"",BM32/BL32),"") | BP32: =AY32 | BQ32: =BB32 | BR32: =BE32 | BS32: =BH32 | BT32: =BK32 | BU32: =BN32 | BV32: ----------
A33: 28 | B33: 0.1 | C33: =IF(input_data!G31="","",input_data!G31) | D33: =IF(input_data!D31="","",input_data!D31) | E33: =IF(input_data!G66="","",input_data!G66) | F33: =IF(input_data!D66="","",input_data!D66) | G33: =IF(input_data!G100="","",input_data!G100) | H33: =IF(input_data!D100="","",input_data!D100) | I33: =IF(input_data!G134="","",input_data!G134) | J33: =IF(input_data!D134="","",input_data!D134) | K33: =IF(input_data!G167="","",input_data!G167) | L33: =IF(input_data!D167="","",input_data!D167) | M33: =IF(input_data!G200="","",input_data!G200) | N33: =IF(input_data!D200="","",input_data!D200) | O33: ---------- | P33: =IF(input_data!G31="","",input_data!G31) | Q33: =IF(input_data!E31="","",input_data!E31) | R33: =IF(input_data!G66="","",input_data!G66) | S33: =IF(input_data!E66="","",input_data!E66) | T33: =IF(input_data!G100="","",input_data!G100) | U33: =IF(input_data!E100="","",input_data!E100) | V33: =IF(input_data!G134="","",input_data!G134) | W33: =IF(input_data!E134="","",input_data!E134) | X33: =IF(input_data!G167="","",input_data!G167) | Y33: =IF(input_data!E167="","",input_data!E167) | Z33: =IF(input_data!G200="","",input_data!G200) | AA33: =IF(input_data!E200="","",input_data!E200) | AC33: =IF(input_data!G31="","",input_data!G31) | AD33: =IF(input_data!F31="","",input_data!F31) | AE33: =IF(input_data!G66="","",input_data!G66) | AF33: =IF(input_data!F66="","",input_data!F66) | AG33: =IF(input_data!G100="","",input_data!G100) | AH33: =IF(input_data!F100="","",input_data!F100) | AI33: =IF(input_data!G134="","",input_data!G134) | AJ33: =IF(input_data!F134="","",input_data!F134) | AK33: =IF(input_data!G167="","",input_data!G167) | AL33: =IF(input_data!F167="","",input_data!F167) | AM33: =IF(input_data!G200="","",input_data!G200) | AN33: =IF(input_data!F200="","",input_data!F200) | AP33: =IF(input_data!C31="","",input_data!C31) | AQ33: =IF(input_data!C66="","",input_data!C66) | AR33: =IF(input_data!C100="","",input_data!C100) | AS33: =IF(input_data!C134="","",input_data!C134) | AT33: =IF(input_data!C167="","",input_data!C167) | AU33: =IF(input_data!C200="","",input_data!C200) | AW33: =IF(input_data!D31="","",input_data!D31) | AX33: =IF(input_data!E31="","",input_data!E31) | AY33: =IFERROR(IF(OR(AW33="",AX33=""),"",AX33/AW33),"") | AZ33: =IF(input_data!D66="","",input_data!D66) | BA33: =IF(input_data!E66="","",input_data!E66) | BB33: =IFERROR(IF(OR(AZ33="",BA33=""),"",BA33/AZ33),"") | BC33: =IF(input_data!D100="","",input_data!D100) | BD33: =IF(input_data!E100="","",input_data!E100) | BE33: =IFERROR(IF(OR(BC33="",BD33=""),"",BD33/BC33),"") | BF33: =IF(input_data!D134="","",input_data!D134) | BG33: =IF(input_data!E134="","",input_data!E134) | BH33: =IFERROR(IF(OR(BF33="",BG33=""),"",BG33/BF33),"") | BI33: =IF(input_data!D167="","",input_data!D167) | BJ33: =IF(input_data!E167="","",input_data!E167) | BK33: =IFERROR(IF(OR(BI33="",BJ33=""),"",BJ33/BI33),"") | BL33: =IF(input_data!D200="","",input_data!D200) | BM33: =IF(input_data!E200="","",input_data!E200) | BN33: =IFERROR(IF(OR(BL33="",BM33=""),"",BM33/BL33),"") | BP33: =AY33 | BQ33: =BB33 | BR33: =BE33 | BS33: =BH33 | BT33: =BK33 | BU33: =BN33 | BV33: ----------
A34: 29 | B34: 0.1 | C34: =IF(input_data!G32="","",input_data!G32) | D34: =IF(input_data!D32="","",input_data!D32) | E34: =IF(input_data!G67="","",input_data!G67) | F34: =IF(input_data!D67="","",input_data!D67) | G34: =IF(input_data!G101="","",input_data!G101) | H34: =IF(input_data!D101="","",input_data!D101) | I34: =IF(input_data!G135="","",input_data!G135) | J34: =IF(input_data!D135="","",input_data!D135) | K34: =IF(input_data!G168="","",input_data!G168) | L34: =IF(input_data!D168="","",input_data!D168) | M34: =IF(input_data!G201="","",input_data!G201) | N34: =IF(input_data!D201="","",input_data!D201) | O34: ---------- | P34: =IF(input_data!G32="","",input_data!G32) | Q34: =IF(input_data!E32="","",input_data!E32) | R34: =IF(input_data!G67="","",input_data!G67) | S34: =IF(input_data!E67="","",input_data!E67) | T34: =IF(input_data!G101="","",input_data!G101) | U34: =IF(input_data!E101="","",input_data!E101) | V34: =IF(input_data!G135="","",input_data!G135) | W34: =IF(input_data!E135="","",input_data!E135) | X34: =IF(input_data!G168="","",input_data!G168) | Y34: =IF(input_data!E168="","",input_data!E168) | Z34: =IF(input_data!G201="","",input_data!G201) | AA34: =IF(input_data!E201="","",input_data!E201) | AC34: =IF(input_data!G32="","",input_data!G32) | AD34: =IF(input_data!F32="","",input_data!F32) | AE34: =IF(input_data!G67="","",input_data!G67) | AF34: =IF(input_data!F67="","",input_data!F67) | AG34: =IF(input_data!G101="","",input_data!G101) | AH34: =IF(input_data!F101="","",input_data!F101) | AI34: =IF(input_data!G135="","",input_data!G135) | AJ34: =IF(input_data!F135="","",input_data!F135) | AK34: =IF(input_data!G168="","",input_data!G168) | AL34: =IF(input_data!F168="","",input_data!F168) | AM34: =IF(input_data!G201="","",input_data!G201) | AN34: =IF(input_data!F201="","",input_data!F201) | AP34: =IF(input_data!C32="","",input_data!C32) | AQ34: =IF(input_data!C67="","",input_data!C67) | AR34: =IF(input_data!C101="","",input_data!C101) | AS34: =IF(input_data!C135="","",input_data!C135) | AT34: =IF(input_data!C168="","",input_data!C168) | AU34: =IF(input_data!C201="","",input_data!C201) | AW34: =IF(input_data!D32="","",input_data!D32) | AX34: =IF(input_data!E32="","",input_data!E32) | AY34: =IFERROR(IF(OR(AW34="",AX34=""),"",AX34/AW34),"") | AZ34: =IF(input_data!D67="","",input_data!D67) | BA34: =IF(input_data!E67="","",input_data!E67) | BB34: =IFERROR(IF(OR(AZ34="",BA34=""),"",BA34/AZ34),"") | BC34: =IF(input_data!D101="","",input_data!D101) | BD34: =IF(input_data!E101="","",input_data!E101) | BE34: =IFERROR(IF(OR(BC34="",BD34=""),"",BD34/BC34),"") | BF34: =IF(input_data!D135="","",input_data!D135) | BG34: =IF(input_data!E135="","",input_data!E135) | BH34: =IFERROR(IF(OR(BF34="",BG34=""),"",BG34/BF34),"") | BI34: =IF(input_data!D168="","",input_data!D168) | BJ34: =IF(input_data!E168="","",input_data!E168) | BK34: =IFERROR(IF(OR(BI34="",BJ34=""),"",BJ34/BI34),"") | BL34: =IF(input_data!D201="","",input_data!D201) | BM34: =IF(input_data!E201="","",input_data!E201) | BN34: =IFERROR(IF(OR(BL34="",BM34=""),"",BM34/BL34),"") | BP34: =AY34 | BQ34: =BB34 | BR34: =BE34 | BS34: =BH34 | BT34: =BK34 | BU34: =BN34 | BV34: ----------
A35: 30 | B35: 0.1 | C35: =IF(input_data!G33="","",input_data!G33) | D35: =IF(input_data!D33="","",input_data!D33) | E35: =IF(input_data!G68="","",input_data!G68) | F35: =IF(input_data!D68="","",input_data!D68) | G35: =IF(input_data!G102="","",input_data!G102) | H35: =IF(input_data!D102="","",input_data!D102) | I35: =IF(input_data!G136="","",input_data!G136) | J35: =IF(input_data!D136="","",input_data!D136) | K35: =IF(input_data!G169="","",input_data!G169) | L35: =IF(input_data!D169="","",input_data!D169) | M35: =IF(input_data!G202="","",input_data!G202) | N35: =IF(input_data!D202="","",input_data!D202) | O35: ---------- | P35: =IF(input_data!G33="","",input_data!G33) | Q35: =IF(input_data!E33="","",input_data!E33) | R35: =IF(input_data!G68="","",input_data!G68) | S35: =IF(input_data!E68="","",input_data!E68) | T35: =IF(input_data!G102="","",input_data!G102) | U35: =IF(input_data!E102="","",input_data!E102) | V35: =IF(input_data!G136="","",input_data!G136) | W35: =IF(input_data!E136="","",input_data!E136) | X35: =IF(input_data!G169="","",input_data!G169) | Y35: =IF(input_data!E169="","",input_data!E169) | Z35: =IF(input_data!G202="","",input_data!G202) | AA35: =IF(input_data!E202="","",input_data!E202) | AC35: =IF(input_data!G33="","",input_data!G33) | AD35: =IF(input_data!F33="","",input_data!F33) | AE35: =IF(input_data!G68="","",input_data!G68) | AF35: =IF(input_data!F68="","",input_data!F68) | AG35: =IF(input_data!G102="","",input_data!G102) | AH35: =IF(input_data!F102="","",input_data!F102) | AI35: =IF(input_data!G136="","",input_data!G136) | AJ35: =IF(input_data!F136="","",input_data!F136) | AK35: =IF(input_data!G169="","",input_data!G169) | AL35: =IF(input_data!F169="","",input_data!F169) | AM35: =IF(input_data!G202="","",input_data!G202) | AN35: =IF(input_data!F202="","",input_data!F202) | AP35: =IF(input_data!C33="","",input_data!C33) | AQ35: =IF(input_data!C68="","",input_data!C68) | AR35: =IF(input_data!C102="","",input_data!C102) | AS35: =IF(input_data!C136="","",input_data!C136) | AT35: =IF(input_data!C169="","",input_data!C169) | AU35: =IF(input_data!C202="","",input_data!C202) | AW35: =IF(input_data!D33="","",input_data!D33) | AX35: =IF(input_data!E33="","",input_data!E33) | AY35: =IFERROR(IF(OR(AW35="",AX35=""),"",AX35/AW35),"") | AZ35: =IF(input_data!D68="","",input_data!D68) | BA35: =IF(input_data!E68="","",input_data!E68) | BB35: =IFERROR(IF(OR(AZ35="",BA35=""),"",BA35/AZ35),"") | BC35: =IF(input_data!D102="","",input_data!D102) | BD35: =IF(input_data!E102="","",input_data!E102) | BE35: =IFERROR(IF(OR(BC35="",BD35=""),"",BD35/BC35),"") | BF35: =IF(input_data!D136="","",input_data!D136) | BG35: =IF(input_data!E136="","",input_data!E136) | BH35: =IFERROR(IF(OR(BF35="",BG35=""),"",BG35/BF35),"") | BI35: =IF(input_data!D169="","",input_data!D169) | BJ35: =IF(input_data!E169="","",input_data!E169) | BK35: =IFERROR(IF(OR(BI35="",BJ35=""),"",BJ35/BI35),"") | BL35: =IF(input_data!D202="","",input_data!D202) | BM35: =IF(input_data!E202="","",input_data!E202) | BN35: =IFERROR(IF(OR(BL35="",BM35=""),"",BM35/BL35),"") | BP35: =AY35 | BQ35: =BB35 | BR35: =BE35 | BS35: =BH35 | BT35: =BK35 | BU35: =BN35 | BV35: ----------
A36: Частота 0,5 Гц | O36: Частота 0,5 Гц | AB36: Частота 0,5 Гц | AV36: Частота 0,5 Гц | BO36: Частота 0,5 Гц
A37: 1 | B37: 0.5 | C37: =IF(input_data!N4="","",input_data!N4) | D37: =IF(input_data!K4="","",input_data!K4) | E37: =IF(input_data!N39="","",input_data!N39) | F37: =IF(input_data!K39="","",input_data!K39) | G37: =IF(input_data!N73="","",input_data!N73) | H37: =IF(input_data!K73="","",input_data!K73) | I37: =IF(input_data!N107="","",input_data!N107) | J37: =IF(input_data!K107="","",input_data!K107) | K37: =IF(input_data!N140="","",input_data!N140) | L37: =IF(input_data!K140="","",input_data!K140) | M37: =IF(input_data!N173="","",input_data!N173) | N37: =IF(input_data!K173="","",input_data!K173) | P37: =IF(input_data!N4="","",input_data!N4) | Q37: =IF(input_data!L4="","",input_data!L4) | R37: =IF(input_data!N39="","",input_data!N39) | S37: =IF(input_data!L39="","",input_data!L39) | T37: =IF(input_data!N73="","",input_data!N73) | U37: =IF(input_data!L73="","",input_data!L73) | V37: =IF(input_data!N107="","",input_data!N107) | W37: =IF(input_data!L107="","",input_data!L107) | X37: =IF(input_data!N140="","",input_data!N140) | Y37: =IF(input_data!L140="","",input_data!L140) | Z37: =IF(input_data!N173="","",input_data!N173) | AA37: =IF(input_data!L173="","",input_data!L173) | AC37: =IF(input_data!N4="","",input_data!N4) | AD37: =IF(input_data!M4="","",input_data!M4) | AE37: =IF(input_data!N39="","",input_data!N39) | AF37: =IF(input_data!M39="","",input_data!M39) | AG37: =IF(input_data!N73="","",input_data!N73) | AH37: =IF(input_data!M73="","",input_data!M73) | AI37: =IF(input_data!N107="","",input_data!N107) | AJ37: =IF(input_data!M107="","",input_data!M107) | AK37: =IF(input_data!N140="","",input_data!N140) | AL37: =IF(input_data!M140="","",input_data!M140) | AM37: =IF(input_data!N173="","",input_data!N173) | AN37: =IF(input_data!M173="","",input_data!M173) | AP37: =IF(input_data!J4="","",input_data!J4) | AQ37: =IF(input_data!J39="","",input_data!J39) | AR37: =IF(input_data!J73="","",input_data!J73) | AS37: =IF(input_data!J107="","",input_data!J107) | AT37: =IF(input_data!J140="","",input_data!J140) | AU37: =IF(input_data!J173="","",input_data!J173) | AW37: =IF(input_data!K4="","",input_data!K4) | AX37: =IF(input_data!L4="","",input_data!L4) | AY37: =IFERROR(IF(OR(AW37="",AX37=""),"",AX37/AW37),"") | AZ37: =IF(input_data!K39="","",input_data!K39) | BA37: =IF(input_data!L39="","",input_data!L39) | BB37: =IFERROR(IF(OR(AZ37="",BA37=""),"",BA37/AZ37),"") | BC37: =IF(input_data!K73="","",input_data!K73) | BD37: =IF(input_data!L73="","",input_data!L73) | BE37: =IFERROR(IF(OR(BC37="",BD37=""),"",BD37/BC37),"") | BF37: =IF(input_data!K107="","",input_data!K107) | BG37: =IF(input_data!L107="","",input_data!L107) | BH37: =IFERROR(IF(OR(BF37="",BG37=""),"",BG37/BF37),"") | BI37: =IF(input_data!K140="","",input_data!K140) | BJ37: =IF(input_data!L140="","",input_data!L140) | BK37: =IFERROR(IF(OR(BI37="",BJ37=""),"",BJ37/BI37),"") | BL37: =IF(input_data!K173="","",input_data!K173) | BM37: =IF(input_data!L173="","",input_data!L173) | BN37: =IFERROR(IF(OR(BL37="",BM37=""),"",BM37/BL37),"") | BP37: =AY37 | BQ37: =BB37 | BR37: =BE37 | BS37: =BH37 | BT37: =BK37 | BU37: =BN37 | BV37: ----------
A38: 2 | B38: 0.5 | C38: =IF(input_data!N5="","",input_data!N5) | D38: =IF(input_data!K5="","",input_data!K5) | E38: =IF(input_data!N40="","",input_data!N40) | F38: =IF(input_data!K40="","",input_data!K40) | G38: =IF(input_data!N74="","",input_data!N74) | H38: =IF(input_data!K74="","",input_data!K74) | I38: =IF(input_data!N108="","",input_data!N108) | J38: =IF(input_data!K108="","",input_data!K108) | K38: =IF(input_data!N141="","",input_data!N141) | L38: =IF(input_data!K141="","",input_data!K141) | M38: =IF(input_data!N174="","",input_data!N174) | N38: =IF(input_data!K174="","",input_data!K174) | P38: =IF(input_data!N5="","",input_data!N5) | Q38: =IF(input_data!L5="","",input_data!L5) | R38: =IF(input_data!N40="","",input_data!N40) | S38: =IF(input_data!L40="","",input_data!L40) | T38: =IF(input_data!N74="","",input_data!N74) | U38: =IF(input_data!L74="","",input_data!L74) | V38: =IF(input_data!N108="","",input_data!N108) | W38: =IF(input_data!L108="","",input_data!L108) | X38: =IF(input_data!N141="","",input_data!N141) | Y38: =IF(input_data!L141="","",input_data!L141) | Z38: =IF(input_data!N174="","",input_data!N174) | AA38: =IF(input_data!L174="","",input_data!L174) | AC38: =IF(input_data!N5="","",input_data!N5) | AD38: =IF(input_data!M5="","",input_data!M5) | AE38: =IF(input_data!N40="","",input_data!N40) | AF38: =IF(input_data!M40="","",input_data!M40) | AG38: =IF(input_data!N74="","",input_data!N74) | AH38: =IF(input_data!M74="","",input_data!M74) | AI38: =IF(input_data!N108="","",input_data!N108) | AJ38: =IF(input_data!M108="","",input_data!M108) | AK38: =IF(input_data!N141="","",input_data!N141) | AL38: =IF(input_data!M141="","",input_data!M141) | AM38: =IF(input_data!N174="","",input_data!N174) | AN38: =IF(input_data!M174="","",input_data!M174) | AP38: =IF(input_data!J5="","",input_data!J5) | AQ38: =IF(input_data!J40="","",input_data!J40) | AR38: =IF(input_data!J74="","",input_data!J74) | AS38: =IF(input_data!J108="","",input_data!J108) | AT38: =IF(input_data!J141="","",input_data!J141) | AU38: =IF(input_data!J174="","",input_data!J174) | AW38: =IF(input_data!K5="","",input_data!K5) | AX38: =IF(input_data!L5="","",input_data!L5) | AY38: =IFERROR(IF(OR(AW38="",AX38=""),"",AX38/AW38),"") | AZ38: =IF(input_data!K40="","",input_data!K40) | BA38: =IF(input_data!L40="","",input_data!L40) | BB38: =IFERROR(IF(OR(AZ38="",BA38=""),"",BA38/AZ38),"") | BC38: =IF(input_data!K74="","",input_data!K74) | BD38: =IF(input_data!L74="","",input_data!L74) | BE38: =IFERROR(IF(OR(BC38="",BD38=""),"",BD38/BC38),"") | BF38: =IF(input_data!K108="","",input_data!K108) | BG38: =IF(input_data!L108="","",input_data!L108) | BH38: =IFERROR(IF(OR(BF38="",BG38=""),"",BG38/BF38),"") | BI38: =IF(input_data!K141="","",input_data!K141) | BJ38: =IF(input_data!L141="","",input_data!L141) | BK38: =IFERROR(IF(OR(BI38="",BJ38=""),"",BJ38/BI38),"") | BL38: =IF(input_data!K174="","",input_data!K174) | BM38: =IF(input_data!L174="","",input_data!L174) | BN38: =IFERROR(IF(OR(BL38="",BM38=""),"",BM38/BL38),"") | BP38: =AY38 | BQ38: =BB38 | BR38: =BE38 | BS38: =BH38 | BT38: =BK38 | BU38: =BN38 | BV38: ----------
A39: 3 | B39: 0.5 | C39: =IF(input_data!N6="","",input_data!N6) | D39: =IF(input_data!K6="","",input_data!K6) | E39: =IF(input_data!N41="","",input_data!N41) | F39: =IF(input_data!K41="","",input_data!K41) | G39: =IF(input_data!N75="","",input_data!N75) | H39: =IF(input_data!K75="","",input_data!K75) | I39: =IF(input_data!N109="","",input_data!N109) | J39: =IF(input_data!K109="","",input_data!K109) | K39: =IF(input_data!N142="","",input_data!N142) | L39: =IF(input_data!K142="","",input_data!K142) | M39: =IF(input_data!N175="","",input_data!N175) | N39: =IF(input_data!K175="","",input_data!K175) | P39: =IF(input_data!N6="","",input_data!N6) | Q39: =IF(input_data!L6="","",input_data!L6) | R39: =IF(input_data!N41="","",input_data!N41) | S39: =IF(input_data!L41="","",input_data!L41) | T39: =IF(input_data!N75="","",input_data!N75) | U39: =IF(input_data!L75="","",input_data!L75) | V39: =IF(input_data!N109="","",input_data!N109) | W39: =IF(input_data!L109="","",input_data!L109) | X39: =IF(input_data!N142="","",input_data!N142) | Y39: =IF(input_data!L142="","",input_data!L142) | Z39: =IF(input_data!N175="","",input_data!N175) | AA39: =IF(input_data!L175="","",input_data!L175) | AC39: =IF(input_data!N6="","",input_data!N6) | AD39: =IF(input_data!M6="","",input_data!M6) | AE39: =IF(input_data!N41="","",input_data!N41) | AF39: =IF(input_data!M41="","",input_data!M41) | AG39: =IF(input_data!N75="","",input_data!N75) | AH39: =IF(input_data!M75="","",input_data!M75) | AI39: =IF(input_data!N109="","",input_data!N109) | AJ39: =IF(input_data!M109="","",input_data!M109) | AK39: =IF(input_data!N142="","",input_data!N142) | AL39: =IF(input_data!M142="","",input_data!M142) | AM39: =IF(input_data!N175="","",input_data!N175) | AN39: =IF(input_data!M175="","",input_data!M175) | AP39: =IF(input_data!J6="","",input_data!J6) | AQ39: =IF(input_data!J41="","",input_data!J41) | AR39: =IF(input_data!J75="","",input_data!J75) | AS39: =IF(input_data!J109="","",input_data!J109) | AT39: =IF(input_data!J142="","",input_data!J142) | AU39: =IF(input_data!J175="","",input_data!J175) | AW39: =IF(input_data!K6="","",input_data!K6) | AX39: =IF(input_data!L6="","",input_data!L6) | AY39: =IFERROR(IF(OR(AW39="",AX39=""),"",AX39/AW39),"") | AZ39: =IF(input_data!K41="","",input_data!K41) | BA39: =IF(input_data!L41="","",input_data!L41) | BB39: =IFERROR(IF(OR(AZ39="",BA39=""),"",BA39/AZ39),"") | BC39: =IF(input_data!K75="","",input_data!K75) | BD39: =IF(input_data!L75="","",input_data!L75) | BE39: =IFERROR(IF(OR(BC39="",BD39=""),"",BD39/BC39),"") | BF39: =IF(input_data!K109="","",input_data!K109) | BG39: =IF(input_data!L109="","",input_data!L109) | BH39: =IFERROR(IF(OR(BF39="",BG39=""),"",BG39/BF39),"") | BI39: =IF(input_data!K142="","",input_data!K142) | BJ39: =IF(input_data!L142="","",input_data!L142) | BK39: =IFERROR(IF(OR(BI39="",BJ39=""),"",BJ39/BI39),"") | BL39: =IF(input_data!K175="","",input_data!K175) | BM39: =IF(input_data!L175="","",input_data!L175) | BN39: =IFERROR(IF(OR(BL39="",BM39=""),"",BM39/BL39),"") | BP39: =AY39 | BQ39: =BB39 | BR39: =BE39 | BS39: =BH39 | BT39: =BK39 | BU39: =BN39 | BV39: ----------
A40: 4 | B40: 0.5 | C40: =IF(input_data!N7="","",input_data!N7) | D40: =IF(input_data!K7="","",input_data!K7) | E40: =IF(input_data!N42="","",input_data!N42) | F40: =IF(input_data!K42="","",input_data!K42) | G40: =IF(input_data!N76="","",input_data!N76) | H40: =IF(input_data!K76="","",input_data!K76) | I40: =IF(input_data!N110="","",input_data!N110) | J40: =IF(input_data!K110="","",input_data!K110) | K40: =IF(input_data!N143="","",input_data!N143) | L40: =IF(input_data!K143="","",input_data!K143) | M40: =IF(input_data!N176="","",input_data!N176) | N40: =IF(input_data!K176="","",input_data!K176) | P40: =IF(input_data!N7="","",input_data!N7) | Q40: =IF(input_data!L7="","",input_data!L7) | R40: =IF(input_data!N42="","",input_data!N42) | S40: =IF(input_data!L42="","",input_data!L42) | T40: =IF(input_data!N76="","",input_data!N76) | U40: =IF(input_data!L76="","",input_data!L76) | V40: =IF(input_data!N110="","",input_data!N110) | W40: =IF(input_data!L110="","",input_data!L110) | X40: =IF(input_data!N143="","",input_data!N143) | Y40: =IF(input_data!L143="","",input_data!L143) | Z40: =IF(input_data!N176="","",input_data!N176) | AA40: =IF(input_data!L176="","",input_data!L176) | AC40: =IF(input_data!N7="","",input_data!N7) | AD40: =IF(input_data!M7="","",input_data!M7) | AE40: =IF(input_data!N42="","",input_data!N42) | AF40: =IF(input_data!M42="","",input_data!M42) | AG40: =IF(input_data!N76="","",input_data!N76) | AH40: =IF(input_data!M76="","",input_data!M76) | AI40: =IF(input_data!N110="","",input_data!N110) | AJ40: =IF(input_data!M110="","",input_data!M110) | AK40: =IF(input_data!N143="","",input_data!N143) | AL40: =IF(input_data!M143="","",input_data!M143) | AM40: =IF(input_data!N176="","",input_data!N176) | AN40: =IF(input_data!M176="","",input_data!M176) | AP40: =IF(input_data!J7="","",input_data!J7) | AQ40: =IF(input_data!J42="","",input_data!J42) | AR40: =IF(input_data!J76="","",input_data!J76) | AS40: =IF(input_data!J110="","",input_data!J110) | AT40: =IF(input_data!J143="","",input_data!J143) | AU40: =IF(input_data!J176="","",input_data!J176) | AW40: =IF(input_data!K7="","",input_data!K7) | AX40: =IF(input_data!L7="","",input_data!L7) | AY40: =IFERROR(IF(OR(AW40="",AX40=""),"",AX40/AW40),"") | AZ40: =IF(input_data!K42="","",input_data!K42) | BA40: =IF(input_data!L42="","",input_data!L42) | BB40: =IFERROR(IF(OR(AZ40="",BA40=""),"",BA40/AZ40),"") | BC40: =IF(input_data!K76="","",input_data!K76) | BD40: =IF(input_data!L76="","",input_data!L76) | BE40: =IFERROR(IF(OR(BC40="",BD40=""),"",BD40/BC40),"") | BF40: =IF(input_data!K110="","",input_data!K110) | BG40: =IF(input_data!L110="","",input_data!L110) | BH40: =IFERROR(IF(OR(BF40="",BG40=""),"",BG40/BF40),"") | BI40: =IF(input_data!K143="","",input_data!K143) | BJ40: =IF(input_data!L143="","",input_data!L143) | BK40: =IFERROR(IF(OR(BI40="",BJ40=""),"",BJ40/BI40),"") | BL40: =IF(input_data!K176="","",input_data!K176) | BM40: =IF(input_data!L176="","",input_data!L176) | BN40: =IFERROR(IF(OR(BL40="",BM40=""),"",BM40/BL40),"") | BP40: =AY40 | BQ40: =BB40 | BR40: =BE40 | BS40: =BH40 | BT40: =BK40 | BU40: =BN40 | BV40: ----------
A41: 5 | B41: 0.5 | C41: =IF(input_data!N8="","",input_data!N8) | D41: =IF(input_data!K8="","",input_data!K8) | E41: =IF(input_data!N43="","",input_data!N43) | F41: =IF(input_data!K43="","",input_data!K43) | G41: =IF(input_data!N77="","",input_data!N77) | H41: =IF(input_data!K77="","",input_data!K77) | I41: =IF(input_data!N111="","",input_data!N111) | J41: =IF(input_data!K111="","",input_data!K111) | K41: =IF(input_data!N144="","",input_data!N144) | L41: =IF(input_data!K144="","",input_data!K144) | M41: =IF(input_data!N177="","",input_data!N177) | N41: =IF(input_data!K177="","",input_data!K177) | P41: =IF(input_data!N8="","",input_data!N8) | Q41: =IF(input_data!L8="","",input_data!L8) | R41: =IF(input_data!N43="","",input_data!N43) | S41: =IF(input_data!L43="","",input_data!L43) | T41: =IF(input_data!N77="","",input_data!N77) | U41: =IF(input_data!L77="","",input_data!L77) | V41: =IF(input_data!N111="","",input_data!N111) | W41: =IF(input_data!L111="","",input_data!L111) | X41: =IF(input_data!N144="","",input_data!N144) | Y41: =IF(input_data!L144="","",input_data!L144) | Z41: =IF(input_data!N177="","",input_data!N177) | AA41: =IF(input_data!L177="","",input_data!L177) | AC41: =IF(input_data!N8="","",input_data!N8) | AD41: =IF(input_data!M8="","",input_data!M8) | AE41: =IF(input_data!N43="","",input_data!N43) | AF41: =IF(input_data!M43="","",input_data!M43) | AG41: =IF(input_data!N77="","",input_data!N77) | AH41: =IF(input_data!M77="","",input_data!M77) | AI41: =IF(input_data!N111="","",input_data!N111) | AJ41: =IF(input_data!M111="","",input_data!M111) | AK41: =IF(input_data!N144="","",input_data!N144) | AL41: =IF(input_data!M144="","",input_data!M144) | AM41: =IF(input_data!N177="","",input_data!N177) | AN41: =IF(input_data!M177="","",input_data!M177) | AP41: =IF(input_data!J8="","",input_data!J8) | AQ41: =IF(input_data!J43="","",input_data!J43) | AR41: =IF(input_data!J77="","",input_data!J77) | AS41: =IF(input_data!J111="","",input_data!J111) | AT41: =IF(input_data!J144="","",input_data!J144) | AU41: =IF(input_data!J177="","",input_data!J177) | AW41: =IF(input_data!K8="","",input_data!K8) | AX41: =IF(input_data!L8="","",input_data!L8) | AY41: =IFERROR(IF(OR(AW41="",AX41=""),"",AX41/AW41),"") | AZ41: =IF(input_data!K43="","",input_data!K43) | BA41: =IF(input_data!L43="","",input_data!L43) | BB41: =IFERROR(IF(OR(AZ41="",BA41=""),"",BA41/AZ41),"") | BC41: =IF(input_data!K77="","",input_data!K77) | BD41: =IF(input_data!L77="","",input_data!L77) | BE41: =IFERROR(IF(OR(BC41="",BD41=""),"",BD41/BC41),"") | BF41: =IF(input_data!K111="","",input_data!K111) | BG41: =IF(input_data!L111="","",input_data!L111) | BH41: =IFERROR(IF(OR(BF41="",BG41=""),"",BG41/BF41),"") | BI41: =IF(input_data!K144="","",input_data!K144) | BJ41: =IF(input_data!L144="","",input_data!L144) | BK41: =IFERROR(IF(OR(BI41="",BJ41=""),"",BJ41/BI41),"") | BL41: =IF(input_data!K177="","",input_data!K177) | BM41: =IF(input_data!L177="","",input_data!L177) | BN41: =IFERROR(IF(OR(BL41="",BM41=""),"",BM41/BL41),"") | BP41: =AY41 | BQ41: =BB41 | BR41: =BE41 | BS41: =BH41 | BT41: =BK41 | BU41: =BN41 | BV41: ----------
A42: 6 | B42: 0.5 | C42: =IF(input_data!N9="","",input_data!N9) | D42: =IF(input_data!K9="","",input_data!K9) | E42: =IF(input_data!N44="","",input_data!N44) | F42: =IF(input_data!K44="","",input_data!K44) | G42: =IF(input_data!N78="","",input_data!N78) | H42: =IF(input_data!K78="","",input_data!K78) | I42: =IF(input_data!N112="","",input_data!N112) | J42: =IF(input_data!K112="","",input_data!K112) | K42: =IF(input_data!N145="","",input_data!N145) | L42: =IF(input_data!K145="","",input_data!K145) | M42: =IF(input_data!N178="","",input_data!N178) | N42: =IF(input_data!K178="","",input_data!K178) | P42: =IF(input_data!N9="","",input_data!N9) | Q42: =IF(input_data!L9="","",input_data!L9) | R42: =IF(input_data!N44="","",input_data!N44) | S42: =IF(input_data!L44="","",input_data!L44) | T42: =IF(input_data!N78="","",input_data!N78) | U42: =IF(input_data!L78="","",input_data!L78) | V42: =IF(input_data!N112="","",input_data!N112) | W42: =IF(input_data!L112="","",input_data!L112) | X42: =IF(input_data!N145="","",input_data!N145) | Y42: =IF(input_data!L145="","",input_data!L145) | Z42: =IF(input_data!N178="","",input_data!N178) | AA42: =IF(input_data!L178="","",input_data!L178) | AC42: =IF(input_data!N9="","",input_data!N9) | AD42: =IF(input_data!M9="","",input_data!M9) | AE42: =IF(input_data!N44="","",input_data!N44) | AF42: =IF(input_data!M44="","",input_data!M44) | AG42: =IF(input_data!N78="","",input_data!N78) | AH42: =IF(input_data!M78="","",input_data!M78) | AI42: =IF(input_data!N112="","",input_data!N112) | AJ42: =IF(input_data!M112="","",input_data!M112) | AK42: =IF(input_data!N145="","",input_data!N145) | AL42: =IF(input_data!M145="","",input_data!M145) | AM42: =IF(input_data!N178="","",input_data!N178) | AN42: =IF(input_data!M178="","",input_data!M178) | AP42: =IF(input_data!J9="","",input_data!J9) | AQ42: =IF(input_data!J44="","",input_data!J44) | AR42: =IF(input_data!J78="","",input_data!J78) | AS42: =IF(input_data!J112="","",input_data!J112) | AT42: =IF(input_data!J145="","",input_data!J145) | AU42: =IF(input_data!J178="","",input_data!J178) | AW42: =IF(input_data!K9="","",input_data!K9) | AX42: =IF(input_data!L9="","",input_data!L9) | AY42: =IFERROR(IF(OR(AW42="",AX42=""),"",AX42/AW42),"") | AZ42: =IF(input_data!K44="","",input_data!K44) | BA42: =IF(input_data!L44="","",input_data!L44) | BB42: =IFERROR(IF(OR(AZ42="",BA42=""),"",BA42/AZ42),"") | BC42: =IF(input_data!K78="","",input_data!K78) | BD42: =IF(input_data!L78="","",input_data!L78) | BE42: =IFERROR(IF(OR(BC42="",BD42=""),"",BD42/BC42),"") | BF42: =IF(input_data!K112="","",input_data!K112) | BG42: =IF(input_data!L112="","",input_data!L112) | BH42: =IFERROR(IF(OR(BF42="",BG42=""),"",BG42/BF42),"") | BI42: =IF(input_data!K145="","",input_data!K145) | BJ42: =IF(input_data!L145="","",input_data!L145) | BK42: =IFERROR(IF(OR(BI42="",BJ42=""),"",BJ42/BI42),"") | BL42: =IF(input_data!K178="","",input_data!K178) | BM42: =IF(input_data!L178="","",input_data!L178) | BN42: =IFERROR(IF(OR(BL42="",BM42=""),"",BM42/BL42),"") | BP42: =AY42 | BQ42: =BB42 | BR42: =BE42 | BS42: =BH42 | BT42: =BK42 | BU42: =BN42 | BV42: ----------
A43: 7 | B43: 0.5 | C43: =IF(input_data!N10="","",input_data!N10) | D43: =IF(input_data!K10="","",input_data!K10) | E43: =IF(input_data!N45="","",input_data!N45) | F43: =IF(input_data!K45="","",input_data!K45) | G43: =IF(input_data!N79="","",input_data!N79) | H43: =IF(input_data!K79="","",input_data!K79) | I43: =IF(input_data!N113="","",input_data!N113) | J43: =IF(input_data!K113="","",input_data!K113) | K43: =IF(input_data!N146="","",input_data!N146) | L43: =IF(input_data!K146="","",input_data!K146) | M43: =IF(input_data!N179="","",input_data!N179) | N43: =IF(input_data!K179="","",input_data!K179) | P43: =IF(input_data!N10="","",input_data!N10) | Q43: =IF(input_data!L10="","",input_data!L10) | R43: =IF(input_data!N45="","",input_data!N45) | S43: =IF(input_data!L45="","",input_data!L45) | T43: =IF(input_data!N79="","",input_data!N79) | U43: =IF(input_data!L79="","",input_data!L79) | V43: =IF(input_data!N113="","",input_data!N113) | W43: =IF(input_data!L113="","",input_data!L113) | X43: =IF(input_data!N146="","",input_data!N146) | Y43: =IF(input_data!L146="","",input_data!L146) | Z43: =IF(input_data!N179="","",input_data!N179) | AA43: =IF(input_data!L179="","",input_data!L179) | AC43: =IF(input_data!N10="","",input_data!N10) | AD43: =IF(input_data!M10="","",input_data!M10) | AE43: =IF(input_data!N45="","",input_data!N45) | AF43: =IF(input_data!M45="","",input_data!M45) | AG43: =IF(input_data!N79="","",input_data!N79) | AH43: =IF(input_data!M79="","",input_data!M79) | AI43: =IF(input_data!N113="","",input_data!N113) | AJ43: =IF(input_data!M113="","",input_data!M113) | AK43: =IF(input_data!N146="","",input_data!N146) | AL43: =IF(input_data!M146="","",input_data!M146) | AM43: =IF(input_data!N179="","",input_data!N179) | AN43: =IF(input_data!M179="","",input_data!M179) | AP43: =IF(input_data!J10="","",input_data!J10) | AQ43: =IF(input_data!J45="","",input_data!J45) | AR43: =IF(input_data!J79="","",input_data!J79) | AS43: =IF(input_data!J113="","",input_data!J113) | AT43: =IF(input_data!J146="","",input_data!J146) | AU43: =IF(input_data!J179="","",input_data!J179) | AW43: =IF(input_data!K10="","",input_data!K10) | AX43: =IF(input_data!L10="","",input_data!L10) | AY43: =IFERROR(IF(OR(AW43="",AX43=""),"",AX43/AW43),"") | AZ43: =IF(input_data!K45="","",input_data!K45) | BA43: =IF(input_data!L45="","",input_data!L45) | BB43: =IFERROR(IF(OR(AZ43="",BA43=""),"",BA43/AZ43),"") | BC43: =IF(input_data!K79="","",input_data!K79) | BD43: =IF(input_data!L79="","",input_data!L79) | BE43: =IFERROR(IF(OR(BC43="",BD43=""),"",BD43/BC43),"") | BF43: =IF(input_data!K113="","",input_data!K113) | BG43: =IF(input_data!L113="","",input_data!L113) | BH43: =IFERROR(IF(OR(BF43="",BG43=""),"",BG43/BF43),"") | BI43: =IF(input_data!K146="","",input_data!K146) | BJ43: =IF(input_data!L146="","",input_data!L146) | BK43: =IFERROR(IF(OR(BI43="",BJ43=""),"",BJ43/BI43),"") | BL43: =IF(input_data!K179="","",input_data!K179) | BM43: =IF(input_data!L179="","",input_data!L179) | BN43: =IFERROR(IF(OR(BL43="",BM43=""),"",BM43/BL43),"") | BP43: =AY43 | BQ43: =BB43 | BR43: =BE43 | BS43: =BH43 | BT43: =BK43 | BU43: =BN43 | BV43: ----------
A44: 8 | B44: 0.5 | C44: =IF(input_data!N11="","",input_data!N11) | D44: =IF(input_data!K11="","",input_data!K11) | E44: =IF(input_data!N46="","",input_data!N46) | F44: =IF(input_data!K46="","",input_data!K46) | G44: =IF(input_data!N80="","",input_data!N80) | H44: =IF(input_data!K80="","",input_data!K80) | I44: =IF(input_data!N114="","",input_data!N114) | J44: =IF(input_data!K114="","",input_data!K114) | K44: =IF(input_data!N147="","",input_data!N147) | L44: =IF(input_data!K147="","",input_data!K147) | M44: =IF(input_data!N180="","",input_data!N180) | N44: =IF(input_data!K180="","",input_data!K180) | P44: =IF(input_data!N11="","",input_data!N11) | Q44: =IF(input_data!L11="","",input_data!L11) | R44: =IF(input_data!N46="","",input_data!N46) | S44: =IF(input_data!L46="","",input_data!L46) | T44: =IF(input_data!N80="","",input_data!N80) | U44: =IF(input_data!L80="","",input_data!L80) | V44: =IF(input_data!N114="","",input_data!N114) | W44: =IF(input_data!L114="","",input_data!L114) | X44: =IF(input_data!N147="","",input_data!N147) | Y44: =IF(input_data!L147="","",input_data!L147) | Z44: =IF(input_data!N180="","",input_data!N180) | AA44: =IF(input_data!L180="","",input_data!L180) | AC44: =IF(input_data!N11="","",input_data!N11) | AD44: =IF(input_data!M11="","",input_data!M11) | AE44: =IF(input_data!N46="","",input_data!N46) | AF44: =IF(input_data!M46="","",input_data!M46) | AG44: =IF(input_data!N80="","",input_data!N80) | AH44: =IF(input_data!M80="","",input_data!M80) | AI44: =IF(input_data!N114="","",input_data!N114) | AJ44: =IF(input_data!M114="","",input_data!M114) | AK44: =IF(input_data!N147="","",input_data!N147) | AL44: =IF(input_data!M147="","",input_data!M147) | AM44: =IF(input_data!N180="","",input_data!N180) | AN44: =IF(input_data!M180="","",input_data!M180) | AP44: =IF(input_data!J11="","",input_data!J11) | AQ44: =IF(input_data!J46="","",input_data!J46) | AR44: =IF(input_data!J80="","",input_data!J80) | AS44: =IF(input_data!J114="","",input_data!J114) | AT44: =IF(input_data!J147="","",input_data!J147) | AU44: =IF(input_data!J180="","",input_data!J180) | AW44: =IF(input_data!K11="","",input_data!K11) | AX44: =IF(input_data!L11="","",input_data!L11) | AY44: =IFERROR(IF(OR(AW44="",AX44=""),"",AX44/AW44),"") | AZ44: =IF(input_data!K46="","",input_data!K46) | BA44: =IF(input_data!L46="","",input_data!L46) | BB44: =IFERROR(IF(OR(AZ44="",BA44=""),"",BA44/AZ44),"") | BC44: =IF(input_data!K80="","",input_data!K80) | BD44: =IF(input_data!L80="","",input_data!L80) | BE44: =IFERROR(IF(OR(BC44="",BD44=""),"",BD44/BC44),"") | BF44: =IF(input_data!K114="","",input_data!K114) | BG44: =IF(input_data!L114="","",input_data!L114) | BH44: =IFERROR(IF(OR(BF44="",BG44=""),"",BG44/BF44),"") | BI44: =IF(input_data!K147="","",input_data!K147) | BJ44: =IF(input_data!L147="","",input_data!L147) | BK44: =IFERROR(IF(OR(BI44="",BJ44=""),"",BJ44/BI44),"") | BL44: =IF(input_data!K180="","",input_data!K180) | BM44: =IF(input_data!L180="","",input_data!L180) | BN44: =IFERROR(IF(OR(BL44="",BM44=""),"",BM44/BL44),"") | BP44: =AY44 | BQ44: =BB44 | BR44: =BE44 | BS44: =BH44 | BT44: =BK44 | BU44: =BN44 | BV44: ----------
A45: 9 | B45: 0.5 | C45: =IF(input_data!N12="","",input_data!N12) | D45: =IF(input_data!K12="","",input_data!K12) | E45: =IF(input_data!N47="","",input_data!N47) | F45: =IF(input_data!K47="","",input_data!K47) | G45: =IF(input_data!N81="","",input_data!N81) | H45: =IF(input_data!K81="","",input_data!K81) | I45: =IF(input_data!N115="","",input_data!N115) | J45: =IF(input_data!K115="","",input_data!K115) | K45: =IF(input_data!N148="","",input_data!N148) | L45: =IF(input_data!K148="","",input_data!K148) | M45: =IF(input_data!N181="","",input_data!N181) | N45: =IF(input_data!K181="","",input_data!K181) | P45: =IF(input_data!N12="","",input_data!N12) | Q45: =IF(input_data!L12="","",input_data!L12) | R45: =IF(input_data!N47="","",input_data!N47) | S45: =IF(input_data!L47="","",input_data!L47) | T45: =IF(input_data!N81="","",input_data!N81) | U45: =IF(input_data!L81="","",input_data!L81) | V45: =IF(input_data!N115="","",input_data!N115) | W45: =IF(input_data!L115="","",input_data!L115) | X45: =IF(input_data!N148="","",input_data!N148) | Y45: =IF(input_data!L148="","",input_data!L148) | Z45: =IF(input_data!N181="","",input_data!N181) | AA45: =IF(input_data!L181="","",input_data!L181) | AC45: =IF(input_data!N12="","",input_data!N12) | AD45: =IF(input_data!M12="","",input_data!M12) | AE45: =IF(input_data!N47="","",input_data!N47) | AF45: =IF(input_data!M47="","",input_data!M47) | AG45: =IF(input_data!N81="","",input_data!N81) | AH45: =IF(input_data!M81="","",input_data!M81) | AI45: =IF(input_data!N115="","",input_data!N115) | AJ45: =IF(input_data!M115="","",input_data!M115) | AK45: =IF(input_data!N148="","",input_data!N148) | AL45: =IF(input_data!M148="","",input_data!M148) | AM45: =IF(input_data!N181="","",input_data!N181) | AN45: =IF(input_data!M181="","",input_data!M181) | AP45: =IF(input_data!J12="","",input_data!J12) | AQ45: =IF(input_data!J47="","",input_data!J47) | AR45: =IF(input_data!J81="","",input_data!J81) | AS45: =IF(input_data!J115="","",input_data!J115) | AT45: =IF(input_data!J148="","",input_data!J148) | AU45: =IF(input_data!J181="","",input_data!J181) | AW45: =IF(input_data!K12="","",input_data!K12) | AX45: =IF(input_data!L12="","",input_data!L12) | AY45: =IFERROR(IF(OR(AW45="",AX45=""),"",AX45/AW45),"") | AZ45: =IF(input_data!K47="","",input_data!K47) | BA45: =IF(input_data!L47="","",input_data!L47) | BB45: =IFERROR(IF(OR(AZ45="",BA45=""),"",BA45/AZ45),"") | BC45: =IF(input_data!K81="","",input_data!K81) | BD45: =IF(input_data!L81="","",input_data!L81) | BE45: =IFERROR(IF(OR(BC45="",BD45=""),"",BD45/BC45),"") | BF45: =IF(input_data!K115="","",input_data!K115) | BG45: =IF(input_data!L115="","",input_data!L115) | BH45: =IFERROR(IF(OR(BF45="",BG45=""),"",BG45/BF45),"") | BI45: =IF(input_data!K148="","",input_data!K148) | BJ45: =IF(input_data!L148="","",input_data!L148) | BK45: =IFERROR(IF(OR(BI45="",BJ45=""),"",BJ45/BI45),"") | BL45: =IF(input_data!K181="","",input_data!K181) | BM45: =IF(input_data!L181="","",input_data!L181) | BN45: =IFERROR(IF(OR(BL45="",BM45=""),"",BM45/BL45),"") | BP45: =AY45 | BQ45: =BB45 | BR45: =BE45 | BS45: =BH45 | BT45: =BK45 | BU45: =BN45 | BV45: ----------
A46: 10 | B46: 0.5 | C46: =IF(input_data!N13="","",input_data!N13) | D46: =IF(input_data!K13="","",input_data!K13) | E46: =IF(input_data!N48="","",input_data!N48) | F46: =IF(input_data!K48="","",input_data!K48) | G46: =IF(input_data!N82="","",input_data!N82) | H46: =IF(input_data!K82="","",input_data!K82) | I46: =IF(input_data!N116="","",input_data!N116) | J46: =IF(input_data!K116="","",input_data!K116) | K46: =IF(input_data!N149="","",input_data!N149) | L46: =IF(input_data!K149="","",input_data!K149) | M46: =IF(input_data!N182="","",input_data!N182) | N46: =IF(input_data!K182="","",input_data!K182) | P46: =IF(input_data!N13="","",input_data!N13) | Q46: =IF(input_data!L13="","",input_data!L13) | R46: =IF(input_data!N48="","",input_data!N48) | S46: =IF(input_data!L48="","",input_data!L48) | T46: =IF(input_data!N82="","",input_data!N82) | U46: =IF(input_data!L82="","",input_data!L82) | V46: =IF(input_data!N116="","",input_data!N116) | W46: =IF(input_data!L116="","",input_data!L116) | X46: =IF(input_data!N149="","",input_data!N149) | Y46: =IF(input_data!L149="","",input_data!L149) | Z46: =IF(input_data!N182="","",input_data!N182) | AA46: =IF(input_data!L182="","",input_data!L182) | AC46: =IF(input_data!N13="","",input_data!N13) | AD46: =IF(input_data!M13="","",input_data!M13) | AE46: =IF(input_data!N48="","",input_data!N48) | AF46: =IF(input_data!M48="","",input_data!M48) | AG46: =IF(input_data!N82="","",input_data!N82) | AH46: =IF(input_data!M82="","",input_data!M82) | AI46: =IF(input_data!N116="","",input_data!N116) | AJ46: =IF(input_data!M116="","",input_data!M116) | AK46: =IF(input_data!N149="","",input_data!N149) | AL46: =IF(input_data!M149="","",input_data!M149) | AM46: =IF(input_data!N182="","",input_data!N182) | AN46: =IF(input_data!M182="","",input_data!M182) | AP46: =IF(input_data!J13="","",input_data!J13) | AQ46: =IF(input_data!J48="","",input_data!J48) | AR46: =IF(input_data!J82="","",input_data!J82) | AS46: =IF(input_data!J116="","",input_data!J116) | AT46: =IF(input_data!J149="","",input_data!J149) | AU46: =IF(input_data!J182="","",input_data!J182) | AW46: =IF(input_data!K13="","",input_data!K13) | AX46: =IF(input_data!L13="","",input_data!L13) | AY46: =IFERROR(IF(OR(AW46="",AX46=""),"",AX46/AW46),"") | AZ46: =IF(input_data!K48="","",input_data!K48) | BA46: =IF(input_data!L48="","",input_data!L48) | BB46: =IFERROR(IF(OR(AZ46="",BA46=""),"",BA46/AZ46),"") | BC46: =IF(input_data!K82="","",input_data!K82) | BD46: =IF(input_data!L82="","",input_data!L82) | BE46: =IFERROR(IF(OR(BC46="",BD46=""),"",BD46/BC46),"") | BF46: =IF(input_data!K116="","",input_data!K116) | BG46: =IF(input_data!L116="","",input_data!L116) | BH46: =IFERROR(IF(OR(BF46="",BG46=""),"",BG46/BF46),"") | BI46: =IF(input_data!K149="","",input_data!K149) | BJ46: =IF(input_data!L149="","",input_data!L149) | BK46: =IFERROR(IF(OR(BI46="",BJ46=""),"",BJ46/BI46),"") | BL46: =IF(input_data!K182="","",input_data!K182) | BM46: =IF(input_data!L182="","",input_data!L182) | BN46: =IFERROR(IF(OR(BL46="",BM46=""),"",BM46/BL46),"") | BP46: =AY46 | BQ46: =BB46 | BR46: =BE46 | BS46: =BH46 | BT46: =BK46 | BU46: =BN46 | BV46: ----------
A47: 11 | B47: 0.5 | C47: =IF(input_data!N14="","",input_data!N14) | D47: =IF(input_data!K14="","",input_data!K14) | E47: =IF(input_data!N49="","",input_data!N49) | F47: =IF(input_data!K49="","",input_data!K49) | G47: =IF(input_data!N83="","",input_data!N83) | H47: =IF(input_data!K83="","",input_data!K83) | I47: =IF(input_data!N117="","",input_data!N117) | J47: =IF(input_data!K117="","",input_data!K117) | K47: =IF(input_data!N150="","",input_data!N150) | L47: =IF(input_data!K150="","",input_data!K150) | M47: =IF(input_data!N183="","",input_data!N183) | N47: =IF(input_data!K183="","",input_data!K183) | P47: =IF(input_data!N14="","",input_data!N14) | Q47: =IF(input_data!L14="","",input_data!L14) | R47: =IF(input_data!N49="","",input_data!N49) | S47: =IF(input_data!L49="","",input_data!L49) | T47: =IF(input_data!N83="","",input_data!N83) | U47: =IF(input_data!L83="","",input_data!L83) | V47: =IF(input_data!N117="","",input_data!N117) | W47: =IF(input_data!L117="","",input_data!L117) | X47: =IF(input_data!N150="","",input_data!N150) | Y47: =IF(input_data!L150="","",input_data!L150) | Z47: =IF(input_data!N183="","",input_data!N183) | AA47: =IF(input_data!L183="","",input_data!L183) | AC47: =IF(input_data!N14="","",input_data!N14) | AD47: =IF(input_data!M14="","",input_data!M14) | AE47: =IF(input_data!N49="","",input_data!N49) | AF47: =IF(input_data!M49="","",input_data!M49) | AG47: =IF(input_data!N83="","",input_data!N83) | AH47: =IF(input_data!M83="","",input_data!M83) | AI47: =IF(input_data!N117="","",input_data!N117) | AJ47: =IF(input_data!M117="","",input_data!M117) | AK47: =IF(input_data!N150="","",input_data!N150) | AL47: =IF(input_data!M150="","",input_data!M150) | AM47: =IF(input_data!N183="","",input_data!N183) | AN47: =IF(input_data!M183="","",input_data!M183) | AP47: =IF(input_data!J14="","",input_data!J14) | AQ47: =IF(input_data!J49="","",input_data!J49) | AR47: =IF(input_data!J83="","",input_data!J83) | AS47: =IF(input_data!J117="","",input_data!J117) | AT47: =IF(input_data!J150="","",input_data!J150) | AU47: =IF(input_data!J183="","",input_data!J183) | AW47: =IF(input_data!K14="","",input_data!K14) | AX47: =IF(input_data!L14="","",input_data!L14) | AY47: =IFERROR(IF(OR(AW47="",AX47=""),"",AX47/AW47),"") | AZ47: =IF(input_data!K49="","",input_data!K49) | BA47: =IF(input_data!L49="","",input_data!L49) | BB47: =IFERROR(IF(OR(AZ47="",BA47=""),"",BA47/AZ47),"") | BC47: =IF(input_data!K83="","",input_data!K83) | BD47: =IF(input_data!L83="","",input_data!L83) | BE47: =IFERROR(IF(OR(BC47="",BD47=""),"",BD47/BC47),"") | BF47: =IF(input_data!K117="","",input_data!K117) | BG47: =IF(input_data!L117="","",input_data!L117) | BH47: =IFERROR(IF(OR(BF47="",BG47=""),"",BG47/BF47),"") | BI47: =IF(input_data!K150="","",input_data!K150) | BJ47: =IF(input_data!L150="","",input_data!L150) | BK47: =IFERROR(IF(OR(BI47="",BJ47=""),"",BJ47/BI47),"") | BL47: =IF(input_data!K183="","",input_data!K183) | BM47: =IF(input_data!L183="","",input_data!L183) | BN47: =IFERROR(IF(OR(BL47="",BM47=""),"",BM47/BL47),"") | BP47: =AY47 | BQ47: =BB47 | BR47: =BE47 | BS47: =BH47 | BT47: =BK47 | BU47: =BN47 | BV47: ----------
A48: 12 | B48: 0.5 | C48: =IF(input_data!N15="","",input_data!N15) | D48: =IF(input_data!K15="","",input_data!K15) | E48: =IF(input_data!N50="","",input_data!N50) | F48: =IF(input_data!K50="","",input_data!K50) | G48: =IF(input_data!N84="","",input_data!N84) | H48: =IF(input_data!K84="","",input_data!K84) | I48: =IF(input_data!N118="","",input_data!N118) | J48: =IF(input_data!K118="","",input_data!K118) | K48: =IF(input_data!N151="","",input_data!N151) | L48: =IF(input_data!K151="","",input_data!K151) | M48: =IF(input_data!N184="","",input_data!N184) | N48: =IF(input_data!K184="","",input_data!K184) | P48: =IF(input_data!N15="","",input_data!N15) | Q48: =IF(input_data!L15="","",input_data!L15) | R48: =IF(input_data!N50="","",input_data!N50) | S48: =IF(input_data!L50="","",input_data!L50) | T48: =IF(input_data!N84="","",input_data!N84) | U48: =IF(input_data!L84="","",input_data!L84) | V48: =IF(input_data!N118="","",input_data!N118) | W48: =IF(input_data!L118="","",input_data!L118) | X48: =IF(input_data!N151="","",input_data!N151) | Y48: =IF(input_data!L151="","",input_data!L151) | Z48: =IF(input_data!N184="","",input_data!N184) | AA48: =IF(input_data!L184="","",input_data!L184) | AC48: =IF(input_data!N15="","",input_data!N15) | AD48: =IF(input_data!M15="","",input_data!M15) | AE48: =IF(input_data!N50="","",input_data!N50) | AF48: =IF(input_data!M50="","",input_data!M50) | AG48: =IF(input_data!N84="","",input_data!N84) | AH48: =IF(input_data!M84="","",input_data!M84) | AI48: =IF(input_data!N118="","",input_data!N118) | AJ48: =IF(input_data!M118="","",input_data!M118) | AK48: =IF(input_data!N151="","",input_data!N151) | AL48: =IF(input_data!M151="","",input_data!M151) | AM48: =IF(input_data!N184="","",input_data!N184) | AN48: =IF(input_data!M184="","",input_data!M184) | AP48: =IF(input_data!J15="","",input_data!J15) | AQ48: =IF(input_data!J50="","",input_data!J50) | AR48: =IF(input_data!J84="","",input_data!J84) | AS48: =IF(input_data!J118="","",input_data!J118) | AT48: =IF(input_data!J151="","",input_data!J151) | AU48: =IF(input_data!J184="","",input_data!J184) | AW48: =IF(input_data!K15="","",input_data!K15) | AX48: =IF(input_data!L15="","",input_data!L15) | AY48: =IFERROR(IF(OR(AW48="",AX48=""),"",AX48/AW48),"") | AZ48: =IF(input_data!K50="","",input_data!K50) | BA48: =IF(input_data!L50="","",input_data!L50) | BB48: =IFERROR(IF(OR(AZ48="",BA48=""),"",BA48/AZ48),"") | BC48: =IF(input_data!K84="","",input_data!K84) | BD48: =IF(input_data!L84="","",input_data!L84) | BE48: =IFERROR(IF(OR(BC48="",BD48=""),"",BD48/BC48),"") | BF48: =IF(input_data!K118="","",input_data!K118) | BG48: =IF(input_data!L118="","",input_data!L118) | BH48: =IFERROR(IF(OR(BF48="",BG48=""),"",BG48/BF48),"") | BI48: =IF(input_data!K151="","",input_data!K151) | BJ48: =IF(input_data!L151="","",input_data!L151) | BK48: =IFERROR(IF(OR(BI48="",BJ48=""),"",BJ48/BI48),"") | BL48: =IF(input_data!K184="","",input_data!K184) | BM48: =IF(input_data!L184="","",input_data!L184) | BN48: =IFERROR(IF(OR(BL48="",BM48=""),"",BM48/BL48),"") | BP48: =AY48 | BQ48: =BB48 | BR48: =BE48 | BS48: =BH48 | BT48: =BK48 | BU48: =BN48 | BV48: ----------
... A56: 20 | B56: 0.5 | C56: =IF(input_data!N23="","",input_data!N23) | D56: =IF(input_data!K23="","",input_data!K23) | E56: =IF(input_data!N58="","",input_data!N58) | F56: =IF(input_data!K58="","",input_data!K58) | G56: =IF(input_data!N92="","",input_data!N92) | H56: =IF(input_data!K92="","",input_data!K92) | I56: =IF(input_data!N126="","",input_data!N126) | J56: =IF(input_data!K126="","",input_data!K126) | K56: =IF(input_data!N159="","",input_data!N159) | L56: =IF(input_data!K159="","",input_data!K159) | M56: =IF(input_data!N192="","",input_data!N192) | N56: =IF(input_data!K192="","",input_data!K192) | P56: =IF(input_data!N23="","",input_data!N23) | Q56: =IF(input_data!L23="","",input_data!L23) | R56: =IF(input_data!N58="","",input_data!N58) | S56: =IF(input_data!L58="","",input_data!L58) | T56: =IF(input_data!N92="","",input_data!N92) | U56: =IF(input_data!L92="","",input_data!L92) | V56: =IF(input_data!N126="","",input_data!N126) | W56: =IF(input_data!L126="","",input_data!L126) | X56: =IF(input_data!N159="","",input_data!N159) | Y56: =IF(input_data!L159="","",input_data!L159) | Z56: =IF(input_data!N192="","",input_data!N192) | AA56: =IF(input_data!L192="","",input_data!L192) | AC56: =IF(input_data!N23="","",input_data!N23) | AD56: =IF(input_data!M23="","",input_data!M23) | AE56: =IF(input_data!N58="","",input_data!N58) | AF56: =IF(input_data!M58="","",input_data!M58) | AG56: =IF(input_data!N92="","",input_data!N92) | AH56: =IF(input_data!M92="","",input_data!M92) | AI56: =IF(input_data!N126="","",input_data!N126) | AJ56: =IF(input_data!M126="","",input_data!M126) | AK56: =IF(input_data!N159="","",input_data!N159) | AL56: =IF(input_data!M159="","",input_data!M159) | AM56: =IF(input_data!N192="","",input_data!N192) | AN56: =IF(input_data!M192="","",input_data!M192) | AP56: =IF(input_data!J23="","",input_data!J23) | AQ56: =IF(input_data!J58="","",input_data!J58) | AR56: =IF(input_data!J92="","",input_data!J92) | AS56: =IF(input_data!J126="","",input_data!J126) | AT56: =IF(input_data!J159="","",input_data!J159) | AU56: =IF(input_data!J192="","",input_data!J192) | AW56: =IF(input_data!K23="","",input_data!K23) | AX56: =IF(input_data!L23="","",input_data!L23) | AY56: =IFERROR(IF(OR(AW56="",AX56=""),"",AX56/AW56),"") | AZ56: =IF(input_data!K58="","",input_data!K58) | BA56: =IF(input_data!L58="","",input_data!L58) | BB56: =IFERROR(IF(OR(AZ56="",BA56=""),"",BA56/AZ56),"") | BC56: =IF(input_data!K92="","",input_data!K92) | BD56: =IF(input_data!L92="","",input_data!L92) | BE56: =IFERROR(IF(OR(BC56="",BD56=""),"",BD56/BC56),"") | BF56: =IF(input_data!K126="","",input_data!K126) | BG56: =IF(input_data!L126="","",input_data!L126) | BH56: =IFERROR(IF(OR(BF56="",BG56=""),"",BG56/BF56),"") | BI56: =IF(input_data!K159="","",input_data!K159) | BJ56: =IF(input_data!L159="","",input_data!L159) | BK56: =IFERROR(IF(OR(BI56="",BJ56=""),"",BJ56/BI56),"") | BL56: =IF(input_data!K192="","",input_data!K192) | BM56: =IF(input_data!L192="","",input_data!L192) | BN56: =IFERROR(IF(OR(BL56="",BM56=""),"",BM56/BL56),"") | BP56: =AY56 | BQ56: =BB56 | BR56: =BE56 | BS56: =BH56 | BT56: =BK56 | BU56: =BN56 | BV56: ----------
A58: 21 | B58: 0.5 | C58: =IF(input_data!N24="","",input_data!N24) | D58: =IF(input_data!K24="","",input_data!K24) | E58: =IF(input_data!N59="","",input_data!N59) | F58: =IF(input_data!K59="","",input_data!K59) | G58: =IF(input_data!N93="","",input_data!N93) | H58: =IF(input_data!K93="","",input_data!K93) | I58: =IF(input_data!N127="","",input_data!N127) | J58: =IF(input_data!K127="","",input_data!K127) | K58: =IF(input_data!N160="","",input_data!N160) | L58: =IF(input_data!K160="","",input_data!K160) | M58: =IF(input_data!N193="","",input_data!N193) | N58: =IF(input_data!K193="","",input_data!K193) | P58: =IF(input_data!N24="","",input_data!N24) | Q58: =IF(input_data!L24="","",input_data!L24) | R58: =IF(input_data!N59="","",input_data!N59) | S58: =IF(input_data!L59="","",input_data!L59) | T58: =IF(input_data!N93="","",input_data!N93) | U58: =IF(input_data!L93="","",input_data!L93) | V58: =IF(input_data!N127="","",input_data!N127) | W58: =IF(input_data!L127="","",input_data!L127) | X58: =IF(input_data!N160="","",input_data!N160) | Y58: =IF(input_data!L160="","",input_data!L160) | Z58: =IF(input_data!N193="","",input_data!N193) | AA58: =IF(input_data!L193="","",input_data!L193) | AC58: =IF(input_data!N24="","",input_data!N24) | AD58: =IF(input_data!M24="","",input_data!M24) | AE58: =IF(input_data!N59="","",input_data!N59) | AF58: =IF(input_data!M59="","",input_data!M59) | AG58: =IF(input_data!N93="","",input_data!N93) | AH58: =IF(input_data!M93="","",input_data!M93) | AI58: =IF(input_data!N127="","",input_data!N127) | AJ58: =IF(input_data!M127="","",input_data!M127) | AK58: =IF(input_data!N160="","",input_data!N160) | AL58: =IF(input_data!M160="","",input_data!M160) | AM58: =IF(input_data!N193="","",input_data!N193) | AN58: =IF(input_data!M193="","",input_data!M193) | AP58: =IF(input_data!J24="","",input_data!J24) | AQ58: =IF(input_data!J59="","",input_data!J59) | AR58: =IF(input_data!J93="","",input_data!J93) | AS58: =IF(input_data!J127="","",input_data!J127) | AT58: =IF(input_data!J160="","",input_data!J160) | AU58: =IF(input_data!J193="","",input_data!J193) | AW58: =IF(input_data!K24="","",input_data!K24) | AX58: =IF(input_data!L24="","",input_data!L24) | AY58: =IFERROR(IF(OR(AW58="",AX58=""),"",AX58/AW58),"") | AZ58: =IF(input_data!K59="","",input_data!K59) | BA58: =IF(input_data!L59="","",input_data!L59) | BB58: =IFERROR(IF(OR(AZ58="",BA58=""),"",BA58/AZ58),"") | BC58: =IF(input_data!K93="","",input_data!K93) | BD58: =IF(input_data!L93="","",input_data!L93) | BE58: =IFERROR(IF(OR(BC58="",BD58=""),"",BD58/BC58),"") | BF58: =IF(input_data!K127="","",input_data!K127) | BG58: =IF(input_data!L127="","",input_data!L127) | BH58: =IFERROR(IF(OR(BF58="",BG58=""),"",BG58/BF58),"") | BI58: =IF(input_data!K160="","",input_data!K160) | BJ58: =IF(input_data!L160="","",input_data!L160) | BK58: =IFERROR(IF(OR(BI58="",BJ58=""),"",BJ58/BI58),"") | BL58: =IF(input_data!K193="","",input_data!K193) | BM58: =IF(input_data!L193="","",input_data!L193) | BN58: =IFERROR(IF(OR(BL58="",BM58=""),"",BM58/BL58),"") | BP58: =AY58 | BQ58: =BB58 | BR58: =BE58 | BS58: =BH58 | BT58: =BK58 | BU58: =BN58 | BV58: ----------
A59: 22 | B59: 0.5 | C59: =IF(input_data!N25="","",input_data!N25) | D59: =IF(input_data!K25="","",input_data!K25) | E59: =IF(input_data!N60="","",input_data!N60) | F59: =IF(input_data!K60="","",input_data!K60) | G59: =IF(input_data!N94="","",input_data!N94) | H59: =IF(input_data!K94="","",input_data!K94) | I59: =IF(input_data!N128="","",input_data!N128) | J59: =IF(input_data!K128="","",input_data!K128) | K59: =IF(input_data!N161="","",input_data!N161) | L59: =IF(input_data!K161="","",input_data!K161) | M59: =IF(input_data!N194="","",input_data!N194) | N59: =IF(input_data!K194="","",input_data!K194) | P59: =IF(input_data!N25="","",input_data!N25) | Q59: =IF(input_data!L25="","",input_data!L25) | R59: =IF(input_data!N60="","",input_data!N60) | S59: =IF(input_data!L60="","",input_data!L60) | T59: =IF(input_data!N94="","",input_data!N94) | U59: =IF(input_data!L94="","",input_data!L94) | V59: =IF(input_data!N128="","",input_data!N128) | W59: =IF(input_data!L128="","",input_data!L128) | X59: =IF(input_data!N161="","",input_data!N161) | Y59: =IF(input_data!L161="","",input_data!L161) | Z59: =IF(input_data!N194="","",input_data!N194) | AA59: =IF(input_data!L194="","",input_data!L194) | AC59: =IF(input_data!N25="","",input_data!N25) | AD59: =IF(input_data!M25="","",input_data!M25) | AE59: =IF(input_data!N60="","",input_data!N60) | AF59: =IF(input_data!M60="","",input_data!M60) | AG59: =IF(input_data!N94="","",input_data!N94) | AH59: =IF(input_data!M94="","",input_data!M94) | AI59: =IF(input_data!N128="","",input_data!N128) | AJ59: =IF(input_data!M128="","",input_data!M128) | AK59: =IF(input_data!N161="","",input_data!N161) | AL59: =IF(input_data!M161="","",input_data!M161) | AM59: =IF(input_data!N194="","",input_data!N194) | AN59: =IF(input_data!M194="","",input_data!M194) | AP59: =IF(input_data!J25="","",input_data!J25) | AQ59: =IF(input_data!J60="","",input_data!J60) | AR59: =IF(input_data!J94="","",input_data!J94) | AS59: =IF(input_data!J128="","",input_data!J128) | AT59: =IF(input_data!J161="","",input_data!J161) | AU59: =IF(input_data!J194="","",input_data!J194) | AW59: =IF(input_data!K25="","",input_data!K25) | AX59: =IF(input_data!L25="","",input_data!L25) | AY59: =IFERROR(IF(OR(AW59="",AX59=""),"",AX59/AW59),"") | AZ59: =IF(input_data!K60="","",input_data!K60) | BA59: =IF(input_data!L60="","",input_data!L60) | BB59: =IFERROR(IF(OR(AZ59="",BA59=""),"",BA59/AZ59),"") | BC59: =IF(input_data!K94="","",input_data!K94) | BD59: =IF(input_data!L94="","",input_data!L94) | BE59: =IFERROR(IF(OR(BC59="",BD59=""),"",BD59/BC59),"") | BF59: =IF(input_data!K128="","",input_data!K128) | BG59: =IF(input_data!L128="","",input_data!L128) | BH59: =IFERROR(IF(OR(BF59="",BG59=""),"",BG59/BF59),"") | BI59: =IF(input_data!K161="","",input_data!K161) | BJ59: =IF(input_data!L161="","",input_data!L161) | BK59: =IFERROR(IF(OR(BI59="",BJ59=""),"",BJ59/BI59),"") | BL59: =IF(input_data!K194="","",input_data!K194) | BM59: =IF(input_data!L194="","",input_data!L194) | BN59: =IFERROR(IF(OR(BL59="",BM59=""),"",BM59/BL59),"") | BP59: =AY59 | BQ59: =BB59 | BR59: =BE59 | BS59: =BH59 | BT59: =BK59 | BU59: =BN59 | BV59: ----------
A60: 23 | B60: 0.5 | C60: =IF(input_data!N26="","",input_data!N26) | D60: =IF(input_data!K26="","",input_data!K26) | E60: =IF(input_data!N61="","",input_data!N61) | F60: =IF(input_data!K61="","",input_data!K61) | G60: =IF(input_data!N95="","",input_data!N95) | H60: =IF(input_data!K95="","",input_data!K95) | I60: =IF(input_data!N129="","",input_data!N129) | J60: =IF(input_data!K129="","",input_data!K129) | K60: =IF(input_data!N162="","",input_data!N162) | L60: =IF(input_data!K162="","",input_data!K162) | M60: =IF(input_data!N195="","",input_data!N195) | N60: =IF(input_data!K195="","",input_data!K195) | P60: =IF(input_data!N26="","",input_data!N26) | Q60: =IF(input_data!L26="","",input_data!L26) | R60: =IF(input_data!N61="","",input_data!N61) | S60: =IF(input_data!L61="","",input_data!L61) | T60: =IF(input_data!N95="","",input_data!N95) | U60: =IF(input_data!L95="","",input_data!L95) | V60: =IF(input_data!N129="","",input_data!N129) | W60: =IF(input_data!L129="","",input_data!L129) | X60: =IF(input_data!N162="","",input_data!N162) | Y60: =IF(input_data!L162="","",input_data!L162) | Z60: =IF(input_data!N195="","",input_data!N195) | AA60: =IF(input_data!L195="","",input_data!L195) | AC60: =IF(input_data!N26="","",input_data!N26) | AD60: =IF(input_data!M26="","",input_data!M26) | AE60: =IF(input_data!N61="","",input_data!N61) | AF60: =IF(input_data!M61="","",input_data!M61) | AG60: =IF(input_data!N95="","",input_data!N95) | AH60: =IF(input_data!M95="","",input_data!M95) | AI60: =IF(input_data!N129="","",input_data!N129) | AJ60: =IF(input_data!M129="","",input_data!M129) | AK60: =IF(input_data!N162="","",input_data!N162) | AL60: =IF(input_data!M162="","",input_data!M162) | AM60: =IF(input_data!N195="","",input_data!N195) | AN60: =IF(input_data!M195="","",input_data!M195) | AP60: =IF(input_data!J26="","",input_data!J26) | AQ60: =IF(input_data!J61="","",input_data!J61) | AR60: =IF(input_data!J95="","",input_data!J95) | AS60: =IF(input_data!J129="","",input_data!J129) | AT60: =IF(input_data!J162="","",input_data!J162) | AU60: =IF(input_data!J195="","",input_data!J195) | AW60: =IF(input_data!K26="","",input_data!K26) | AX60: =IF(input_data!L26="","",input_data!L26) | AY60: =IFERROR(IF(OR(AW60="",AX60=""),"",AX60/AW60),"") | AZ60: =IF(input_data!K61="","",input_data!K61) | BA60: =IF(input_data!L61="","",input_data!L61) | BB60: =IFERROR(IF(OR(AZ60="",BA60=""),"",BA60/AZ60),"") | BC60: =IF(input_data!K95="","",input_data!K95) | BD60: =IF(input_data!L95="","",input_data!L95) | BE60: =IFERROR(IF(OR(BC60="",BD60=""),"",BD60/BC60),"") | BF60: =IF(input_data!K129="","",input_data!K129) | BG60: =IF(input_data!L129="","",input_data!L129) | BH60: =IFERROR(IF(OR(BF60="",BG60=""),"",BG60/BF60),"") | BI60: =IF(input_data!K162="","",input_data!K162) | BJ60: =IF(input_data!L162="","",input_data!L162) | BK60: =IFERROR(IF(OR(BI60="",BJ60=""),"",BJ60/BI60),"") | BL60: =IF(input_data!K195="","",input_data!K195) | BM60: =IF(input_data!L195="","",input_data!L195) | BN60: =IFERROR(IF(OR(BL60="",BM60=""),"",BM60/BL60),"") | BP60: =AY60 | BQ60: =BB60 | BR60: =BE60 | BS60: =BH60 | BT60: =BK60 | BU60: =BN60 | BV60: ----------
